geometry,f_hz,l_em_h,l_analytic_h,l_fitted_h,q_em,q_analytic,q_fitted,re_z_em,re_z_analytic,re_z_fitted,im_z_em,im_z_analytic,im_z_fitted
p1,100000000,9.88074e-11,1.03769e-10,9.81163e-11,0.197421,0.258669,0.195246,0.314467,0.252059,0.315746,0.0620825,0.0652,0.0616483
p1,150000000,9.88031e-11,1.03769e-10,9.81138e-11,0.295988,0.387972,0.292754,0.314606,0.25208,0.315862,0.0931197,0.0977999,0.0924701
p1,200000000,9.87971e-11,1.03769e-10,9.81103e-11,0.394391,0.517236,0.390125,0.314795,0.252108,0.316024,0.124152,0.1304,0.123289
p1,250000000,9.87894e-11,1.03768e-10,9.81059e-11,0.492564,0.646449,0.487313,0.315041,0.252145,0.316233,0.155178,0.162999,0.154104
p1,300000000,9.878e-11,1.03768e-10,9.81004e-11,0.590462,0.775598,0.584272,0.315339,0.25219,0.316488,0.186196,0.195598,0.184915
p1,350000000,9.87689e-11,1.03768e-10,9.8094e-11,0.688026,0.904671,0.68096,0.315692,0.252244,0.316788,0.217204,0.228197,0.21572
p1,400000000,9.87561e-11,1.03767e-10,9.80866e-11,0.785202,1.03365,0.777331,0.316099,0.252305,0.317134,0.248201,0.260796,0.246519
p1,450000000,9.87417e-11,1.03767e-10,9.80782e-11,0.881947,1.16253,0.873344,0.316556,0.252375,0.317526,0.279186,0.293394,0.27731
p1,500000000,9.87257e-11,1.03766e-10,9.80689e-11,0.978201,1.2913,0.968956,0.317068,0.252452,0.317964,0.310156,0.325992,0.308093
p1,550000000,9.8708e-11,1.03766e-10,9.80586e-11,1.07392,1.41994,1.06413,0.317632,0.252538,0.318446,0.34111,0.358589,0.338866
p1,600000000,9.86888e-11,1.03765e-10,9.80474e-11,1.16906,1.54844,1.15881,0.318244,0.252633,0.318973,0.372048,0.391186,0.36963
p1,650000000,9.86679e-11,1.03765e-10,9.80352e-11,1.26358,1.67678,1.25298,0.318909,0.252735,0.319545,0.402967,0.423782,0.400382
p1,700000000,9.86456e-11,1.03764e-10,9.8022e-11,1.35742,1.80497,1.34658,0.319626,0.252846,0.320161,0.433866,0.456378,0.431123
p1,750000000,9.86217e-11,1.03763e-10,9.80079e-11,1.45056,1.93297,1.4396,0.320389,0.252964,0.32082,0.464744,0.488972,0.461851
p1,800000000,9.85963e-11,1.03762e-10,9.79929e-11,1.54295,2.06079,1.53198,0.321202,0.253091,0.321523,0.495599,0.521566,0.492566
p1,850000000,9.85694e-11,1.03761e-10,9.7977e-11,1.63456,2.1884,1.62369,0.322062,0.253226,0.32227,0.52643,0.55416,0.523266
p1,900000000,9.85411e-11,1.03761e-10,9.79602e-11,1.72536,2.3158,1.71471,0.322969,0.253369,0.323059,0.557237,0.586752,0.553952
p1,950000000,9.85114e-11,1.0376e-10,9.79424e-11,1.8153,2.44297,1.805,0.323924,0.253521,0.32389,0.588017,0.619343,0.584621
p1,1000000000,9.84803e-11,1.03758e-10,9.79238e-11,1.90436,2.56991,1.89453,0.324923,0.25368,0.324763,0.61877,0.651934,0.615274
p1,1050000000,9.84479e-11,1.03757e-10,9.79043e-11,1.99253,2.69659,1.98328,0.325965,0.253847,0.325677,0.649495,0.684523,0.645909
p1,1100000000,9.84142e-11,1.03756e-10,9.7884e-11,2.07977,2.82302,2.07122,0.32705,0.254023,0.326632,0.68019,0.717111,0.676526
p1,1150000000,9.83792e-11,1.03755e-10,9.78628e-11,2.16606,2.94917,2.15832,0.328179,0.254207,0.327627,0.710855,0.749699,0.707123
p1,1200000000,9.8343e-11,1.03754e-10,9.78407e-11,2.25139,3.07504,2.24456,0.329347,0.254399,0.328662,0.741489,0.782285,0.737702
p1,1250000000,9.83056e-11,1.03752e-10,9.78179e-11,2.33572,3.20061,2.32992,0.330558,0.254598,0.329736,0.77209,0.814869,0.76826
p1,1300000000,9.82671e-11,1.03751e-10,9.77942e-11,2.41906,3.32587,2.41438,0.331806,0.254806,0.330849,0.802659,0.847453,0.798796
p1,1350000000,9.82274e-11,1.0375e-10,9.77697e-11,2.50137,3.45082,2.49793,0.333095,0.255022,0.332,0.833194,0.880035,0.829312
p1,1400000000,9.81867e-11,1.03748e-10,9.77444e-11,2.58269,3.57543,2.58054,0.334417,0.255246,0.333188,0.863695,0.912616,0.859805
p1,1450000000,9.81449e-11,1.03747e-10,9.77183e-11,2.66294,3.69971,2.6622,0.335779,0.255478,0.334413,0.894161,0.945195,0.890275
p1,1500000000,9.81021e-11,1.03745e-10,9.76915e-11,2.74218,3.82363,2.7429,0.337173,0.255718,0.335675,0.924591,0.977773,0.920721
p1,1550000000,9.80584e-11,1.03743e-10,9.7664e-11,2.82036,3.9472,2.82262,0.338603,0.255966,0.336971,0.954985,1.01035,0.951143
p1,1600000000,9.80138e-11,1.03742e-10,9.76357e-11,2.89752,4.07039,2.90137,0.340064,0.256222,0.338303,0.985342,1.04292,0.981541
p1,1650000000,9.79683e-11,1.0374e-10,9.76067e-11,2.97361,4.1932,2.97912,0.341559,0.256486,0.339669,1.01566,1.0755,1.01191
p1,1700000000,9.7922e-11,1.03738e-10,9.7577e-11,3.04868,4.31562,3.05587,0.343082,0.256757,0.341068,1.04595,1.10807,1.04226
p1,1750000000,9.78749e-11,1.03736e-10,9.75466e-11,3.12269,4.43764,3.13162,0.344636,0.257037,0.342501,1.07619,1.14064,1.07258
p1,1800000000,9.78271e-11,1.03734e-10,9.75156e-11,3.19568,4.55925,3.20636,0.346217,0.257324,0.343965,1.1064,1.1732,1.10288
p1,1850000000,9.77785e-11,1.03732e-10,9.74839e-11,3.26762,4.68044,3.28009,0.347827,0.257619,0.345461,1.13657,1.20577,1.13314
p1,1900000000,9.77293e-11,1.0373e-10,9.74516e-11,3.33857,4.80119,3.3528,0.34946,0.257922,0.346988,1.1667,1.23833,1.16338
p1,1950000000,9.76795e-11,1.03728e-10,9.74186e-11,3.4085,4.92151,3.42451,0.35112,0.258233,0.348545,1.19679,1.2709,1.19359
p1,2000000000,9.76291e-11,1.03726e-10,9.73851e-11,3.47742,5.04138,3.4952,0.352803,0.258552,0.350131,1.22684,1.30346,1.22378
p1,2050000000,9.75782e-11,1.03724e-10,9.73509e-11,3.54533,5.16079,3.56488,0.354511,0.258878,0.351746,1.25686,1.33601,1.25393
p1,2100000000,9.75267e-11,1.03721e-10,9.73162e-11,3.61226,5.27973,3.63356,0.35624,0.259212,0.353388,1.28683,1.36857,1.28406
p1,2150000000,9.74748e-11,1.03719e-10,9.7281e-11,3.67826,5.3982,3.70124,0.357987,0.259554,0.355058,1.31677,1.40112,1.31415
p1,2200000000,9.74224e-11,1.03717e-10,9.72452e-11,3.74329,5.51619,3.76792,0.359756,0.259903,0.356754,1.34667,1.43368,1.34422
p1,2250000000,9.73697e-11,1.03714e-10,9.72089e-11,3.80736,5.63369,3.83361,0.361545,0.26026,0.358476,1.37653,1.46623,1.37426
p1,2300000000,9.73166e-11,1.03712e-10,9.71721e-11,3.8705,5.75069,3.89832,0.363352,0.260625,0.360223,1.40635,1.49877,1.40427
p1,2350000000,9.72632e-11,1.03709e-10,9.71348e-11,3.93274,5.86718,3.96206,0.365175,0.260997,0.361994,1.43614,1.53132,1.43424
p1,2400000000,9.72095e-11,1.03707e-10,9.70971e-11,3.99411,5.98316,4.02483,0.367011,0.261377,0.363789,1.46589,1.56386,1.46419
p1,2450000000,9.71556e-11,1.03704e-10,9.70589e-11,4.05459,6.09862,4.08665,0.368865,0.261764,0.365607,1.49559,1.5964,1.49411
p1,2500000000,9.71015e-11,1.03701e-10,9.70203e-11,4.11418,6.21355,4.14752,0.370734,0.262159,0.367446,1.52527,1.62894,1.52399
p1,2550000000,9.70471e-11,1.03699e-10,9.69812e-11,4.17293,6.32794,4.20746,0.372616,0.262561,0.369307,1.5549,1.66147,1.55384
p1,2600000000,9.69927e-11,1.03696e-10,9.69418e-11,4.23087,6.4418,4.26648,0.374509,0.262971,0.371189,1.5845,1.694,1.58367
p1,2650000000,9.69381e-11,1.03693e-10,9.69019e-11,4.28799,6.5551,4.32459,0.376414,0.263388,0.37309,1.61406,1.72653,1.61346
p1,2700000000,9.68834e-11,1.0369e-10,9.68617e-11,4.34431,6.66786,4.3818,0.378331,0.263812,0.375011,1.64359,1.75906,1.64322
p1,2750000000,9.68286e-11,1.03687e-10,9.68212e-11,4.39984,6.78005,4.43813,0.380259,0.264244,0.37695,1.67308,1.79159,1.67295
p1,2800000000,9.67739e-11,1.03684e-10,9.67803e-11,4.45463,6.89167,4.49358,0.382195,0.264683,0.378907,1.70253,1.82411,1.70265
p1,2850000000,9.67191e-11,1.03681e-10,9.67391e-11,4.50865,7.00273,4.54818,0.38414,0.265129,0.380881,1.73196,1.85663,1.73232
p1,2900000000,9.66643e-11,1.03678e-10,9.66976e-11,4.56198,7.1132,4.60194,0.386092,0.265583,0.382871,1.76134,1.88914,1.76195
p1,2950000000,9.66096e-11,1.03675e-10,9.66558e-11,4.61456,7.22309,4.65487,0.388054,0.266044,0.384877,1.7907,1.92166,1.79155
p1,3000000000,9.6555e-11,1.03672e-10,9.66138e-11,4.66648,7.3324,4.70699,0.39002,0.266511,0.386898,1.82002,1.95417,1.82113
p1,3050000000,9.65004e-11,1.03669e-10,9.65715e-11,4.71771,7.44111,4.75831,0.391992,0.266987,0.388934,1.84931,1.98668,1.85067
p1,3100000000,9.6446e-11,1.03665e-10,9.65289e-11,4.76824,7.54923,4.80885,0.393974,0.267469,0.390983,1.87856,2.01918,1.88018
p1,3150000000,9.63917e-11,1.03662e-10,9.64861e-11,4.81817,7.65674,4.85862,0.395957,0.267958,0.393045,1.90779,2.05168,1.90966
p1,3200000000,9.63376e-11,1.03659e-10,9.64432e-11,4.86746,7.76364,4.90764,0.397945,0.268454,0.39512,1.93698,2.08418,1.9391
p1,3250000000,9.62836e-11,1.03655e-10,9.64e-11,4.91611,7.86994,4.95591,0.399939,0.268957,0.397207,1.96615,2.11668,1.96852
p1,3300000000,9.62298e-11,1.03652e-10,9.63566e-11,4.96418,7.97562,5.00347,0.401935,0.269467,0.399304,1.99528,2.14917,1.99791
p1,3350000000,9.61763e-11,1.03648e-10,9.63131e-11,5.01169,8.08069,5.05032,0.403933,0.269984,0.401413,2.02438,2.18166,2.02726
p1,3400000000,9.6123e-11,1.03645e-10,9.62694e-11,5.05857,8.18513,5.09648,0.405937,0.270508,0.403531,2.05346,2.21415,2.05659
p1,3450000000,9.60699e-11,1.03641e-10,9.62256e-11,5.10494,8.28895,5.14196,0.407939,0.271039,0.405658,2.08251,2.24663,2.08588
p1,3500000000,9.60171e-11,1.03638e-10,9.61816e-11,5.15072,8.39214,5.18679,0.409948,0.271577,0.407795,2.11153,2.27911,2.11514
p1,3550000000,9.59645e-11,1.03634e-10,9.61376e-11,5.19601,8.4947,5.23096,0.411954,0.272121,0.409939,2.14052,2.31159,2.14438
p1,3600000000,9.59123e-11,1.0363e-10,9.60934e-11,5.2408,8.59663,5.27451,0.413961,0.272672,0.412092,2.16948,2.34406,2.17358
p1,3650000000,9.58603e-11,1.03626e-10,9.60491e-11,5.28503,8.69792,5.31744,0.415972,0.27323,0.414251,2.19842,2.37653,2.20275
p1,3700000000,9.58087e-11,1.03623e-10,9.60048e-11,5.32878,8.79857,5.35977,0.417983,0.273794,0.416417,2.22734,2.409,2.2319
p1,3750000000,9.57574e-11,1.03619e-10,9.59604e-11,5.37203,8.89858,5.40151,0.419996,0.274365,0.418589,2.25623,2.44146,2.26101
p1,3800000000,9.57064e-11,1.03615e-10,9.5916e-11,5.41487,8.99795,5.44268,0.422004,0.274943,0.420767,2.2851,2.47392,2.2901
p1,3850000000,9.56557e-11,1.03611e-10,9.58715e-11,5.4572,9.09667,5.4833,0.424015,0.275527,0.422949,2.31394,2.50638,2.31916
p1,3900000000,9.56054e-11,1.03607e-10,9.5827e-11,5.49912,9.19475,5.52337,0.426024,0.276117,0.425136,2.34276,2.53883,2.34818
p1,3950000000,9.55555e-11,1.03603e-10,9.57824e-11,5.54057,9.29218,5.56291,0.428034,0.276714,0.427327,2.37155,2.57128,2.37718
p1,4000000000,9.55059e-11,1.03599e-10,9.57379e-11,5.5816,9.38897,5.60194,0.430043,0.277317,0.429522,2.40032,2.60372,2.40616
p1,4050000000,9.54566e-11,1.03595e-10,9.56934e-11,5.62222,9.4851,5.64046,0.432049,0.277927,0.43172,2.42908,2.63617,2.4351
p1,4100000000,9.54078e-11,1.03591e-10,9.56488e-11,5.66242,9.58058,5.6785,0.434056,0.278543,0.43392,2.45781,2.66861,2.46402
p1,4150000000,9.53593e-11,1.03586e-10,9.56043e-11,5.70218,9.67541,5.71606,0.436064,0.279165,0.436123,2.48652,2.70104,2.4929
p1,4200000000,9.53112e-11,1.03582e-10,9.55599e-11,5.74162,9.76959,5.75315,0.438066,0.279794,0.438328,2.5152,2.73347,2.52177
p1,4250000000,9.52635e-11,1.03578e-10,9.55155e-11,5.78065,9.86311,5.7898,0.440067,0.280429,0.440533,2.54387,2.7659,2.5506
p1,4300000000,9.52162e-11,1.03574e-10,9.54711e-11,5.81929,9.95598,5.82601,0.442069,0.281069,0.44274,2.57252,2.79832,2.57941
p1,4350000000,9.51693e-11,1.03569e-10,9.54268e-11,5.85755,10.0482,5.86179,0.444068,0.281716,0.444948,2.60115,2.83074,2.60819
p1,4400000000,9.51228e-11,1.03565e-10,9.53825e-11,5.89549,10.1398,5.89716,0.446064,0.282369,0.447156,2.62977,2.86316,2.63695
p1,4450000000,9.50767e-11,1.03561e-10,9.53384e-11,5.93306,10.2307,5.93213,0.448059,0.283028,0.449363,2.65836,2.89557,2.66568
p1,4500000000,9.5031e-11,1.03556e-10,9.52943e-11,5.97027,10.3209,5.9667,0.450053,0.283693,0.45157,2.68694,2.92798,2.69438
p1,4550000000,9.49856e-11,1.03552e-10,9.52503e-11,6.00717,10.4105,6.00089,0.452043,0.284364,0.453776,2.7155,2.96039,2.72306
p1,4600000000,9.49407e-11,1.03547e-10,9.52065e-11,6.04371,10.4995,6.03472,0.454032,0.285041,0.455981,2.74404,2.99279,2.75172
p1,4650000000,9.48962e-11,1.03543e-10,9.51627e-11,6.07997,10.5878,6.06819,0.456016,0.285723,0.458185,2.77256,3.02518,2.78035
p1,4700000000,9.48521e-11,1.03538e-10,9.51191e-11,6.11583,10.6755,6.10131,0.458004,0.286412,0.460386,2.80107,3.05758,2.80896
p1,4750000000,9.48083e-11,1.03533e-10,9.50755e-11,6.15145,10.7625,6.13409,0.459983,0.287106,0.462586,2.82957,3.08997,2.83754
p1,4800000000,9.4765e-11,1.03529e-10,9.50321e-11,6.18671,10.8488,6.16654,0.461965,0.287806,0.464783,2.85805,3.12235,2.8661
p1,4850000000,9.47221e-11,1.03524e-10,9.49889e-11,6.22172,10.9345,6.19867,0.46394,0.288511,0.466977,2.88651,3.15473,2.89464
p1,4900000000,9.46795e-11,1.03519e-10,9.49458e-11,6.2564,11.0196,6.2305,0.465916,0.289222,0.469168,2.91496,3.18711,2.92315
p1,4950000000,9.46374e-11,1.03515e-10,9.49028e-11,6.29079,11.104,6.26202,0.467889,0.289939,0.471356,2.94339,3.21948,2.95164
p1,5000000000,9.45956e-11,1.0351e-10,9.486e-11,6.32491,11.1878,6.29326,0.469858,0.290661,0.473541,2.97181,3.25185,2.98011
p1,5050000000,9.45543e-11,1.03505e-10,9.48173e-11,6.35874,11.2709,6.32421,0.471825,0.291388,0.475722,3.00021,3.28422,3.00856
p1,5100000000,9.45133e-11,1.035e-10,9.47749e-11,6.39226,11.3534,6.35488,0.473793,0.292121,0.477898,3.02861,3.31658,3.03699
p1,5150000000,9.44727e-11,1.03495e-10,9.47325e-11,6.42552,11.4353,6.3853,0.475757,0.29286,0.480071,3.05699,3.34894,3.06539
p1,5200000000,9.44325e-11,1.0349e-10,9.46904e-11,6.45853,11.5165,6.41545,0.477717,0.293603,0.482239,3.08535,3.38129,3.09378
p1,5250000000,9.43926e-11,1.03485e-10,9.46485e-11,6.49124,11.5971,6.44535,0.479678,0.294352,0.484402,3.1137,3.41364,3.12214
p1,5300000000,9.43532e-11,1.0348e-10,9.46067e-11,6.52373,11.6771,6.47501,0.481633,0.295107,0.486561,3.14204,3.44598,3.15049
p1,5350000000,9.4314e-11,1.03475e-10,9.45651e-11,6.55594,11.7564,6.50443,0.483587,0.295866,0.488714,3.17037,3.47832,3.17881
p1,5400000000,9.42753e-11,1.0347e-10,9.45237e-11,6.58792,11.8351,6.53363,0.485538,0.29663,0.490862,3.19869,3.51066,3.20711
p1,5450000000,9.42369e-11,1.03465e-10,9.44825e-11,6.61962,11.9132,6.56261,0.487489,0.2974,0.493005,3.22699,3.54299,3.2354
p1,5500000000,9.41989e-11,1.0346e-10,9.44415e-11,6.65108,11.9907,6.59137,0.489437,0.298175,0.495143,3.25528,3.57532,3.26367
p1,5550000000,9.41612e-11,1.03455e-10,9.44008e-11,6.6823,12.0675,6.61992,0.491382,0.298954,0.497274,3.28356,3.60764,3.29191
p1,5600000000,9.41239e-11,1.0345e-10,9.43602e-11,6.71328,12.1438,6.64827,0.493325,0.299739,0.4994,3.31183,3.63996,3.32014
p1,5650000000,9.4087e-11,1.03445e-10,9.43198e-11,6.74401,12.2194,6.67642,0.495267,0.300528,0.501519,3.34009,3.67228,3.34835
p1,5700000000,9.40503e-11,1.03439e-10,9.42797e-11,6.77455,12.2944,6.70439,0.497204,0.301323,0.503632,3.36833,3.70459,3.37655
p1,5750000000,9.4014e-11,1.03434e-10,9.42397e-11,6.80484,12.3688,6.73217,0.49914,0.302122,0.50574,3.39657,3.7369,3.40472
p1,5800000000,9.39781e-11,1.03429e-10,9.42e-11,6.83488,12.4427,6.75977,0.501076,0.302926,0.50784,3.42479,3.7692,3.43288
p1,5850000000,9.39424e-11,1.03423e-10,9.41605e-11,6.86476,12.5159,6.7872,0.503005,0.303734,0.509934,3.45301,3.8015,3.46102
p1,5900000000,9.39071e-11,1.03418e-10,9.41213e-11,6.89437,12.5885,6.81446,0.504935,0.304548,0.512022,3.48121,3.83379,3.48915
p1,5950000000,9.38721e-11,1.03413e-10,9.40822e-11,6.92377,12.6605,6.84156,0.506863,0.305366,0.514102,3.5094,3.86608,3.51726
p1,6000000000,9.38374e-11,1.03407e-10,9.40434e-11,6.95296,12.7319,6.8685,0.508789,0.306188,0.516176,3.53759,3.89837,3.54535
p1,6050000000,9.38031e-11,1.03402e-10,9.40048e-11,6.98195,12.8028,6.89529,0.510711,0.307015,0.518243,3.56576,3.93065,3.57343
p1,6100000000,9.3769e-11,1.03397e-10,9.39665e-11,7.01072,12.8731,6.92193,0.512633,0.307847,0.520302,3.59392,3.96293,3.60149
p1,6150000000,9.37352e-11,1.03391e-10,9.39284e-11,7.0393,12.9427,6.94842,0.514551,0.308683,0.522355,3.62208,3.9952,3.62954
p1,6200000000,9.37017e-11,1.03386e-10,9.38905e-11,7.06763,13.0119,6.97478,0.51647,0.309523,0.5244,3.65022,4.02747,3.65758
p1,6250000000,9.36686e-11,1.0338e-10,9.38529e-11,7.09583,13.0804,7.001,0.518383,0.310367,0.526439,3.67836,4.05973,3.68559
p1,6300000000,9.36357e-11,1.03375e-10,9.38155e-11,7.12379,13.1484,7.02708,0.520296,0.311216,0.528469,3.70648,4.09199,3.7136
p1,6350000000,9.36031e-11,1.03369e-10,9.37783e-11,7.15156,13.2158,7.05305,0.522207,0.31207,0.530493,3.7346,4.12424,3.74159
p1,6400000000,9.35707e-11,1.03364e-10,9.37414e-11,7.17914,13.2826,7.07888,0.524116,0.312927,0.532509,3.7627,4.1565,3.76957
p1,6450000000,9.35386e-11,1.03358e-10,9.37047e-11,7.20658,13.3489,7.1046,0.526019,0.313788,0.534517,3.7908,4.18874,3.79753
p1,6500000000,9.35068e-11,1.03352e-10,9.36683e-11,7.23381,13.4147,7.1302,0.527922,0.314654,0.536518,3.81889,4.22098,3.82548
p1,6550000000,9.34753e-11,1.03347e-10,9.36321e-11,7.26086,13.4799,7.15569,0.529822,0.315524,0.538511,3.84696,4.25322,3.85342
p1,6600000000,9.34441e-11,1.03341e-10,9.35962e-11,7.28772,13.5445,7.18107,0.531721,0.316397,0.540497,3.87503,4.28545,3.88134
p1,6650000000,9.3413e-11,1.03335e-10,9.35605e-11,7.31438,13.6087,7.20634,0.533619,0.317275,0.542475,3.90309,4.31768,3.90926
p1,6700000000,9.33823e-11,1.0333e-10,9.3525e-11,7.34091,13.6722,7.2315,0.535512,0.318156,0.544445,3.93115,4.34991,3.93716
p1,6750000000,9.33518e-11,1.03324e-10,9.34898e-11,7.36722,13.7353,7.25657,0.537406,0.319042,0.546408,3.95919,4.38213,3.96504
p1,6800000000,9.33215e-11,1.03318e-10,9.34549e-11,7.39338,13.7978,7.28154,0.539296,0.319931,0.548363,3.98722,4.41434,3.99292
p1,6850000000,9.32915e-11,1.03313e-10,9.34202e-11,7.4194,13.8598,7.30641,0.541182,0.320824,0.55031,4.01525,4.44656,4.02079
p1,6900000000,9.32617e-11,1.03307e-10,9.33857e-11,7.44527,13.9213,7.33119,0.543065,0.32172,0.552249,4.04327,4.47876,4.04864
p1,6950000000,9.32321e-11,1.03301e-10,9.33515e-11,7.47096,13.9823,7.35588,0.544946,0.322621,0.554181,4.07127,4.51096,4.07649
p1,7000000000,9.32028e-11,1.03295e-10,9.33175e-11,7.49648,14.0427,7.38049,0.546826,0.323525,0.556104,4.09927,4.54316,4.10432
p1,7050000000,9.31737e-11,1.03289e-10,9.32838e-11,7.52187,14.1027,7.405,0.548702,0.324432,0.55802,4.12727,4.57536,4.13214
p1,7100000000,9.31448e-11,1.03284e-10,9.32503e-11,7.54708,14.1621,7.42944,0.550577,0.325343,0.559929,4.15525,4.60755,4.15996
p1,7150000000,9.31162e-11,1.03278e-10,9.32171e-11,7.57216,14.2211,7.45379,0.552448,0.326258,0.561829,4.18322,4.63973,4.18776
p1,7200000000,9.30877e-11,1.03272e-10,9.31841e-11,7.59708,14.2795,7.47807,0.554317,0.327176,0.563722,4.21119,4.67191,4.21555
p1,7250000000,9.30595e-11,1.03266e-10,9.31514e-11,7.62186,14.3375,7.50227,0.556183,0.328097,0.565607,4.23915,4.70409,4.24333
p1,7300000000,9.30315e-11,1.0326e-10,9.31189e-11,7.64649,14.395,7.5264,0.558047,0.329022,0.567484,4.2671,4.73626,4.27111
p1,7350000000,9.30037e-11,1.03254e-10,9.30867e-11,7.67098,14.452,7.55045,0.559908,0.32995,0.569353,4.29504,4.76843,4.29887
p1,7400000000,9.29761e-11,1.03248e-10,9.30547e-11,7.69539,14.5085,7.57444,0.561762,0.330882,0.571215,4.32298,4.80059,4.32663
p1,7450000000,9.29487e-11,1.03242e-10,9.30229e-11,7.7196,14.5645,7.59835,0.563618,0.331816,0.573069,4.3509,4.83275,4.35438
p1,7500000000,9.29215e-11,1.03237e-10,9.29914e-11,7.74369,14.6201,7.6222,0.56547,0.332754,0.574915,4.37882,4.86491,4.38212
p1,7550000000,9.28945e-11,1.03231e-10,9.29601e-11,7.76769,14.6753,7.64598,0.567316,0.333695,0.576754,4.40673,4.89706,4.40985
p1,7600000000,9.28677e-11,1.03225e-10,9.29291e-11,7.79153,14.7299,7.6697,0.569161,0.334639,0.578584,4.43464,4.9292,4.43757
p1,7650000000,9.2841e-11,1.03219e-10,9.28983e-11,7.81524,14.7841,7.69335,0.571004,0.335586,0.580408,4.46253,4.96135,4.46528
p1,7700000000,9.28146e-11,1.03213e-10,9.28677e-11,7.83884,14.8379,7.71695,0.572843,0.336536,0.582224,4.49042,4.99348,4.49299
p1,7750000000,9.27883e-11,1.03207e-10,9.28374e-11,7.8623,14.8912,7.74048,0.574679,0.337489,0.584032,4.5183,5.02562,4.52069
p1,7800000000,9.27623e-11,1.03201e-10,9.28073e-11,7.88569,14.9441,7.76396,0.576509,0.338444,0.585832,4.54617,5.05774,4.54838
p1,7850000000,9.27364e-11,1.03195e-10,9.27775e-11,7.90891,14.9965,7.78738,0.57834,0.339403,0.587625,4.57404,5.08987,4.57606
p1,7900000000,9.27107e-11,1.03189e-10,9.27479e-11,7.93208,15.0485,7.81075,0.580162,0.340365,0.589411,4.60189,5.12199,4.60374
p1,7950000000,9.26851e-11,1.03183e-10,9.27185e-11,7.95509,15.1001,7.83406,0.581985,0.341329,0.591189,4.62974,5.15411,4.63141
p1,8000000000,9.26598e-11,1.03177e-10,9.26894e-11,7.97801,15.1513,7.85732,0.583803,0.342296,0.59296,4.65759,5.18622,4.65908
p1,8050000000,9.26346e-11,1.0317e-10,9.26605e-11,8.00085,15.202,7.88052,0.585616,0.343266,0.594724,4.68542,5.21833,4.68673
p1,8100000000,9.26096e-11,1.03164e-10,9.26318e-11,8.02355,15.2523,7.90368,0.587427,0.344238,0.59648,4.71325,5.25043,4.71439
p1,8150000000,9.25847e-11,1.03158e-10,9.26034e-11,8.04617,15.3022,7.92678,0.589234,0.345213,0.598229,4.74107,5.28253,4.74203
p1,8200000000,9.256e-11,1.03152e-10,9.25752e-11,8.06869,15.3517,7.94984,0.591036,0.34619,0.599971,4.76889,5.31462,4.76967
p1,8250000000,9.25355e-11,1.03146e-10,9.25472e-11,8.09113,15.4008,7.97285,0.592834,0.34717,0.601705,4.7967,5.34671,4.7973
p1,8300000000,9.25111e-11,1.0314e-10,9.25194e-11,8.11347,15.4495,7.99581,0.594628,0.348153,0.603432,4.8245,5.3788,4.82493
p1,8350000000,9.2487e-11,1.03134e-10,9.24919e-11,8.13568,15.4978,8.01872,0.596421,0.349138,0.605153,4.85229,5.41088,4.85255
p1,8400000000,9.24629e-11,1.03128e-10,9.24646e-11,8.15783,15.5458,8.04159,0.598208,0.350125,0.606866,4.88008,5.44296,4.88017
p1,8450000000,9.2439e-11,1.03122e-10,9.24375e-11,8.17985,15.5933,8.06441,0.599993,0.351115,0.608572,4.90786,5.47504,4.90778
p1,8500000000,9.24153e-11,1.03116e-10,9.24107e-11,8.20185,15.6404,8.08719,0.601771,0.352107,0.610271,4.93563,5.50711,4.93538
p1,8550000000,9.23918e-11,1.0311e-10,9.2384e-11,8.22375,15.6872,8.10993,0.603544,0.353101,0.611964,4.9634,5.53917,4.96298
p1,8600000000,9.23683e-11,1.03103e-10,9.23576e-11,8.24559,15.7336,8.13263,0.605313,0.354098,0.613649,4.99116,5.57123,4.99058
p1,8650000000,9.23451e-11,1.03097e-10,9.23314e-11,8.2673,15.7796,8.15528,0.60708,0.355096,0.615328,5.01891,5.60329,5.01817
p1,8700000000,9.2322e-11,1.03091e-10,9.23054e-11,8.28898,15.8253,8.17789,0.60884,0.356097,0.617,5.04666,5.63534,5.04576
p1,8750000000,9.2299e-11,1.03085e-10,9.22797e-11,8.31052,15.8706,8.20046,0.6106,0.3571,0.618665,5.0744,5.66739,5.07334
p1,8800000000,9.22762e-11,1.03079e-10,9.22541e-11,8.33204,15.9156,8.22299,0.612352,0.358105,0.620324,5.10214,5.69944,5.10092
p1,8850000000,9.22536e-11,1.03073e-10,9.22288e-11,8.35349,15.9602,8.24549,0.614099,0.359112,0.621976,5.12987,5.73148,5.12849
p1,8900000000,9.22311e-11,1.03067e-10,9.22036e-11,8.37481,16.0044,8.26794,0.615846,0.360121,0.623621,5.15759,5.76352,5.15606
p1,8950000000,9.22087e-11,1.0306e-10,9.21787e-11,8.39613,16.0483,8.29035,0.617584,0.361132,0.62526,5.18531,5.79555,5.18363
p1,9000000000,9.21865e-11,1.03054e-10,9.2154e-11,8.41734,16.0919,8.31273,0.619319,0.362145,0.626892,5.21302,5.82758,5.21119
p1,9050000000,9.21644e-11,1.03048e-10,9.21295e-11,8.43853,16.1351,8.33507,0.621048,0.363159,0.628518,5.24073,5.85961,5.23874
p1,9100000000,9.21425e-11,1.03042e-10,9.21052e-11,8.45962,16.178,8.35737,0.622774,0.364176,0.630138,5.26843,5.89163,5.2663
p1,9150000000,9.21207e-11,1.03036e-10,9.20811e-11,8.48067,16.2205,8.37964,0.624494,0.365194,0.631751,5.29612,5.92365,5.29385
p1,9200000000,9.20991e-11,1.0303e-10,9.20572e-11,8.50162,16.2628,8.40187,0.626212,0.366214,0.633358,5.32381,5.95566,5.3214
p1,9250000000,9.20776e-11,1.03024e-10,9.20335e-11,8.52257,16.3047,8.42406,0.627921,0.367236,0.634959,5.3515,5.98767,5.34894
p1,9300000000,9.20562e-11,1.03017e-10,9.201e-11,8.54345,16.3463,8.44622,0.629626,0.36826,0.636554,5.37918,6.01968,5.37648
p1,9350000000,9.2035e-11,1.03011e-10,9.19867e-11,8.5642,16.3876,8.46835,0.631332,0.369285,0.638143,5.40685,6.05168,5.40402
p1,9400000000,9.20139e-11,1.03005e-10,9.19636e-11,8.58498,16.4285,8.49044,0.633026,0.370312,0.639726,5.43452,6.08368,5.43155
p1,9450000000,9.19929e-11,1.02999e-10,9.19407e-11,8.60566,16.4692,8.51249,0.634719,0.37134,0.641302,5.46218,6.11567,5.45908
p1,9500000000,9.19721e-11,1.02993e-10,9.1918e-11,8.62634,16.5096,8.53451,0.636404,0.37237,0.642873,5.48984,6.14766,5.48661
p1,9550000000,9.19514e-11,1.02987e-10,9.18955e-11,8.64692,16.5496,8.5565,0.638087,0.373401,0.644438,5.51749,6.17965,5.51414
p1,9600000000,9.19309e-11,1.0298e-10,9.18732e-11,8.66747,16.5894,8.57845,0.639765,0.374434,0.645997,5.54514,6.21163,5.54166
p1,9650000000,9.19105e-11,1.02974e-10,9.1851e-11,8.68798,16.6289,8.60037,0.641436,0.375468,0.647551,5.57278,6.24361,5.56918
p1,9700000000,9.18902e-11,1.02968e-10,9.18291e-11,8.70843,16.6681,8.62226,0.643103,0.376504,0.649099,5.60042,6.27559,5.5967
p1,9750000000,9.18701e-11,1.02962e-10,9.18073e-11,8.72882,16.707,8.64412,0.644768,0.377541,0.650641,5.62806,6.30756,5.62421
p1,9800000000,9.18501e-11,1.02956e-10,9.17858e-11,8.7492,16.7456,8.66594,0.646423,0.378579,0.652177,5.65569,6.33953,5.65173
p1,9850000000,9.18302e-11,1.0295e-10,9.17644e-11,8.76952,16.7839,8.68773,0.648076,0.379619,0.653708,5.68331,6.37149,5.67924
p1,9900000000,9.18104e-11,1.02944e-10,9.17432e-11,8.78978,16.822,8.70949,0.649724,0.38066,0.655234,5.71093,6.40346,5.70675
p1,9950000000,9.17908e-11,1.02937e-10,9.17221e-11,8.81004,16.8598,8.73121,0.651365,0.381702,0.656754,5.73855,6.43541,5.73426
p1,1e+10,9.17713e-11,1.02931e-10,9.17013e-11,8.83024,16.8973,8.75291,0.653002,0.382745,0.658268,5.76616,6.46737,5.76176
p1,1.005e+10,9.1752e-11,1.02925e-10,9.16806e-11,8.85041,16.9346,8.77457,0.654633,0.38379,0.659778,5.79377,6.49932,5.78926
p1,1.01e+10,9.17328e-11,1.02919e-10,9.16601e-11,8.87049,16.9716,8.7962,0.656263,0.384835,0.661282,5.82138,6.53127,5.81677
p1,1.015e+10,9.17137e-11,1.02913e-10,9.16398e-11,8.89058,17.0083,8.8178,0.657885,0.385882,0.66278,5.84898,6.56321,5.84427
p1,1.02e+10,9.16947e-11,1.02907e-10,9.16196e-11,8.91064,17.0448,8.83937,0.659501,0.38693,0.664274,5.87658,6.59515,5.87176
p1,1.025e+10,9.16759e-11,1.02901e-10,9.15997e-11,8.93064,17.0811,8.86091,0.661114,0.387978,0.665763,5.90417,6.62709,5.89926
p1,1.03e+10,9.16572e-11,1.02895e-10,9.15799e-11,8.95059,17.1171,8.88241,0.662723,0.389028,0.667246,5.93176,6.65902,5.92676
p1,1.035e+10,9.16386e-11,1.02889e-10,9.15602e-11,8.97055,17.1528,8.90389,0.664323,0.390079,0.668725,5.95934,6.69095,5.95425
p1,1.04e+10,9.16201e-11,1.02883e-10,9.15408e-11,8.99046,17.1883,8.92533,0.66592,0.39113,0.670198,5.98693,6.72287,5.98174
p1,1.045e+10,9.16018e-11,1.02876e-10,9.15215e-11,9.01031,17.2236,8.94675,0.667514,0.392183,0.671667,6.01451,6.7548,6.00923
p1,1.05e+10,9.15836e-11,1.0287e-10,9.15023e-11,9.03015,17.2586,8.96813,0.669101,0.393236,0.67313,6.04208,6.78672,6.03672
p1,1.055e+10,9.15655e-11,1.02864e-10,9.14834e-11,9.04993,17.2934,8.98949,0.670685,0.394291,0.674589,6.06966,6.81863,6.06421
p1,1.06e+10,9.15475e-11,1.02858e-10,9.14645e-11,9.06971,17.328,9.01081,0.672263,0.395346,0.676044,6.09723,6.85055,6.0917
p1,1.065e+10,9.15297e-11,1.02852e-10,9.14459e-11,9.08946,17.3623,9.0321,0.673834,0.396401,0.677493,6.12479,6.88246,6.11919
p1,1.07e+10,9.15119e-11,1.02846e-10,9.14274e-11,9.10917,17.3965,9.05337,0.675402,0.397458,0.678938,6.15236,6.91436,6.14667
p1,1.075e+10,9.14944e-11,1.0284e-10,9.14091e-11,9.12884,17.4304,9.0746,0.676966,0.398515,0.680378,6.17992,6.94627,6.17416
p1,1.08e+10,9.14769e-11,1.02834e-10,9.13909e-11,9.14847,17.4641,9.0958,0.678526,0.399573,0.681814,6.20747,6.97817,6.20164
p1,1.085e+10,9.14595e-11,1.02828e-10,9.13729e-11,9.16805,17.4975,9.11697,0.680082,0.400632,0.683245,6.23503,7.01006,6.22912
p1,1.09e+10,9.14423e-11,1.02822e-10,9.1355e-11,9.18767,17.5308,9.13812,0.681629,0.401691,0.684671,6.26258,7.04196,6.25661
p1,1.095e+10,9.14252e-11,1.02816e-10,9.13373e-11,9.20724,17.5638,9.15923,0.683172,0.402751,0.686094,6.29013,7.07385,6.28409
p1,1.1e+10,9.14082e-11,1.0281e-10,9.13198e-11,9.22671,17.5967,9.18031,0.684716,0.403811,0.687512,6.31768,7.10573,6.31157
p1,1.105e+10,9.13913e-11,1.02804e-10,9.13024e-11,9.24621,17.6293,9.20136,0.686251,0.404872,0.688925,6.34523,7.13762,6.33905
p1,1.11e+10,9.13746e-11,1.02798e-10,9.12851e-11,9.26569,17.6618,9.22239,0.687782,0.405934,0.690334,6.37277,7.1695,6.36653
p1,1.115e+10,9.13579e-11,1.02792e-10,9.1268e-11,9.28513,17.694,9.24338,0.689308,0.406996,0.691739,6.40031,7.20138,6.39401
p1,1.12e+10,9.13414e-11,1.02786e-10,9.12511e-11,9.30454,17.726,9.26434,0.690829,0.408058,0.69314,6.42785,7.23325,6.42149
p1,1.125e+10,9.1325e-11,1.0278e-10,9.12342e-11,9.32392,17.7579,9.28528,0.692346,0.409121,0.694537,6.45538,7.26512,6.44897
p1,1.13e+10,9.13087e-11,1.02775e-10,9.12176e-11,9.34324,17.7896,9.30618,0.693861,0.410184,0.69593,6.48292,7.29699,6.47645
p1,1.135e+10,9.12925e-11,1.02769e-10,9.12011e-11,9.36261,17.821,9.32706,0.695367,0.411248,0.697318,6.51045,7.32886,6.50393
p1,1.14e+10,9.12764e-11,1.02763e-10,9.11847e-11,9.38188,17.8523,9.3479,0.696872,0.412312,0.698703,6.53798,7.36072,6.5314
p1,1.145e+10,9.12605e-11,1.02757e-10,9.11684e-11,9.40117,17.8834,9.36872,0.698371,0.413376,0.700083,6.5655,7.39258,6.55888
p1,1.15e+10,9.12446e-11,1.02751e-10,9.11523e-11,9.42041,17.9144,9.3895,0.699867,0.414441,0.70146,6.59303,7.42444,6.58636
p1,1.155e+10,9.12289e-11,1.02745e-10,9.11364e-11,9.43959,17.9451,9.41026,0.70136,0.415506,0.702833,6.62055,7.4563,6.61384
p1,1.16e+10,9.12133e-11,1.02739e-10,9.11205e-11,9.45879,17.9757,9.43098,0.702846,0.416571,0.704202,6.64808,7.48815,6.64132
p1,1.165e+10,9.11978e-11,1.02733e-10,9.11049e-11,9.47795,18.0061,9.45168,0.70433,0.417636,0.705567,6.6756,7.52,6.66879
p1,1.17e+10,9.11824e-11,1.02728e-10,9.10893e-11,9.49709,18.0363,9.47235,0.705808,0.418702,0.706929,6.70312,7.55185,6.69627
p1,1.175e+10,9.11671e-11,1.02722e-10,9.10739e-11,9.51618,18.0664,9.49298,0.707283,0.419768,0.708286,6.73063,7.58369,6.72375
p1,1.18e+10,9.11519e-11,1.02716e-10,9.10586e-11,9.53527,18.0963,9.51359,0.708753,0.420834,0.70964,6.75815,7.61553,6.75123
p1,1.185e+10,9.11369e-11,1.0271e-10,9.10434e-11,9.55431,18.126,9.53417,0.71022,0.4219,0.710991,6.78566,7.64737,6.77871
p1,1.19e+10,9.11219e-11,1.02705e-10,9.10284e-11,9.57335,18.1556,9.55472,0.711681,0.422966,0.712338,6.81318,7.67921,6.80619
p1,1.195e+10,9.11071e-11,1.02699e-10,9.10135e-11,9.59232,18.185,9.57523,0.713143,0.424033,0.713681,6.84069,7.71104,6.83366
p1,1.2e+10,9.10923e-11,1.02693e-10,9.09987e-11,9.61128,18.2143,9.59572,0.714598,0.425099,0.715021,6.8682,7.74287,6.86114
p1,1.205e+10,9.10777e-11,1.02687e-10,9.09841e-11,9.63024,18.2434,9.61618,0.716047,0.426165,0.716357,6.89571,7.7747,6.88862
p1,1.21e+10,9.10631e-11,1.02682e-10,9.09696e-11,9.64913,18.2723,9.63661,0.717496,0.427232,0.71769,6.92322,7.80653,6.9161
p1,1.215e+10,9.10487e-11,1.02676e-10,9.09552e-11,9.66802,18.3011,9.65701,0.718939,0.428298,0.71902,6.95072,7.83835,6.94358
p1,1.22e+10,9.10344e-11,1.0267e-10,9.09409e-11,9.68689,18.3298,9.67738,0.720379,0.429365,0.720346,6.97823,7.87017,6.97106
p1,1.225e+10,9.10201e-11,1.02665e-10,9.09268e-11,9.70572,18.3583,9.69772,0.721815,0.430431,0.721669,7.00573,7.90199,6.99855
p1,1.23e+10,9.1006e-11,1.02659e-10,9.09128e-11,9.72452,18.3867,9.71803,0.723248,0.431498,0.722989,7.03323,7.9338,7.02603
p1,1.235e+10,9.0992e-11,1.02653e-10,9.08989e-11,9.74326,18.4149,9.73831,0.724679,0.432564,0.724305,7.06074,7.96562,7.05351
p1,1.24e+10,9.09781e-11,1.02648e-10,9.08851e-11,9.76201,18.443,9.75856,0.726104,0.43363,0.725618,7.08824,7.99743,7.08099
p1,1.245e+10,9.09643e-11,1.02642e-10,9.08714e-11,9.78077,18.4709,9.77878,0.727524,0.434696,0.726928,7.11574,8.02924,7.10848
p1,1.25e+10,9.09505e-11,1.02636e-10,9.08579e-11,9.79943,18.4987,9.79898,0.728944,0.435762,0.728235,7.14324,8.06105,7.13596
p1,1.255e+10,9.09369e-11,1.02631e-10,9.08444e-11,9.81811,18.5264,9.81914,0.730358,0.436828,0.729539,7.17074,8.09285,7.16345
p1,1.26e+10,9.09234e-11,1.02625e-10,9.08311e-11,9.83673,18.554,9.83927,0.731771,0.437893,0.73084,7.19824,8.12465,7.19093
p1,1.265e+10,9.091e-11,1.0262e-10,9.08179e-11,9.85532,18.5814,9.85937,0.733181,0.438959,0.732138,7.22573,8.15645,7.21842
p1,1.27e+10,9.08967e-11,1.02614e-10,9.08048e-11,9.87388,18.6087,9.87944,0.734588,0.440024,0.733433,7.25323,8.18825,7.2459
p1,1.275e+10,9.08834e-11,1.02609e-10,9.07919e-11,9.89246,18.6358,9.89949,0.735987,0.441089,0.734724,7.28072,8.22005,7.27339
p1,1.28e+10,9.08703e-11,1.02603e-10,9.0779e-11,9.91097,18.6628,9.9195,0.737387,0.442153,0.736013,7.30822,8.25184,7.30088
p1,1.285e+10,9.08572e-11,1.02598e-10,9.07663e-11,9.92946,18.6898,9.93948,0.738783,0.443218,0.737299,7.33572,8.28363,7.32837
p1,1.29e+10,9.08442e-11,1.02592e-10,9.07536e-11,9.94792,18.7165,9.95943,0.740175,0.444282,0.738582,7.36321,8.31542,7.35586
p1,1.295e+10,9.08314e-11,1.02587e-10,9.07411e-11,9.96631,18.7432,9.97936,0.741568,0.445346,0.739863,7.3907,8.34721,7.38335
p1,1.3e+10,9.08186e-11,1.02581e-10,9.07287e-11,9.98472,18.7698,9.99925,0.742955,0.446409,0.74114,7.4182,8.379,7.41085
p1,1.305e+10,9.0806e-11,1.02576e-10,9.07164e-11,10.0031,18.7962,10.0191,0.744337,0.447472,0.742415,7.44569,8.41078,7.43834
p1,1.31e+10,9.07934e-11,1.02571e-10,9.07042e-11,10.0215,18.8225,10.0389,0.745718,0.448535,0.743687,7.47318,8.44256,7.46584
p1,1.315e+10,9.07809e-11,1.02565e-10,9.06921e-11,10.0397,18.8487,10.0587,0.747098,0.449597,0.744956,7.50067,8.47434,7.49333
p1,1.32e+10,9.07685e-11,1.0256e-10,9.06801e-11,10.058,18.8748,10.0785,0.748473,0.450659,0.746223,7.52816,8.50612,7.52083
p1,1.325e+10,9.07562e-11,1.02555e-10,9.06682e-11,10.0763,18.9008,10.0983,0.749842,0.451721,0.747487,7.55565,8.53789,7.54833
p1,1.33e+10,9.0744e-11,1.02549e-10,9.06564e-11,10.0945,18.9267,10.118,0.751215,0.452782,0.748749,7.58314,8.56967,7.57582
p1,1.335e+10,9.07318e-11,1.02544e-10,9.06447e-11,10.1127,18.9525,10.1377,0.752581,0.453843,0.750008,7.61063,8.60144,7.60332
p1,1.34e+10,9.07198e-11,1.02539e-10,9.06331e-11,10.1309,18.9781,10.1573,0.753945,0.454903,0.751264,7.63812,8.63321,7.63083
p1,1.345e+10,9.07078e-11,1.02533e-10,9.06216e-11,10.149,19.0037,10.1769,0.755305,0.455963,0.752518,7.66561,8.66498,7.65833
p1,1.35e+10,9.06959e-11,1.02528e-10,9.06102e-11,10.1672,19.0292,10.1965,0.756662,0.457022,0.753769,7.6931,8.69675,7.68583
p1,1.355e+10,9.06842e-11,1.02523e-10,9.05989e-11,10.1852,19.0545,10.2161,0.75802,0.458081,0.755018,7.72059,8.72851,7.71334
p1,1.36e+10,9.06724e-11,1.02518e-10,9.05878e-11,10.2033,19.0798,10.2356,0.759371,0.459139,0.756264,7.74808,8.76028,7.74084
p1,1.365e+10,9.06608e-11,1.02513e-10,9.05767e-11,10.2213,19.105,10.2551,0.760723,0.460197,0.757508,7.77557,8.79204,7.76835
p1,1.37e+10,9.06493e-11,1.02507e-10,9.05657e-11,10.2393,19.13,10.2746,0.762072,0.461254,0.75875,7.80306,8.8238,7.79586
p1,1.375e+10,9.06379e-11,1.02502e-10,9.05548e-11,10.2572,19.155,10.2941,0.763419,0.46231,0.759989,7.83055,8.85556,7.82337
p1,1.38e+10,9.06265e-11,1.02497e-10,9.0544e-11,10.2752,19.1799,10.3135,0.76476,0.463366,0.761226,7.85804,8.88732,7.85088
p1,1.385e+10,9.06152e-11,1.02492e-10,9.05332e-11,10.2931,19.2047,10.3328,0.766102,0.464422,0.762461,7.88553,8.91907,7.87839
p1,1.39e+10,9.0604e-11,1.02487e-10,9.05226e-11,10.311,19.2294,10.3522,0.767438,0.465477,0.763693,7.91302,8.95083,7.90591
p1,1.395e+10,9.05929e-11,1.02482e-10,9.05121e-11,10.3288,19.254,10.3715,0.768775,0.466531,0.764924,7.9405,8.98258,7.93342
p1,1.4e+10,9.05818e-11,1.02477e-10,9.05017e-11,10.3466,19.2785,10.3908,0.770109,0.467584,0.766152,7.96799,9.01433,7.96094
p1,1.405e+10,9.05708e-11,1.02472e-10,9.04913e-11,10.3644,19.303,10.4101,0.771439,0.468637,0.767377,7.99548,9.04608,7.98846
p1,1.41e+10,9.056e-11,1.02467e-10,9.04811e-11,10.3822,19.3273,10.4293,0.772766,0.469689,0.768601,8.02297,9.07783,8.01598
p1,1.415e+10,9.05492e-11,1.02462e-10,9.04709e-11,10.3998,19.3516,10.4485,0.774094,0.470741,0.769822,8.05046,9.10958,8.0435
p1,1.42e+10,9.05384e-11,1.02457e-10,9.04608e-11,10.4175,19.3758,10.4677,0.775419,0.471792,0.771042,8.07795,9.14132,8.07103
p1,1.425e+10,9.05278e-11,1.02452e-10,9.04508e-11,10.4352,19.3999,10.4868,0.776741,0.472842,0.772259,8.10544,9.17307,8.09855
p1,1.43e+10,9.05172e-11,1.02447e-10,9.04409e-11,10.4528,19.4239,10.5059,0.778059,0.473892,0.773474,8.13293,9.20481,8.12608
p1,1.435e+10,9.05067e-11,1.02442e-10,9.04311e-11,10.4705,19.4478,10.525,0.779376,0.47494,0.774687,8.16042,9.23656,8.15361
p1,1.44e+10,9.04963e-11,1.02437e-10,9.04214e-11,10.488,19.4717,10.5441,0.78069,0.475988,0.775898,8.18791,9.2683,8.18114
p1,1.445e+10,9.04859e-11,1.02432e-10,9.04118e-11,10.5056,19.4955,10.5631,0.782002,0.477036,0.777107,8.2154,9.30004,8.20867
p1,1.45e+10,9.04757e-11,1.02427e-10,9.04022e-11,10.5231,19.5192,10.5821,0.783315,0.478082,0.778314,8.24289,9.33178,8.2362
p1,1.455e+10,9.04655e-11,1.02423e-10,9.03927e-11,10.5406,19.5428,10.6011,0.784622,0.479128,0.779519,8.27039,9.36351,8.26373
p1,1.46e+10,9.04554e-11,1.02418e-10,9.03833e-11,10.5581,19.5664,10.62,0.785927,0.480173,0.780722,8.29788,9.39525,8.29127
p1,1.465e+10,9.04453e-11,1.02413e-10,9.0374e-11,10.5755,19.5899,10.6389,0.787229,0.481217,0.781924,8.32537,9.42699,8.31881
p1,1.47e+10,9.04353e-11,1.02408e-10,9.03648e-11,10.5929,19.6133,10.6578,0.788533,0.482261,0.783123,8.35286,9.45872,8.34635
p1,1.475e+10,9.04255e-11,1.02404e-10,9.03557e-11,10.6103,19.6366,10.6766,0.789831,0.483303,0.78432,8.38036,9.49045,8.37389
p1,1.48e+10,9.04156e-11,1.02399e-10,9.03466e-11,10.6277,19.6599,10.6954,0.79113,0.484345,0.785516,8.40785,9.52219,8.40143
p1,1.485e+10,9.04059e-11,1.02394e-10,9.03376e-11,10.645,19.6831,10.7142,0.792424,0.485386,0.78671,8.43535,9.55392,8.42898
p1,1.49e+10,9.03962e-11,1.0239e-10,9.03287e-11,10.6623,19.7063,10.733,0.793717,0.486426,0.787902,8.46284,9.58565,8.45653
p1,1.495e+10,9.03866e-11,1.02385e-10,9.03199e-11,10.6796,19.7293,10.7517,0.795008,0.487466,0.789092,8.49034,9.61738,8.48407
p1,1.5e+10,9.0377e-11,1.0238e-10,9.03111e-11,10.6968,19.7524,10.7704,0.796297,0.488504,0.79028,8.51783,9.64911,8.51162
p1,1.505e+10,9.03676e-11,1.02376e-10,9.03025e-11,10.714,19.7753,10.7891,0.797583,0.489542,0.791467,8.54533,9.68084,8.53918
p1,1.51e+10,9.03582e-11,1.02371e-10,9.02939e-11,10.7312,19.7982,10.8077,0.798867,0.490579,0.792652,8.57283,9.71256,8.56673
p1,1.515e+10,9.03489e-11,1.02366e-10,9.02854e-11,10.7484,19.821,10.8263,0.800151,0.491615,0.793835,8.60033,9.74429,8.59429
p1,1.52e+10,9.03396e-11,1.02362e-10,9.02769e-11,10.7655,19.8438,10.8449,0.801431,0.49265,0.795016,8.62783,9.77602,8.62185
p1,1.525e+10,9.03304e-11,1.02357e-10,9.02686e-11,10.7827,19.8665,10.8634,0.802708,0.493684,0.796196,8.65533,9.80774,8.64941
p1,1.53e+10,9.03213e-11,1.02353e-10,9.02603e-11,10.7997,19.8891,10.8819,0.803986,0.494717,0.797374,8.68283,9.83947,8.67697
p1,1.535e+10,9.03123e-11,1.02348e-10,9.02521e-11,10.8168,19.9117,10.9004,0.805262,0.495749,0.798551,8.71034,9.87119,8.70453
p1,1.54e+10,9.03033e-11,1.02344e-10,9.02439e-11,10.8339,19.9342,10.9189,0.806531,0.49678,0.799726,8.73784,9.90291,8.7321
p1,1.545e+10,9.02944e-11,1.0234e-10,9.02359e-11,10.8508,19.9566,10.9373,0.807803,0.497811,0.800899,8.76535,9.93464,8.75967
p1,1.55e+10,9.02855e-11,1.02335e-10,9.02279e-11,10.8678,19.9791,10.9557,0.809071,0.49884,0.802071,8.79285,9.96636,8.78724
p1,1.555e+10,9.02768e-11,1.02331e-10,9.02199e-11,10.8848,20.0014,10.9741,0.810337,0.499869,0.803241,8.82036,9.99808,8.81481
p1,1.56e+10,9.0268e-11,1.02326e-10,9.02121e-11,10.9017,20.0237,10.9924,0.811601,0.500897,0.804409,8.84786,10.0298,8.84238
p1,1.565e+10,9.02594e-11,1.02322e-10,9.02043e-11,10.9187,20.0459,11.0107,0.812864,0.501923,0.805576,8.87538,10.0615,8.86996
p1,1.57e+10,9.02508e-11,1.02318e-10,9.01966e-11,10.9355,20.0681,11.029,0.814125,0.502949,0.806742,8.90289,10.0932,8.89754
p1,1.575e+10,9.02424e-11,1.02313e-10,9.0189e-11,10.9524,20.0903,11.0472,0.815384,0.503974,0.807906,8.9304,10.125,8.92512
p1,1.58e+10,9.02339e-11,1.02309e-10,9.01814e-11,10.9692,20.1123,11.0654,0.816639,0.504997,0.809068,8.95791,10.1567,8.9527
p1,1.585e+10,9.02255e-11,1.02305e-10,9.01739e-11,10.9861,20.1344,11.0836,0.817893,0.50602,0.810229,8.98543,10.1884,8.98028
p1,1.59e+10,9.02172e-11,1.02301e-10,9.01665e-11,11.0029,20.1564,11.1018,0.819145,0.507042,0.811389,9.01294,10.2201,9.00787
p1,1.595e+10,9.0209e-11,1.02297e-10,9.01591e-11,11.0196,20.1783,11.1199,0.820396,0.508063,0.812547,9.04046,10.2518,9.03546
p1,1.6e+10,9.02008e-11,1.02292e-10,9.01518e-11,11.0364,20.2002,11.138,0.821645,0.509083,0.813704,9.06798,10.2836,9.06305
p1,1.605e+10,9.01927e-11,1.02288e-10,9.01446e-11,11.0531,20.222,11.1561,0.822889,0.510101,0.814859,9.09549,10.3153,9.09064
p1,1.61e+10,9.01847e-11,1.02284e-10,9.01374e-11,11.0698,20.2438,11.1741,0.824136,0.511119,0.816013,9.12302,10.347,9.11824
p1,1.615e+10,9.01767e-11,1.0228e-10,9.01303e-11,11.0865,20.2655,11.1921,0.825378,0.512136,0.817165,9.15054,10.3787,9.14583
p1,1.62e+10,9.01688e-11,1.02276e-10,9.01233e-11,11.1032,20.2872,11.2101,0.826617,0.513152,0.818316,9.17807,10.4104,9.17343
p1,1.625e+10,9.01609e-11,1.02272e-10,9.01163e-11,11.1198,20.3089,11.2281,0.827855,0.514166,0.819466,9.20559,10.4421,9.20104
p1,1.63e+10,9.01531e-11,1.02268e-10,9.01094e-11,11.1364,20.3305,11.246,0.829095,0.51518,0.820615,9.23312,10.4739,9.22864
p1,1.635e+10,9.01454e-11,1.02264e-10,9.01026e-11,11.153,20.352,11.2639,0.83033,0.516193,0.821762,9.26065,10.5056,9.25625
p1,1.64e+10,9.01378e-11,1.0226e-10,9.00958e-11,11.1696,20.3735,11.2818,0.831561,0.517204,0.822907,9.28818,10.5373,9.28386
p1,1.645e+10,9.01302e-11,1.02256e-10,9.00891e-11,11.1861,20.395,11.2996,0.832792,0.518215,0.824052,9.31571,10.569,9.31147
p1,1.65e+10,9.01226e-11,1.02252e-10,9.00825e-11,11.2026,20.4165,11.3174,0.834021,0.519224,0.825195,9.34324,10.6007,9.33908
p1,1.655e+10,9.01152e-11,1.02248e-10,9.00759e-11,11.2191,20.4378,11.3352,0.835251,0.520233,0.826337,9.37078,10.6324,9.3667
p1,1.66e+10,9.01078e-11,1.02244e-10,9.00694e-11,11.2357,20.4592,11.3529,0.836473,0.52124,0.827478,9.39832,10.6641,9.39431
p1,1.665e+10,9.01004e-11,1.0224e-10,9.00629e-11,11.2521,20.4805,11.3707,0.837696,0.522246,0.828617,9.42586,10.6959,9.42193
p1,1.67e+10,9.00932e-11,1.02236e-10,9.00565e-11,11.2685,20.5018,11.3884,0.838921,0.523252,0.829756,9.4534,10.7276,9.44956
p1,1.675e+10,9.00859e-11,1.02233e-10,9.00502e-11,11.285,20.523,11.406,0.840139,0.524256,0.830893,9.48095,10.7593,9.47718
p1,1.68e+10,9.00788e-11,1.02229e-10,9.00439e-11,11.3014,20.5442,11.4237,0.841355,0.525259,0.832028,9.5085,10.791,9.50481
p1,1.685e+10,9.00717e-11,1.02225e-10,9.00377e-11,11.3178,20.5653,11.4413,0.842573,0.526261,0.833163,9.53605,10.8227,9.53244
p1,1.69e+10,9.00647e-11,1.02221e-10,9.00315e-11,11.3341,20.5864,11.4588,0.843788,0.527262,0.834296,9.5636,10.8544,9.56007
p1,1.695e+10,9.00577e-11,1.02218e-10,9.00254e-11,11.3505,20.6075,11.4764,0.844998,0.528262,0.835429,9.59115,10.8862,9.58771
p1,1.7e+10,9.00508e-11,1.02214e-10,9.00194e-11,11.3668,20.6286,11.4939,0.846207,0.529261,0.83656,9.6187,10.9179,9.61534
p1,1.705e+10,9.0044e-11,1.0221e-10,9.00134e-11,11.3832,20.6496,11.5114,0.847415,0.530258,0.83769,9.64626,10.9496,9.64298
p1,1.71e+10,9.00372e-11,1.02206e-10,9.00075e-11,11.3994,20.6705,11.5289,0.848622,0.531255,0.838819,9.67382,10.9813,9.67063
p1,1.715e+10,9.00305e-11,1.02203e-10,9.00016e-11,11.4157,20.6915,11.5463,0.849827,0.53225,0.839946,9.70138,11.013,9.69827
p1,1.72e+10,9.00238e-11,1.02199e-10,8.99958e-11,11.4319,20.7123,11.5637,0.851031,0.533245,0.841073,9.72895,11.0448,9.72592
p1,1.725e+10,9.00173e-11,1.02196e-10,8.99901e-11,11.4482,20.7332,11.5811,0.852228,0.534238,0.842198,9.75652,11.0765,9.75357
p1,1.73e+10,9.00107e-11,1.02192e-10,8.99844e-11,11.4644,20.754,11.5984,0.853429,0.53523,0.843323,9.78408,11.1082,9.78122
p1,1.735e+10,9.00042e-11,1.02189e-10,8.99787e-11,11.4806,20.7748,11.6158,0.854627,0.536221,0.844446,9.81165,11.1399,9.80888
p1,1.74e+10,8.99978e-11,1.02185e-10,8.99732e-11,11.4968,20.7956,11.633,0.855822,0.537211,0.845568,9.83923,11.1716,9.83653
p1,1.745e+10,8.99915e-11,1.02182e-10,8.99676e-11,11.513,20.8163,11.6503,0.857016,0.5382,0.84669,9.86681,11.2033,9.86419
p1,1.75e+10,8.99852e-11,1.02178e-10,8.99622e-11,11.5292,20.837,11.6675,0.858206,0.539188,0.84781,9.89439,11.2351,9.89186
p1,1.755e+10,8.9979e-11,1.02175e-10,8.99567e-11,11.5453,20.8577,11.6847,0.859396,0.540174,0.848929,9.92197,11.2668,9.91952
p1,1.76e+10,8.99728e-11,1.02171e-10,8.99514e-11,11.5614,20.8783,11.7019,0.860582,0.54116,0.850047,9.94956,11.2985,9.94719
p1,1.765e+10,8.99666e-11,1.02168e-10,8.99461e-11,11.5775,20.8989,11.7191,0.86177,0.542144,0.851164,9.97714,11.3302,9.97486
p1,1.77e+10,8.99606e-11,1.02164e-10,8.99408e-11,11.5936,20.9195,11.7362,0.862953,0.543127,0.85228,10.0047,11.362,10.0025
p1,1.775e+10,8.99546e-11,1.02161e-10,8.99356e-11,11.6097,20.94,11.7533,0.864134,0.544109,0.853395,10.0323,11.3937,10.0302
p1,1.78e+10,8.99487e-11,1.02158e-10,8.99305e-11,11.6257,20.9606,11.7704,0.865316,0.54509,0.85451,10.0599,11.4254,10.0579
p1,1.785e+10,8.99428e-11,1.02154e-10,8.99254e-11,11.6417,20.981,11.7874,0.866496,0.54607,0.855623,10.0875,11.4571,10.0856
p1,1.79e+10,8.9937e-11,1.02151e-10,8.99203e-11,11.6578,21.0015,11.8044,0.867671,0.547049,0.856735,10.1151,11.4888,10.1133
p1,1.795e+10,8.99312e-11,1.02148e-10,8.99154e-11,11.6738,21.0219,11.8214,0.868845,0.548027,0.857846,10.1427,11.5206,10.1409
p1,1.8e+10,8.99255e-11,1.02145e-10,8.99104e-11,11.6898,21.0423,11.8384,0.870018,0.549003,0.858957,10.1703,11.5523,10.1686
p1,1.805e+10,8.99199e-11,1.02142e-10,8.99055e-11,11.7058,21.0627,11.8553,0.871191,0.549978,0.860066,10.1979,11.584,10.1963
p1,1.81e+10,8.99143e-11,1.02138e-10,8.99007e-11,11.7217,21.083,11.8722,0.87236,0.550953,0.861174,10.2256,11.6158,10.224
p1,1.815e+10,8.99087e-11,1.02135e-10,8.98959e-11,11.7377,21.1034,11.8891,0.873528,0.551926,0.862282,10.2532,11.6475,10.2517
p1,1.82e+10,8.99033e-11,1.02132e-10,8.98912e-11,11.7536,21.1236,11.9059,0.874693,0.552898,0.863389,10.2808,11.6792,10.2794
p1,1.825e+10,8.98978e-11,1.02129e-10,8.98865e-11,11.7695,21.1439,11.9227,0.875856,0.553868,0.864494,10.3084,11.7109,10.3071
p1,1.83e+10,8.98925e-11,1.02126e-10,8.98819e-11,11.7854,21.1642,11.9395,0.877019,0.554838,0.865599,10.336,11.7427,10.3348
p1,1.835e+10,8.98872e-11,1.02123e-10,8.98773e-11,11.8013,21.1844,11.9563,0.87818,0.555806,0.866703,10.3637,11.7744,10.3625
p1,1.84e+10,8.9882e-11,1.0212e-10,8.98728e-11,11.8172,21.2046,11.973,0.879338,0.556774,0.867806,10.3913,11.8061,10.3902
p1,1.845e+10,8.98767e-11,1.02117e-10,8.98683e-11,11.8331,21.2247,11.9897,0.880494,0.55774,0.868908,10.4189,11.8379,10.418
p1,1.85e+10,8.98716e-11,1.02114e-10,8.98638e-11,11.8489,21.2449,12.0064,0.881647,0.558705,0.87001,10.4466,11.8696,10.4457
p1,1.855e+10,8.98665e-11,1.02111e-10,8.98594e-11,11.8648,21.265,12.023,0.8828,0.559669,0.87111,10.4742,11.9013,10.4734
p1,1.86e+10,8.98615e-11,1.02108e-10,8.98551e-11,11.8806,21.2851,12.0397,0.883951,0.560632,0.87221,10.5019,11.9331,10.5011
p1,1.865e+10,8.98565e-11,1.02105e-10,8.98508e-11,11.8964,21.3051,12.0563,0.885101,0.561593,0.873309,10.5295,11.9648,10.5288
p1,1.87e+10,8.98516e-11,1.02102e-10,8.98466e-11,11.9122,21.3252,12.0728,0.886246,0.562554,0.874407,10.5572,11.9966,10.5566
p1,1.875e+10,8.98468e-11,1.02099e-10,8.98424e-11,11.928,21.3452,12.0894,0.887394,0.563513,0.875504,10.5848,12.0283,10.5843
p1,1.88e+10,8.9842e-11,1.02096e-10,8.98382e-11,11.9438,21.3652,12.1059,0.888538,0.564472,0.8766,10.6125,12.06,10.612
p1,1.885e+10,8.98372e-11,1.02094e-10,8.98341e-11,11.9595,21.3851,12.1224,0.889679,0.565429,0.877696,10.6401,12.0918,10.6398
p1,1.89e+10,8.98325e-11,1.02091e-10,8.98301e-11,11.9753,21.4051,12.1389,0.890818,0.566385,0.878791,10.6678,12.1235,10.6675
p1,1.895e+10,8.98279e-11,1.02088e-10,8.98261e-11,11.991,21.425,12.1553,0.891956,0.567339,0.879885,10.6955,12.1553,10.6953
p1,1.9e+10,8.98233e-11,1.02085e-10,8.98221e-11,12.0068,21.4449,12.1717,0.893093,0.568293,0.880978,10.7232,12.187,10.723
p1,1.905e+10,8.98188e-11,1.02083e-10,8.98182e-11,12.0225,21.4648,12.1881,0.894225,0.569246,0.882071,10.7508,12.2188,10.7508
p1,1.91e+10,8.98143e-11,1.0208e-10,8.98143e-11,12.0382,21.4847,12.2045,0.895357,0.570197,0.883162,10.7785,12.2505,10.7785
p1,1.915e+10,8.98098e-11,1.02077e-10,8.98105e-11,12.0539,21.5045,12.2208,0.896488,0.571147,0.884253,10.8062,12.2823,10.8063
p1,1.92e+10,8.98055e-11,1.02075e-10,8.98067e-11,12.0696,21.5243,12.2371,0.897619,0.572096,0.885344,10.8339,12.314,10.834
p1,1.925e+10,8.98011e-11,1.02072e-10,8.9803e-11,12.0853,21.5441,12.2534,0.898745,0.573044,0.886433,10.8616,12.3458,10.8618
p1,1.93e+10,8.97969e-11,1.02069e-10,8.97993e-11,12.1009,21.5639,12.2696,0.899869,0.573991,0.887522,10.8893,12.3775,10.8896
p1,1.935e+10,8.97926e-11,1.02067e-10,8.97957e-11,12.1166,21.5837,12.2858,0.90099,0.574937,0.88861,10.917,12.4093,10.9173
p1,1.94e+10,8.97885e-11,1.02064e-10,8.97921e-11,12.1323,21.6034,12.302,0.902111,0.575882,0.889697,10.9447,12.441,10.9451
p1,1.945e+10,8.97844e-11,1.02062e-10,8.97885e-11,12.1479,21.6231,12.3182,0.903231,0.576825,0.890784,10.9724,12.4728,10.9729
p1,1.95e+10,8.97803e-11,1.02059e-10,8.9785e-11,12.1635,21.6428,12.3344,0.904348,0.577767,0.89187,11.0001,12.5045,11.0006
p1,1.955e+10,8.97763e-11,1.02057e-10,8.97815e-11,12.1792,21.6625,12.3505,0.905462,0.578709,0.892955,11.0278,12.5363,11.0284
p1,1.96e+10,8.97723e-11,1.02054e-10,8.97781e-11,12.1948,21.6822,12.3666,0.906574,0.579649,0.894039,11.0555,12.568,11.0562
p1,1.965e+10,8.97684e-11,1.02052e-10,8.97747e-11,12.2104,21.7018,12.3827,0.907687,0.580588,0.895123,11.0832,12.5998,11.084
p1,1.97e+10,8.97645e-11,1.0205e-10,8.97714e-11,12.226,21.7215,12.3987,0.908795,0.581525,0.896206,11.1109,12.6316,11.1118
p1,1.975e+10,8.97607e-11,1.02047e-10,8.97681e-11,12.2417,21.7411,12.4147,0.909899,0.582462,0.897289,11.1387,12.6633,11.1396
p1,1.98e+10,8.9757e-11,1.02045e-10,8.97648e-11,12.2572,21.7606,12.4307,0.911006,0.583398,0.89837,11.1664,12.6951,11.1674
p1,1.985e+10,8.97533e-11,1.02043e-10,8.97616e-11,12.2728,21.7802,12.4467,0.912107,0.584332,0.899452,11.1941,12.7269,11.1952
p1,1.99e+10,8.97496e-11,1.0204e-10,8.97584e-11,12.2884,21.7998,12.4626,0.913209,0.585265,0.900532,11.2219,12.7586,11.223
p1,1.995e+10,8.9746e-11,1.02038e-10,8.97553e-11,12.304,21.8193,12.4785,0.914306,0.586198,0.901612,11.2496,12.7904,11.2508
p1,2e+10,8.97424e-11,1.02036e-10,8.97522e-11,12.3196,21.8388,12.4944,0.915404,0.587129,0.902691,11.2774,12.8222,11.2786
p1,2.005e+10,8.97389e-11,1.02034e-10,8.97492e-11,12.3351,21.8583,12.5103,0.916498,0.588059,0.90377,11.3051,12.854,11.3064
p1,2.01e+10,8.97354e-11,1.02031e-10,8.97462e-11,12.3507,21.8778,12.5261,0.917588,0.588987,0.904847,11.3329,12.8857,11.3342
p1,2.015e+10,8.9732e-11,1.02029e-10,8.97432e-11,12.3662,21.8972,12.5419,0.918681,0.589915,0.905925,11.3606,12.9175,11.362
p1,2.02e+10,8.97286e-11,1.02027e-10,8.97403e-11,12.3818,21.9167,12.5577,0.919768,0.590842,0.907001,11.3884,12.9493,11.3899
p1,2.025e+10,8.97253e-11,1.02025e-10,8.97374e-11,12.3974,21.9361,12.5735,0.920854,0.591767,0.908077,11.4162,12.9811,11.4177
p1,2.03e+10,8.9722e-11,1.02023e-10,8.97345e-11,12.4129,21.9555,12.5892,0.921937,0.592692,0.909153,11.4439,13.0129,11.4455
p1,2.035e+10,8.97188e-11,1.02021e-10,8.97317e-11,12.4284,21.9749,12.6049,0.923019,0.593615,0.910228,11.4717,13.0446,11.4734
p1,2.04e+10,8.97156e-11,1.02019e-10,8.9729e-11,12.444,21.9943,12.6206,0.924097,0.594537,0.911302,11.4995,13.0764,11.5012
p1,2.045e+10,8.97124e-11,1.02017e-10,8.97262e-11,12.4595,22.0137,12.6363,0.925176,0.595458,0.912376,11.5273,13.1082,11.529
p1,2.05e+10,8.97093e-11,1.02015e-10,8.97236e-11,12.4751,22.033,12.6519,0.926251,0.596378,0.913449,11.555,13.14,11.5569
p1,2.055e+10,8.97063e-11,1.02013e-10,8.97209e-11,12.4906,22.0523,12.6675,0.927321,0.597297,0.914521,11.5828,13.1718,11.5847
p1,2.06e+10,8.97033e-11,1.02011e-10,8.97183e-11,12.5062,22.0717,12.6831,0.928392,0.598215,0.915593,11.6106,13.2036,11.6126
p1,2.065e+10,8.97003e-11,1.02009e-10,8.97157e-11,12.5217,22.091,12.6987,0.92946,0.599132,0.916664,11.6384,13.2354,11.6404
p1,2.07e+10,8.96974e-11,1.02007e-10,8.97132e-11,12.5373,22.1102,12.7142,0.930524,0.600047,0.917735,11.6662,13.2672,11.6683
p1,2.075e+10,8.96945e-11,1.02005e-10,8.97107e-11,12.5528,22.1295,12.7297,0.931588,0.600962,0.918805,11.694,13.299,11.6961
p1,2.08e+10,8.96917e-11,1.02003e-10,8.97083e-11,12.5683,22.1488,12.7452,0.932649,0.601875,0.919875,11.7218,13.3308,11.724
p1,2.085e+10,8.96889e-11,1.02001e-10,8.97059e-11,12.5838,22.168,12.7607,0.933708,0.602788,0.920944,11.7496,13.3626,11.7519
p1,2.09e+10,8.96862e-11,1.01999e-10,8.97035e-11,12.5994,22.1872,12.7761,0.934764,0.603699,0.922013,11.7775,13.3944,11.7797
p1,2.095e+10,8.96835e-11,1.01997e-10,8.97012e-11,12.6149,22.2064,12.7915,0.935818,0.604609,0.923081,11.8053,13.4262,11.8076
p1,2.1e+10,8.96809e-11,1.01996e-10,8.96989e-11,12.6305,22.2256,12.8069,0.936868,0.605518,0.924148,11.8331,13.458,11.8355
p1,2.105e+10,8.96783e-11,1.01994e-10,8.96966e-11,12.6461,22.2448,12.8223,0.937917,0.606426,0.925215,11.8609,13.4898,11.8634
p1,2.11e+10,8.96757e-11,1.01992e-10,8.96944e-11,12.6616,22.2639,12.8376,0.938962,0.607333,0.926281,11.8888,13.5216,11.8912
p1,2.115e+10,8.96732e-11,1.0199e-10,8.96922e-11,12.6772,22.2831,12.8529,0.940005,0.608239,0.927347,11.9166,13.5535,11.9191
p1,2.12e+10,8.96707e-11,1.01989e-10,8.969e-11,12.6927,22.3022,12.8682,0.941047,0.609144,0.928413,11.9445,13.5853,11.947
p1,2.125e+10,8.96683e-11,1.01987e-10,8.96879e-11,12.7083,22.3213,12.8835,0.942085,0.610048,0.929478,11.9723,13.6171,11.9749
p1,2.13e+10,8.96659e-11,1.01986e-10,8.96858e-11,12.7239,22.3404,12.8987,0.943122,0.610951,0.930542,12.0002,13.6489,12.0028
p1,2.135e+10,8.96636e-11,1.01984e-10,8.96838e-11,12.7395,22.3595,12.914,0.944154,0.611852,0.931606,12.028,13.6807,12.0307
p1,2.14e+10,8.96613e-11,1.01982e-10,8.96818e-11,12.755,22.3786,12.9292,0.945186,0.612753,0.932669,12.0559,13.7126,12.0586
p1,2.145e+10,8.9659e-11,1.01981e-10,8.96798e-11,12.7706,22.3977,12.9443,0.946213,0.613653,0.933732,12.0837,13.7444,12.0865
p1,2.15e+10,8.96568e-11,1.01979e-10,8.96779e-11,12.7862,22.4167,12.9595,0.947239,0.614551,0.934794,12.1116,13.7762,12.1145
p1,2.155e+10,8.96546e-11,1.01978e-10,8.9676e-11,12.8018,22.4357,12.9746,0.948263,0.615449,0.935856,12.1395,13.808,12.1424
p1,2.16e+10,8.96525e-11,1.01976e-10,8.96742e-11,12.8174,22.4548,12.9897,0.949286,0.616345,0.936918,12.1673,13.8399,12.1703
p1,2.165e+10,8.96504e-11,1.01975e-10,8.96723e-11,12.833,22.4738,13.0048,0.9503,0.61724,0.937979,12.1952,13.8717,12.1982
p1,2.17e+10,8.96484e-11,1.01973e-10,8.96705e-11,12.8487,22.4928,13.0198,0.951315,0.618135,0.939039,12.2231,13.9036,12.2261
p1,2.175e+10,8.96464e-11,1.01972e-10,8.96688e-11,12.8643,22.5117,13.0349,0.95233,0.619028,0.940099,12.251,13.9354,12.2541
p1,2.18e+10,8.96444e-11,1.0197e-10,8.96671e-11,12.8799,22.5307,13.0499,0.953336,0.61992,0.941159,12.2789,13.9672,12.282
p1,2.185e+10,8.96425e-11,1.01969e-10,8.96654e-11,12.8956,22.5497,13.0649,0.954344,0.620812,0.942218,12.3068,13.9991,12.3099
p1,2.19e+10,8.96406e-11,1.01968e-10,8.96637e-11,12.9112,22.5686,13.0798,0.955348,0.621702,0.943276,12.3347,14.0309,12.3379
p1,2.195e+10,8.96387e-11,1.01966e-10,8.96621e-11,12.9269,22.5875,13.0948,0.95635,0.622591,0.944335,12.3626,14.0628,12.3658
p1,2.2e+10,8.9637e-11,1.01965e-10,8.96606e-11,12.9425,22.6064,13.1097,0.957348,0.623479,0.945392,12.3905,14.0946,12.3938
p1,2.205e+10,8.96352e-11,1.01964e-10,8.9659e-11,12.9582,22.6253,13.1246,0.958345,0.624367,0.94645,12.4184,14.1265,12.4217
p1,2.21e+10,8.96335e-11,1.01963e-10,8.96575e-11,12.9739,22.6442,13.1394,0.959338,0.625253,0.947506,12.4464,14.1584,12.4497
p1,2.215e+10,8.96318e-11,1.01961e-10,8.9656e-11,12.9896,22.6631,13.1543,0.960329,0.626138,0.948563,12.4743,14.1902,12.4777
p1,2.22e+10,8.96302e-11,1.0196e-10,8.96546e-11,13.0053,22.6819,13.1691,0.961315,0.627022,0.949619,12.5022,14.2221,12.5056
p1,2.225e+10,8.96286e-11,1.01959e-10,8.96532e-11,13.021,22.7008,13.1839,0.962301,0.627905,0.950674,12.5302,14.2539,12.5336
p1,2.23e+10,8.9627e-11,1.01958e-10,8.96518e-11,13.0368,22.7196,13.1987,0.963284,0.628787,0.95173,12.5581,14.2858,12.5616
p1,2.235e+10,8.96255e-11,1.01957e-10,8.96505e-11,13.0525,22.7384,13.2134,0.964262,0.629668,0.952784,12.586,14.3177,12.5895
p1,2.24e+10,8.9624e-11,1.01955e-10,8.96492e-11,13.0683,22.7572,13.2282,0.965238,0.630549,0.953839,12.614,14.3496,12.6175
p1,2.245e+10,8.96226e-11,1.01954e-10,8.96479e-11,13.084,22.776,13.2429,0.966211,0.631428,0.954893,12.6419,14.3814,12.6455
p1,2.25e+10,8.96212e-11,1.01953e-10,8.96467e-11,13.0998,22.7948,13.2575,0.967183,0.632306,0.955946,12.6699,14.4133,12.6735
p1,2.255e+10,8.96198e-11,1.01952e-10,8.96455e-11,13.1156,22.8136,13.2722,0.96815,0.633183,0.956999,12.6979,14.4452,12.7015
p1,2.26e+10,8.96185e-11,1.01951e-10,8.96443e-11,13.1313,22.8324,13.2868,0.969119,0.634059,0.958052,12.7258,14.4771,12.7295
p1,2.265e+10,8.96172e-11,1.0195e-10,8.96431e-11,13.1472,22.8511,13.3015,0.970078,0.634935,0.959104,12.7538,14.509,12.7575
p1,2.27e+10,8.9616e-11,1.01949e-10,8.9642e-11,13.163,22.8698,13.3161,0.971038,0.635809,0.960156,12.7818,14.5408,12.7855
p1,2.275e+10,8.96148e-11,1.01948e-10,8.9641e-11,13.1788,22.8885,13.3306,0.971996,0.636682,0.961207,12.8098,14.5727,12.8135
p1,2.28e+10,8.96136e-11,1.01947e-10,8.96399e-11,13.1947,22.9073,13.3452,0.97295,0.637554,0.962259,12.8377,14.6046,12.8415
p1,2.285e+10,8.96125e-11,1.01946e-10,8.96389e-11,13.2105,22.9259,13.3597,0.973903,0.638426,0.963309,12.8657,14.6365,12.8695
p1,2.29e+10,8.96114e-11,1.01945e-10,8.96379e-11,13.2264,22.9446,13.3742,0.974852,0.639296,0.96436,12.8937,14.6684,12.8975
p1,2.295e+10,8.96104e-11,1.01945e-10,8.9637e-11,13.2423,22.9633,13.3887,0.975796,0.640166,0.96541,12.9217,14.7003,12.9256
p1,2.3e+10,8.96094e-11,1.01944e-10,8.96361e-11,13.2581,22.982,13.4032,0.97674,0.641034,0.966459,12.9497,14.7322,12.9536
p1,2.305e+10,8.96084e-11,1.01943e-10,8.96352e-11,13.274,23.0006,13.4176,0.977682,0.641902,0.967509,12.9778,14.7641,12.9816
p1,2.31e+10,8.96075e-11,1.01942e-10,8.96343e-11,13.2899,23.0192,13.432,0.978619,0.642768,0.968558,13.0058,14.796,13.0097
p1,2.315e+10,8.96066e-11,1.01941e-10,8.96335e-11,13.3059,23.0379,13.4464,0.979553,0.643634,0.969606,13.0338,14.8279,13.0377
p1,2.32e+10,8.96057e-11,1.01941e-10,8.96327e-11,13.3218,23.0565,13.4608,0.980486,0.644499,0.970654,13.0618,14.8599,13.0658
p1,2.325e+10,8.96049e-11,1.0194e-10,8.9632e-11,13.3377,23.0751,13.4751,0.981415,0.645362,0.971702,13.0899,14.8918,13.0938
p1,2.33e+10,8.96041e-11,1.01939e-10,8.96313e-11,13.3537,23.0937,13.4894,0.982344,0.646225,0.97275,13.1179,14.9237,13.1219
p1,2.335e+10,8.96034e-11,1.01938e-10,8.96306e-11,13.3696,23.1122,13.5038,0.983269,0.647087,0.973797,13.1459,14.9556,13.1499
p1,2.34e+10,8.96027e-11,1.01938e-10,8.96299e-11,13.3856,23.1308,13.518,0.984192,0.647948,0.974844,13.174,14.9875,13.178
p1,2.345e+10,8.96021e-11,1.01937e-10,8.96293e-11,13.4015,23.1493,13.5323,0.985112,0.648808,0.97589,13.202,15.0195,13.206
p1,2.35e+10,8.96014e-11,1.01936e-10,8.96287e-11,13.4175,23.1679,13.5465,0.98603,0.649667,0.976936,13.2301,15.0514,13.2341
p1,2.355e+10,8.96009e-11,1.01936e-10,8.96281e-11,13.4336,23.1864,13.5608,0.986942,0.650526,0.977982,13.2582,15.0833,13.2622
p1,2.36e+10,8.96003e-11,1.01935e-10,8.96276e-11,13.4495,23.2049,13.575,0.987857,0.651383,0.979027,13.2862,15.1153,13.2903
p1,2.365e+10,8.95998e-11,1.01935e-10,8.96271e-11,13.4656,23.2234,13.5891,0.988767,0.652239,0.980072,13.3143,15.1472,13.3183
p1,2.37e+10,8.95993e-11,1.01934e-10,8.96266e-11,13.4815,23.2419,13.6033,0.989678,0.653095,0.981117,13.3424,15.1792,13.3464
p1,2.375e+10,8.95989e-11,1.01934e-10,8.96261e-11,13.4976,23.2604,13.6174,0.99058,0.653949,0.982162,13.3705,15.2111,13.3745
p1,2.38e+10,8.95985e-11,1.01933e-10,8.96257e-11,13.5136,23.2788,13.6315,0.991485,0.654803,0.983206,13.3985,15.2431,13.4026
p1,2.385e+10,8.95981e-11,1.01933e-10,8.96253e-11,13.5296,23.2973,13.6456,0.992388,0.655656,0.98425,13.4266,15.275,13.4307
p1,2.39e+10,8.95978e-11,1.01932e-10,8.9625e-11,13.5457,23.3157,13.6597,0.993285,0.656508,0.985293,13.4547,15.307,13.4588
p1,2.395e+10,8.95975e-11,1.01932e-10,8.96247e-11,13.5617,23.3342,13.6738,0.994184,0.657359,0.986337,13.4828,15.3389,13.4869
p1,2.4e+10,8.95973e-11,1.01931e-10,8.96244e-11,13.5778,23.3526,13.6878,0.995076,0.658209,0.987379,13.511,15.3709,13.515
p1,2.405e+10,8.95971e-11,1.01931e-10,8.96241e-11,13.5938,23.371,13.7018,0.995971,0.659058,0.988422,13.5391,15.4029,13.5432
p1,2.41e+10,8.95969e-11,1.01931e-10,8.96239e-11,13.6099,23.3894,13.7158,0.996859,0.659907,0.989464,13.5672,15.4348,13.5713
p1,2.415e+10,8.95968e-11,1.0193e-10,8.96237e-11,13.626,23.4078,13.7297,0.997748,0.660754,0.990506,13.5953,15.4668,13.5994
p1,2.42e+10,8.95967e-11,1.0193e-10,8.96235e-11,13.642,23.4261,13.7437,0.998638,0.661601,0.991548,13.6235,15.4988,13.6275
p1,2.425e+10,8.95966e-11,1.0193e-10,8.96233e-11,13.6581,23.4445,13.7576,0.999521,0.662447,0.99259,13.6516,15.5307,13.6557
p1,2.43e+10,8.95966e-11,1.01929e-10,8.96232e-11,13.6742,23.4629,13.7715,1.00041,0.663292,0.993631,13.6797,15.5627,13.6838
p1,2.435e+10,8.95966e-11,1.01929e-10,8.96231e-11,13.6902,23.4812,13.7854,1.00129,0.664136,0.994672,13.7079,15.5947,13.7119
p1,2.44e+10,8.95966e-11,1.01929e-10,8.96231e-11,13.7063,23.4995,13.7993,1.00217,0.664979,0.995712,13.736,15.6267,13.7401
p1,2.445e+10,8.95967e-11,1.01929e-10,8.9623e-11,13.7224,23.5178,13.8131,1.00305,0.665822,0.996753,13.7642,15.6587,13.7682
p1,2.45e+10,8.95968e-11,1.01929e-10,8.9623e-11,13.7385,23.5361,13.8269,1.00392,0.666663,0.997793,13.7924,15.6907,13.7964
p1,2.455e+10,8.9597e-11,1.01928e-10,8.96231e-11,13.7545,23.5544,13.8407,1.0048,0.667504,0.998832,13.8205,15.7227,13.8246
p1,2.46e+10,8.95972e-11,1.01928e-10,8.96231e-11,13.7705,23.5727,13.8545,1.00568,0.668344,0.999872,13.8487,15.7547,13.8527
p1,2.465e+10,8.95974e-11,1.01928e-10,8.96232e-11,13.7866,23.591,13.8683,1.00655,0.669183,1.00091,13.8769,15.7867,13.8809
p1,2.47e+10,8.95976e-11,1.01928e-10,8.96233e-11,13.8026,23.6092,13.882,1.00742,0.670021,1.00195,13.9051,15.8187,13.9091
p1,2.475e+10,8.95979e-11,1.01928e-10,8.96235e-11,13.8187,23.6275,13.8957,1.00829,0.670859,1.00299,13.9333,15.8507,13.9372
p1,2.48e+10,8.95983e-11,1.01928e-10,8.96236e-11,13.8347,23.6457,13.9094,1.00916,0.671695,1.00403,13.9615,15.8827,13.9654
p1,2.485e+10,8.95986e-11,1.01928e-10,8.96238e-11,13.8507,23.6639,13.9231,1.01003,0.672531,1.00507,13.9897,15.9147,13.9936
p1,2.49e+10,8.9599e-11,1.01928e-10,8.96241e-11,13.8667,23.6821,13.9367,1.0109,0.673366,1.0061,14.0179,15.9467,14.0218
p1,2.495e+10,8.95995e-11,1.01928e-10,8.96243e-11,13.8827,23.7003,13.9504,1.01177,0.6742,1.00714,14.0461,15.9788,14.05
p1,2.5e+10,8.95999e-11,1.01928e-10,8.96246e-11,13.8987,23.7185,13.964,1.01264,0.675033,1.00818,14.0743,16.0108,14.0782
p1,2.505e+10,8.96004e-11,1.01928e-10,8.96249e-11,13.9147,23.7367,13.9776,1.0135,0.675866,1.00922,14.1026,16.0428,14.1064
p1,2.51e+10,8.9601e-11,1.01928e-10,8.96252e-11,13.9307,23.7548,13.9912,1.01437,0.676698,1.01025,14.1308,16.0748,14.1346
p1,2.515e+10,8.96015e-11,1.01928e-10,8.96256e-11,13.9466,23.773,14.0047,1.01523,0.677529,1.01129,14.159,16.1069,14.1628
p1,2.52e+10,8.96021e-11,1.01928e-10,8.9626e-11,13.9625,23.7911,14.0183,1.0161,0.678359,1.01233,14.1873,16.1389,14.191
p1,2.525e+10,8.96028e-11,1.01928e-10,8.96264e-11,13.9784,23.8093,14.0318,1.01696,0.679188,1.01336,14.2155,16.171,14.2193
p1,2.53e+10,8.96035e-11,1.01928e-10,8.96269e-11,13.9943,23.8274,14.0453,1.01783,0.680017,1.0144,14.2438,16.203,14.2475
p1,2.535e+10,8.96041e-11,1.01929e-10,8.96274e-11,14.0102,23.8455,14.0587,1.01869,0.680844,1.01543,14.272,16.2351,14.2757
p1,2.54e+10,8.96049e-11,1.01929e-10,8.96279e-11,14.026,23.8636,14.0722,1.01955,0.681671,1.01647,14.3003,16.2671,14.304
p1,2.545e+10,8.96057e-11,1.01929e-10,8.96284e-11,14.0419,23.8816,14.0856,1.02042,0.682498,1.01751,14.3286,16.2992,14.3322
p1,2.55e+10,8.96065e-11,1.01929e-10,8.96289e-11,14.0577,23.8997,14.0991,1.02128,0.683323,1.01854,14.3569,16.3312,14.3605
p1,2.555e+10,8.96073e-11,1.01929e-10,8.96295e-11,14.0735,23.9178,14.1125,1.02215,0.684148,1.01958,14.3851,16.3633,14.3887
p1,2.56e+10,8.96082e-11,1.0193e-10,8.96301e-11,14.0892,23.9358,14.1258,1.02301,0.684972,1.02061,14.4134,16.3954,14.417
p1,2.565e+10,8.96091e-11,1.0193e-10,8.96308e-11,14.105,23.9538,14.1392,1.02388,0.685795,1.02164,14.4417,16.4274,14.4452
p1,2.57e+10,8.961e-11,1.0193e-10,8.96315e-11,14.1207,23.9719,14.1525,1.02474,0.686617,1.02268,14.47,16.4595,14.4735
p1,2.575e+10,8.9611e-11,1.01931e-10,8.96321e-11,14.1364,23.9899,14.1659,1.02561,0.687439,1.02371,14.4983,16.4916,14.5018
p1,2.58e+10,8.9612e-11,1.01931e-10,8.96329e-11,14.152,24.0079,14.1792,1.02647,0.68826,1.02475,14.5267,16.5237,14.53
p1,2.585e+10,8.9613e-11,1.01931e-10,8.96336e-11,14.1676,24.0258,14.1924,1.02734,0.68908,1.02578,14.555,16.5557,14.5583
p1,2.59e+10,8.9614e-11,1.01932e-10,8.96344e-11,14.1832,24.0438,14.2057,1.02821,0.6899,1.02681,14.5833,16.5878,14.5866
p1,2.595e+10,8.96151e-11,1.01932e-10,8.96352e-11,14.1987,24.0618,14.2189,1.02908,0.690718,1.02785,14.6116,16.6199,14.6149
p1,2.6e+10,8.96162e-11,1.01933e-10,8.9636e-11,14.2143,24.0797,14.2322,1.02995,0.691536,1.02888,14.64,16.652,14.6432
p1,2.605e+10,8.96174e-11,1.01933e-10,8.96369e-11,14.2297,24.0977,14.2454,1.03082,0.692354,1.02991,14.6683,16.6841,14.6715
p1,2.61e+10,8.96186e-11,1.01934e-10,8.96378e-11,14.2451,24.1156,14.2586,1.0317,0.69317,1.03095,14.6967,16.7162,14.6998
p1,2.615e+10,8.96198e-11,1.01934e-10,8.96387e-11,14.2606,24.1335,14.2717,1.03257,0.693986,1.03198,14.725,16.7483,14.7281
p1,2.62e+10,8.9621e-11,1.01935e-10,8.96396e-11,14.2759,24.1514,14.2849,1.03345,0.694801,1.03301,14.7534,16.7804,14.7564
p1,2.625e+10,8.96223e-11,1.01935e-10,8.96406e-11,14.2912,24.1693,14.298,1.03432,0.695616,1.03404,14.7817,16.8125,14.7847
p1,2.63e+10,8.96236e-11,1.01936e-10,8.96415e-11,14.3065,24.1872,14.3111,1.0352,0.696429,1.03508,14.8101,16.8447,14.8131
p1,2.635e+10,8.96249e-11,1.01936e-10,8.96426e-11,14.3217,24.205,14.3242,1.03608,0.697242,1.03611,14.8385,16.8768,14.8414
p1,2.64e+10,8.96263e-11,1.01937e-10,8.96436e-11,14.3369,24.2229,14.3373,1.03697,0.698055,1.03714,14.8669,16.9089,14.8697
p1,2.645e+10,8.96277e-11,1.01938e-10,8.96447e-11,14.352,24.2407,14.3503,1.03785,0.698866,1.03817,14.8952,16.941,14.8981
p1,2.65e+10,8.96291e-11,1.01938e-10,8.96457e-11,14.3671,24.2586,14.3633,1.03873,0.699677,1.0392,14.9236,16.9732,14.9264
p1,2.655e+10,8.96305e-11,1.01939e-10,8.96469e-11,14.3821,24.2764,14.3764,1.03963,0.700487,1.04023,14.952,17.0053,14.9548
p1,2.66e+10,8.9632e-11,1.0194e-10,8.9648e-11,14.3971,24.2942,14.3894,1.04052,0.701297,1.04126,14.9804,17.0374,14.9831
p1,2.665e+10,8.96335e-11,1.0194e-10,8.96492e-11,14.4121,24.312,14.4023,1.04141,0.702106,1.04229,15.0089,17.0696,15.0115
p1,2.67e+10,8.96351e-11,1.01941e-10,8.96504e-11,14.4269,24.3298,14.4153,1.0423,0.702914,1.04332,15.0373,17.1017,15.0398
p1,2.675e+10,8.96366e-11,1.01942e-10,8.96516e-11,14.4418,24.3475,14.4282,1.0432,0.703721,1.04436,15.0657,17.1339,15.0682
p1,2.68e+10,8.96382e-11,1.01943e-10,8.96528e-11,14.4565,24.3653,14.4412,1.0441,0.704528,1.04539,15.0941,17.166,15.0966
p1,2.685e+10,8.96398e-11,1.01943e-10,8.96541e-11,14.4713,24.383,14.4541,1.04501,0.705334,1.04642,15.1226,17.1982,15.125
p1,2.69e+10,8.96414e-11,1.01944e-10,8.96554e-11,14.4859,24.4008,14.4669,1.04591,0.70614,1.04745,15.151,17.2304,15.1533
p1,2.695e+10,8.96431e-11,1.01945e-10,8.96567e-11,14.5005,24.4185,14.4798,1.04682,0.706945,1.04848,15.1794,17.2625,15.1817
p1,2.7e+10,8.96448e-11,1.01946e-10,8.9658e-11,14.515,24.4362,14.4927,1.04773,0.707749,1.04951,15.2079,17.2947,15.2101
p1,2.705e+10,8.96465e-11,1.01947e-10,8.96594e-11,14.5295,24.4539,14.5055,1.04865,0.708552,1.05054,15.2363,17.3269,15.2385
p1,2.71e+10,8.96483e-11,1.01948e-10,8.96608e-11,14.5439,24.4716,14.5183,1.04957,0.709355,1.05156,15.2648,17.3591,15.2669
p1,2.715e+10,8.96501e-11,1.01948e-10,8.96622e-11,14.5583,24.4893,14.5311,1.05049,0.710158,1.05259,15.2933,17.3912,15.2953
p1,2.72e+10,8.96519e-11,1.01949e-10,8.96637e-11,14.5726,24.5069,14.5439,1.05141,0.710959,1.05362,15.3217,17.4234,15.3238
p1,2.725e+10,8.96537e-11,1.0195e-10,8.96651e-11,14.5867,24.5246,14.5566,1.05234,0.71176,1.05465,15.3502,17.4556,15.3522
p1,2.73e+10,8.96556e-11,1.01951e-10,8.96666e-11,14.6009,24.5422,14.5694,1.05327,0.71256,1.05568,15.3787,17.4878,15.3806
p1,2.735e+10,8.96574e-11,1.01952e-10,8.96682e-11,14.615,24.5598,14.5821,1.05421,0.71336,1.05671,15.4072,17.52,15.409
p1,2.74e+10,8.96593e-11,1.01953e-10,8.96697e-11,14.629,24.5774,14.5948,1.05514,0.714159,1.05774,15.4357,17.5522,15.4375
p1,2.745e+10,8.96613e-11,1.01954e-10,8.96713e-11,14.643,24.595,14.6075,1.05608,0.714958,1.05877,15.4642,17.5844,15.4659
p1,2.75e+10,8.96632e-11,1.01955e-10,8.96729e-11,14.6568,24.6126,14.6201,1.05703,0.715756,1.0598,15.4927,17.6166,15.4944
p1,2.755e+10,8.96652e-11,1.01956e-10,8.96745e-11,14.6706,24.6302,14.6328,1.05798,0.716553,1.06082,15.5212,17.6488,15.5228
p1,2.76e+10,8.96673e-11,1.01958e-10,8.96761e-11,14.6844,24.6478,14.6454,1.05893,0.717349,1.06185,15.5497,17.6811,15.5513
p1,2.765e+10,8.96693e-11,1.01959e-10,8.96778e-11,14.698,24.6653,14.658,1.05989,0.718145,1.06288,15.5783,17.7133,15.5797
p1,2.77e+10,8.96714e-11,1.0196e-10,8.96795e-11,14.7116,24.6829,14.6706,1.06085,0.718941,1.06391,15.6068,17.7455,15.6082
p1,2.775e+10,8.96734e-11,1.01961e-10,8.96812e-11,14.7251,24.7004,14.6832,1.06181,0.719735,1.06494,15.6353,17.7777,15.6367
p1,2.78e+10,8.96756e-11,1.01962e-10,8.96829e-11,14.7386,24.7179,14.6958,1.06278,0.72053,1.06596,15.6639,17.81,15.6651
p1,2.785e+10,8.96777e-11,1.01963e-10,8.96847e-11,14.7519,24.7354,14.7083,1.06375,0.721323,1.06699,15.6924,17.8422,15.6936
p1,2.79e+10,8.96799e-11,1.01964e-10,8.96865e-11,14.7652,24.7529,14.7208,1.06473,0.722116,1.06802,15.721,17.8745,15.7221
p1,2.795e+10,8.96821e-11,1.01966e-10,8.96883e-11,14.7784,24.7704,14.7333,1.06571,0.722909,1.06905,15.7495,17.9067,15.7506
p1,2.8e+10,8.96843e-11,1.01967e-10,8.96901e-11,14.7915,24.7878,14.7458,1.0667,0.723701,1.07007,15.7781,17.939,15.7791
p1,2.805e+10,8.96865e-11,1.01968e-10,8.9692e-11,14.8046,24.8053,14.7583,1.06769,0.724492,1.0711,15.8067,17.9712,15.8076
p1,2.81e+10,8.96888e-11,1.01969e-10,8.96939e-11,14.8175,24.8227,14.7707,1.06868,0.725282,1.07213,15.8352,18.0035,15.8361
p1,2.815e+10,8.96911e-11,1.01971e-10,8.96958e-11,14.8304,24.8401,14.7832,1.06968,0.726073,1.07316,15.8638,18.0357,15.8646
p1,2.82e+10,8.96934e-11,1.01972e-10,8.96977e-11,14.8432,24.8575,14.7956,1.07068,0.726862,1.07418,15.8924,18.068,15.8932
p1,2.825e+10,8.96958e-11,1.01973e-10,8.96997e-11,14.856,24.8749,14.808,1.07169,0.727651,1.07521,15.921,18.1003,15.9217
p1,2.83e+10,8.96982e-11,1.01975e-10,8.97017e-11,14.8686,24.8923,14.8204,1.0727,0.72844,1.07624,15.9496,18.1326,15.9502
p1,2.835e+10,8.97006e-11,1.01976e-10,8.97037e-11,14.8812,24.9097,14.8328,1.07372,0.729227,1.07726,15.9782,18.1648,15.9788
p1,2.84e+10,8.9703e-11,1.01978e-10,8.97057e-11,14.8937,24.9271,14.8451,1.07474,0.730015,1.07829,16.0068,18.1971,16.0073
p1,2.845e+10,8.97055e-11,1.01979e-10,8.97078e-11,14.9061,24.9444,14.8574,1.07576,0.730801,1.07932,16.0354,18.2294,16.0359
p1,2.85e+10,8.97079e-11,1.0198e-10,8.97098e-11,14.9185,24.9617,14.8697,1.07679,0.731588,1.08034,16.0641,18.2617,16.0644
p1,2.855e+10,8.97104e-11,1.01982e-10,8.97119e-11,14.9307,24.9791,14.882,1.07783,0.732373,1.08137,16.0927,18.294,16.093
p1,2.86e+10,8.9713e-11,1.01983e-10,8.97141e-11,14.9429,24.9964,14.8943,1.07887,0.733158,1.08239,16.1213,18.3263,16.1215
p1,2.865e+10,8.97155e-11,1.01985e-10,8.97162e-11,14.955,25.0137,14.9066,1.07991,0.733943,1.08342,16.15,18.3586,16.1501
p1,2.87e+10,8.97181e-11,1.01986e-10,8.97184e-11,14.967,25.031,14.9188,1.08096,0.734727,1.08445,16.1786,18.3909,16.1787
p1,2.875e+10,8.97207e-11,1.01988e-10,8.97206e-11,14.9789,25.0482,14.9311,1.08201,0.735511,1.08547,16.2073,18.4232,16.2073
p1,2.88e+10,8.97234e-11,1.01989e-10,8.97228e-11,14.9908,25.0655,14.9433,1.08306,0.736294,1.0865,16.236,18.4556,16.2359
p1,2.885e+10,8.9726e-11,1.01991e-10,8.9725e-11,15.0025,25.0827,14.9555,1.08413,0.737076,1.08753,16.2646,18.4879,16.2644
p1,2.89e+10,8.97287e-11,1.01993e-10,8.97273e-11,15.0142,25.1,14.9676,1.08519,0.737858,1.08855,16.2933,18.5202,16.293
p1,2.895e+10,8.97315e-11,1.01994e-10,8.97296e-11,15.0258,25.1172,14.9798,1.08626,0.738639,1.08958,16.322,18.5525,16.3217
p1,2.9e+10,8.97342e-11,1.01996e-10,8.97319e-11,15.0374,25.1344,14.9919,1.08734,0.73942,1.0906,16.3507,18.5849,16.3503
p1,2.905e+10,8.9737e-11,1.01997e-10,8.97342e-11,15.0488,25.1516,15.0041,1.08842,0.740201,1.09163,16.3794,18.6172,16.3789
p1,2.91e+10,8.97398e-11,1.01999e-10,8.97366e-11,15.0602,25.1688,15.0162,1.0895,0.740981,1.09265,16.4081,18.6496,16.4075
p1,2.915e+10,8.97426e-11,1.02001e-10,8.9739e-11,15.0715,25.1859,15.0283,1.09059,0.74176,1.09368,16.4368,18.6819,16.4361
p1,2.92e+10,8.97455e-11,1.02002e-10,8.97414e-11,15.0827,25.2031,15.0404,1.09168,0.742539,1.09471,16.4655,18.7143,16.4648
p1,2.925e+10,8.97484e-11,1.02004e-10,8.97438e-11,15.0939,25.2202,15.0524,1.09278,0.743317,1.09573,16.4942,18.7466,16.4934
p1,2.93e+10,8.97513e-11,1.02006e-10,8.97462e-11,15.105,25.2374,15.0645,1.09387,0.744095,1.09676,16.523,18.779,16.522
p1,2.935e+10,8.97543e-11,1.02008e-10,8.97487e-11,15.116,25.2545,15.0765,1.09498,0.744873,1.09778,16.5517,18.8114,16.5507
p1,2.94e+10,8.97572e-11,1.02009e-10,8.97512e-11,15.1269,25.2716,15.0885,1.09609,0.74565,1.09881,16.5805,18.8437,16.5793
p1,2.945e+10,8.97602e-11,1.02011e-10,8.97537e-11,15.1378,25.2887,15.1005,1.0972,0.746426,1.09983,16.6092,18.8761,16.608
p1,2.95e+10,8.97633e-11,1.02013e-10,8.97563e-11,15.1486,25.3057,15.1125,1.09832,0.747202,1.10086,16.638,18.9085,16.6367
p1,2.955e+10,8.97663e-11,1.02015e-10,8.97588e-11,15.1593,25.3228,15.1244,1.09944,0.747978,1.10188,16.6667,18.9409,16.6654
p1,2.96e+10,8.97694e-11,1.02017e-10,8.97614e-11,15.17,25.3399,15.1364,1.10056,0.748753,1.10291,16.6955,18.9733,16.694
p1,2.965e+10,8.97726e-11,1.02019e-10,8.9764e-11,15.1806,25.3569,15.1483,1.10169,0.749527,1.10393,16.7243,19.0057,16.7227
p1,2.97e+10,8.97757e-11,1.0202e-10,8.97666e-11,15.1911,25.3739,15.1602,1.10282,0.750301,1.10496,16.7531,19.0381,16.7514
p1,2.975e+10,8.97789e-11,1.02022e-10,8.97693e-11,15.2016,25.3909,15.1721,1.10396,0.751075,1.10598,16.7819,19.0705,16.7801
p1,2.98e+10,8.97821e-11,1.02024e-10,8.9772e-11,15.212,25.4079,15.184,1.1051,0.751848,1.10701,16.8107,19.1029,16.8088
p1,2.985e+10,8.97854e-11,1.02026e-10,8.97747e-11,15.2224,25.4249,15.1958,1.10624,0.752621,1.10803,16.8395,19.1353,16.8375
p1,2.99e+10,8.97887e-11,1.02028e-10,8.97774e-11,15.2327,25.4419,15.2077,1.10738,0.753393,1.10906,16.8684,19.1677,16.8662
p1,2.995e+10,8.9792e-11,1.0203e-10,8.97801e-11,15.2429,25.4588,15.2195,1.10853,0.754165,1.11009,16.8972,19.2002,16.895
p1,3e+10,8.97953e-11,1.02032e-10,8.97829e-11,15.2531,25.4758,15.2313,1.10967,0.754936,1.11111,16.926,19.2326,16.9237
p13,100000000,5.04215e-09,5.41113e-09,5.04268e-09,0.465044,0.543841,0.473323,6.81241,6.25166,6.69397,3.16807,3.39991,3.16841
p13,150000000,5.04318e-09,5.41178e-09,5.04372e-09,0.69729,0.815572,0.709524,6.8165,6.25387,6.69969,4.75308,5.10048,4.75359
p13,200000000,5.04462e-09,5.41267e-09,5.04515e-09,0.929202,1.08706,0.94516,6.82226,6.25703,6.70778,6.33925,6.80177,6.33992
p13,250000000,5.04647e-09,5.41381e-09,5.04695e-09,1.16067,1.3582,1.18003,6.82968,6.26122,6.71827,7.92697,8.50399,7.92773
p13,300000000,5.04873e-09,5.41517e-09,5.04912e-09,1.39156,1.62887,1.41392,6.83881,6.26652,6.73121,9.51664,10.2074,9.51736
p13,350000000,5.05141e-09,5.41675e-09,5.05164e-09,1.62178,1.89893,1.64662,6.84967,6.27303,6.74664,11.1086,11.912,11.1091
p13,400000000,5.05449e-09,5.41852e-09,5.05452e-09,1.85118,2.16822,1.87793,6.86229,6.28084,6.76457,12.7033,13.6182,12.7034
p13,450000000,5.05799e-09,5.42049e-09,5.05774e-09,2.07964,2.43656,2.10765,6.87672,6.29005,6.78502,14.3011,15.3261,14.3004
p13,500000000,5.0619e-09,5.42263e-09,5.06132e-09,2.30704,2.70375,2.33558,6.89301,6.30077,6.808,15.9024,17.0357,15.9006
p13,550000000,5.06622e-09,5.42493e-09,5.06525e-09,2.53322,2.96958,2.56152,6.9112,6.31308,6.83353,17.5076,18.7472,17.5043
p13,600000000,5.07095e-09,5.42738e-09,5.06954e-09,2.75805,3.23383,2.78531,6.93135,6.32708,6.86161,19.117,20.4607,19.1117
p13,650000000,5.07609e-09,5.42997e-09,5.07419e-09,2.98138,3.49628,3.00676,6.95352,6.34284,6.89226,20.7311,22.1764,20.7233
p13,700000000,5.08164e-09,5.43269e-09,5.0792e-09,3.20306,3.75669,3.22569,6.97777,6.36044,6.92549,22.3502,23.8942,22.3395
p13,750000000,5.08761e-09,5.43553e-09,5.08458e-09,3.42292,4.01482,3.44196,7.00418,6.37994,6.96131,23.9748,25.6143,23.9605
p13,800000000,5.09398e-09,5.43849e-09,5.09034e-09,3.64081,4.27046,3.65539,7.03281,6.40139,6.99975,25.6052,27.3368,25.5868
p13,850000000,5.10077e-09,5.44157e-09,5.09647e-09,3.85655,4.52336,3.86585,7.06375,6.42483,7.04081,27.2417,29.0618,27.2187
p13,900000000,5.10797e-09,5.44474e-09,5.10298e-09,4.06997,4.7733,4.07319,7.09707,6.45031,7.08453,28.8849,30.7893,28.8567
p13,950000000,5.11558e-09,5.44803e-09,5.10987e-09,4.28089,5.02009,4.27728,7.13287,6.47786,7.13092,30.535,32.5194,30.501
p13,1000000000,5.12361e-09,5.45142e-09,5.11715e-09,4.48913,5.2635,4.47799,7.17122,6.5075,7.18002,32.1926,34.2523,32.152
p13,1050000000,5.13204e-09,5.45491e-09,5.12483e-09,4.69452,5.50336,4.6752,7.21222,6.53925,7.23184,33.8579,35.9879,33.8103
p13,1100000000,5.1409e-09,5.4585e-09,5.1329e-09,4.89685,5.73949,4.86879,7.25596,6.57314,7.28642,35.5313,37.7264,35.476
p13,1150000000,5.15016e-09,5.46219e-09,5.14137e-09,5.09595,5.9717,5.05867,7.30254,6.60916,7.34379,37.2133,39.4679,37.1498
p13,1200000000,5.15985e-09,5.46598e-09,5.15025e-09,5.29163,6.19985,5.24474,7.35205,6.64734,7.40398,38.9043,41.2125,38.8319
p13,1250000000,5.16995e-09,5.46987e-09,5.15953e-09,5.48371,6.42379,5.4269,7.40461,6.68769,7.46704,40.6047,42.9603,40.5229
p13,1300000000,5.18047e-09,5.47387e-09,5.16923e-09,5.67199,6.64339,5.60508,7.46031,6.73021,7.533,42.3148,44.7114,42.223
p13,1350000000,5.19141e-09,5.47797e-09,5.17935e-09,5.85631,6.85852,5.77919,7.51926,6.7749,7.6019,44.0351,46.4658,43.9328
p13,1400000000,5.20277e-09,5.48218e-09,5.1899e-09,6.03648,7.06909,5.94919,7.58157,6.82179,7.67378,45.766,48.2238,45.6527
p13,1450000000,5.21456e-09,5.4865e-09,5.20088e-09,6.21233,7.27499,6.11499,7.64734,6.87086,7.7487,47.5079,49.9854,47.3832
p13,1500000000,5.22677e-09,5.49093e-09,5.21229e-09,6.38372,7.47613,6.27655,7.71669,6.92213,7.8267,49.2612,51.7508,49.1247
p13,1550000000,5.23941e-09,5.49546e-09,5.22415e-09,6.55046,7.67244,6.43383,7.78973,6.97561,7.90783,51.0263,53.52,50.8776
p13,1600000000,5.25249e-09,5.50012e-09,5.23645e-09,6.71243,7.86386,6.58678,7.86656,7.0313,7.99216,52.8038,55.2932,52.6426
p13,1650000000,5.266e-09,5.50488e-09,5.24921e-09,6.86948,8.05033,6.73537,7.94732,7.08922,8.07973,54.5939,57.0705,54.4199
p13,1700000000,5.27994e-09,5.50976e-09,5.26244e-09,7.02148,8.2318,6.87956,8.0321,7.14936,8.17061,56.3973,58.8521,56.2103
p13,1750000000,5.29433e-09,5.51477e-09,5.27613e-09,7.16833,8.40824,7.01935,8.12104,7.21174,8.26487,58.2142,60.638,58.014
p13,1800000000,5.30917e-09,5.51989e-09,5.29029e-09,7.3099,8.57962,7.15472,8.21424,7.27637,8.36257,60.0453,62.4285,59.8318
p13,1850000000,5.32446e-09,5.52513e-09,5.30494e-09,7.44613,8.74592,7.28565,8.31182,7.34326,8.46378,61.8909,64.2236,61.6641
p13,1900000000,5.3402e-09,5.5305e-09,5.32009e-09,7.57693,8.90713,7.41214,8.4139,7.41242,8.56858,63.7516,66.0234,63.5115
p13,1950000000,5.3564e-09,5.536e-09,5.33573e-09,7.70224,9.06325,7.53418,8.52061,7.48387,8.67705,65.6278,67.8282,65.3745
p13,2000000000,5.37307e-09,5.54162e-09,5.35188e-09,7.82201,9.21428,7.65179,8.63206,7.55762,8.78927,67.52,69.6381,67.2537
p13,2050000000,5.39021e-09,5.54737e-09,5.36855e-09,7.9362,9.36023,7.76498,8.74837,7.63369,8.90533,69.4288,71.4531,69.1497
p13,2100000000,5.40784e-09,5.55326e-09,5.38574e-09,8.0448,9.50112,7.87375,8.86967,7.71209,9.02533,71.3547,73.2735,71.0632
p13,2150000000,5.42594e-09,5.55927e-09,5.40347e-09,8.1478,9.63697,7.97812,8.99607,7.79284,9.14935,73.2982,75.0994,72.9946
p13,2200000000,5.44454e-09,5.56542e-09,5.42174e-09,8.24521,9.76781,8.07812,9.12772,7.87596,9.27751,75.26,76.9309,74.9448
p13,2250000000,5.46365e-09,5.57171e-09,5.44058e-09,8.33705,9.89368,8.17376,9.26473,7.96146,9.4099,77.2405,78.7682,76.9143
p13,2300000000,5.48326e-09,5.57814e-09,5.45997e-09,8.42335,10.0146,8.26508,9.40722,8.04938,9.54665,79.2404,80.6115,78.9039
p13,2350000000,5.50339e-09,5.5847e-09,5.47995e-09,8.50417,10.1307,8.35211,9.55534,8.13973,9.68786,81.2602,82.4608,80.9141
p13,2400000000,5.52405e-09,5.5914e-09,5.50052e-09,8.57956,10.2419,8.43488,9.7092,8.23253,9.83367,83.3007,84.3164,82.9458
p13,2450000000,5.54525e-09,5.59825e-09,5.52168e-09,8.6496,10.3483,8.51342,9.86896,8.32781,9.9842,85.3625,86.1784,84.9997
p13,2500000000,5.567e-09,5.60524e-09,5.54346e-09,8.71436,10.4499,8.58777,10.0347,8.42559,10.1396,87.4462,88.0469,87.0765
p13,2550000000,5.58931e-09,5.61238e-09,5.56587e-09,8.77392,10.5469,8.65797,10.2067,8.5259,10.3,89.5526,89.9222,89.1771
p13,2600000000,5.61219e-09,5.61966e-09,5.58892e-09,8.8284,10.6393,8.72407,10.3849,8.62877,10.4655,91.6823,91.8044,91.3022
p13,2650000000,5.63566e-09,5.6271e-09,5.61263e-09,8.8779,10.7272,8.78611,10.5696,8.73422,10.6364,93.8362,93.6936,93.4527
p13,2700000000,5.65973e-09,5.63468e-09,5.637e-09,8.92255,10.8106,8.84412,10.7609,8.84229,10.8128,96.0151,95.5901,95.6294
p13,2750000000,5.68441e-09,5.64241e-09,5.66206e-09,8.96243,10.8895,8.89816,10.959,8.953,10.9948,98.2196,97.4939,97.8333
p13,2800000000,5.70972e-09,5.6503e-09,5.68782e-09,8.9977,10.9641,8.94828,11.164,9.06639,11.1826,100.451,99.4053,100.065
p13,2850000000,5.73568e-09,5.65834e-09,5.71429e-09,9.02847,11.0345,8.99452,11.3762,9.18249,11.3765,102.709,101.324,102.326
p13,2900000000,5.7623e-09,5.66654e-09,5.7415e-09,9.05487,11.1007,9.03692,11.5955,9.30134,11.5766,104.996,103.251,104.617
p13,2950000000,5.78959e-09,5.6749e-09,5.76946e-09,9.07705,11.1628,9.07555,11.8224,9.42296,11.7832,107.312,105.187,106.939
p13,3000000000,5.81758e-09,5.68342e-09,5.79819e-09,9.09513,11.2208,9.11045,12.0569,9.5474,11.9965,109.659,107.13,109.293
p13,3050000000,5.84629e-09,5.69209e-09,5.82771e-09,9.10924,11.275,9.14166,12.2992,9.67469,12.2167,112.037,109.082,111.681
p13,3100000000,5.87574e-09,5.70093e-09,5.85804e-09,9.11953,11.3252,9.16925,12.5496,9.80487,12.444,114.447,111.042,114.102
p13,3150000000,5.90594e-09,5.70994e-09,5.8892e-09,9.12612,11.3717,9.19325,12.8083,9.93798,12.6788,116.89,113.011,116.559
p13,3200000000,5.93692e-09,5.71911e-09,5.92121e-09,9.12915,11.4144,9.21373,13.0756,10.0741,12.9213,119.369,114.99,119.053
p13,3250000000,5.9687e-09,5.72845e-09,5.9541e-09,9.12875,11.4535,9.23073,13.3515,10.2132,13.1717,121.883,116.977,121.585
p13,3300000000,6.00131e-09,5.73796e-09,5.98788e-09,9.12504,11.4891,9.2443,13.6366,10.3553,13.4305,124.434,118.974,124.156
p13,3350000000,6.03477e-09,5.74764e-09,6.02259e-09,9.11815,11.5213,9.25449,13.9309,10.5006,13.6979,127.024,120.98,126.767
p13,3400000000,6.06911e-09,5.75749e-09,6.05824e-09,9.10821,11.55,9.26136,14.2348,10.649,13.9743,129.653,122.996,129.421
p13,3450000000,6.10435e-09,5.76752e-09,6.09488e-09,9.0953,11.5755,9.26495,14.5486,10.8006,14.26,132.324,125.022,132.119
p13,3500000000,6.14053e-09,5.77772e-09,6.13251e-09,9.07956,11.5977,9.26531,14.8727,10.9555,14.5555,135.037,127.059,134.861
p13,3550000000,6.17768e-09,5.78811e-09,6.17118e-09,9.06109,11.6168,9.26249,15.2073,11.1136,14.861,137.795,129.106,137.65
p13,3600000000,6.21582e-09,5.79867e-09,6.21091e-09,9.03998,11.6329,9.25654,15.553,11.2752,15.1771,140.599,131.163,140.487
p13,3650000000,6.255e-09,5.80941e-09,6.25173e-09,9.01635,11.646,9.2475,15.91,11.4401,15.5042,143.45,133.231,143.375
p13,3700000000,6.29524e-09,5.82034e-09,6.29368e-09,8.99026,11.6562,9.23543,16.2788,11.6084,15.8427,146.35,135.31,146.314
p13,3750000000,6.33658e-09,5.83146e-09,6.3368e-09,8.96181,11.6636,9.22037,16.6598,11.7803,16.1932,149.302,137.401,149.307
p13,3800000000,6.37907e-09,5.84276e-09,6.38111e-09,8.93107,11.6682,9.20237,17.0536,11.9558,16.5562,152.307,139.502,152.356
p13,3850000000,6.42274e-09,5.85426e-09,6.42666e-09,8.89813,11.6702,9.18147,17.4607,12.1349,16.9322,155.368,141.616,155.463
p13,3900000000,6.46763e-09,5.86594e-09,6.47349e-09,8.86303,11.6695,9.15771,17.8816,12.3177,17.3219,158.486,143.742,158.629
p13,3950000000,6.51379e-09,5.87782e-09,6.52163e-09,8.82586,11.6664,9.13115,18.317,12.5042,17.7259,161.663,145.879,161.858
p13,4000000000,6.56126e-09,5.8899e-09,6.57114e-09,8.78667,11.6608,9.10182,18.7673,12.6946,18.1448,164.902,148.029,165.151
p13,4050000000,6.61009e-09,5.90217e-09,6.62205e-09,8.7455,11.6529,9.06977,19.2335,12.8889,18.5794,168.206,150.192,168.511
p13,4100000000,6.66034e-09,5.91465e-09,6.67442e-09,8.70239,11.6426,9.03504,19.7161,13.0871,19.0304,171.577,152.368,171.94
p13,4150000000,6.71205e-09,5.92733e-09,6.72829e-09,8.65739,11.6301,8.99767,20.216,13.2893,19.4986,175.018,154.556,175.442
p13,4200000000,6.76529e-09,5.94021e-09,6.78372e-09,8.61054,11.6154,8.9577,20.7341,13.4957,19.9848,178.532,156.759,179.018
p13,4250000000,6.8201e-09,5.9533e-09,6.84077e-09,8.56187,11.5987,8.91517,21.2712,13.7062,20.4901,182.121,158.974,182.673
p13,4300000000,6.87656e-09,5.96661e-09,6.89948e-09,8.51138,11.5799,8.87013,21.8283,13.921,21.0153,185.789,161.204,186.408
p13,4350000000,6.93472e-09,5.98012e-09,6.95993e-09,8.45913,11.5591,8.8226,22.4064,14.1401,21.5614,189.539,163.448,190.228
p13,4400000000,6.99466e-09,5.99385e-09,7.02218e-09,8.4051,11.5365,8.77263,23.0068,14.3637,22.1297,193.374,165.706,194.135
p13,4450000000,7.05644e-09,6.0078e-09,7.08629e-09,8.34932,11.512,8.72025,23.6306,14.5917,22.7211,197.299,167.979,198.134
p13,4500000000,7.12015e-09,6.02197e-09,7.15233e-09,8.29181,11.4857,8.6655,24.2791,14.8243,23.3371,201.317,170.267,202.227
p13,4550000000,7.18585e-09,6.03636e-09,7.22039e-09,8.23255,11.4576,8.60842,24.9537,15.0616,23.9788,205.433,172.57,206.42
p13,4600000000,7.25364e-09,6.05098e-09,7.29053e-09,8.17156,11.4279,8.54904,25.656,15.3037,24.6479,209.65,174.889,210.716
p13,4650000000,7.32361e-09,6.06582e-09,7.36285e-09,8.10884,11.3966,8.4874,26.3876,15.5506,25.3457,213.972,177.224,215.119
p13,4700000000,7.39584e-09,6.0809e-09,7.43743e-09,8.04438,11.3637,8.42352,27.1502,15.8024,26.074,218.406,179.575,219.635
p13,4750000000,7.47043e-09,6.09621e-09,7.51436e-09,7.97817,11.3294,8.35744,27.9457,16.0594,26.8344,222.956,181.942,224.267
p13,4800000000,7.54749e-09,6.11176e-09,7.59375e-09,7.91022,11.2935,8.2892,28.7763,16.3214,27.629,227.627,184.326,229.022
p13,4850000000,7.62712e-09,6.12755e-09,7.67569e-09,7.84051,11.2563,8.21883,29.6441,16.5887,28.4596,232.425,186.728,233.905
p13,4900000000,7.70945e-09,6.14358e-09,7.7603e-09,7.76904,11.2177,8.14635,30.5515,16.8614,29.3286,237.356,189.146,238.921
p13,4950000000,7.7946e-09,6.15986e-09,7.84769e-09,7.69578,11.1778,8.0718,31.5011,17.1396,30.2382,242.426,191.583,244.077
p13,5000000000,7.88269e-09,6.17639e-09,7.93799e-09,7.62072,11.1366,7.99521,32.4959,17.4233,31.1911,247.642,194.037,249.379
p13,5050000000,7.97387e-09,6.19317e-09,8.03132e-09,7.54386,11.0943,7.91661,33.5387,17.7127,32.1899,253.011,196.51,254.835
p13,5100000000,8.06827e-09,6.21021e-09,8.12783e-09,7.46518,11.0507,7.83602,34.633,18.008,33.2376,258.542,199.001,260.45
p13,5150000000,8.16607e-09,6.22751e-09,8.22767e-09,7.38467,11.0061,7.75348,35.7824,18.3092,34.3374,264.241,201.512,266.234
p13,5200000000,8.26742e-09,6.24507e-09,8.33099e-09,7.3023,10.9603,7.66901,36.9908,18.6165,35.4928,270.118,204.042,272.195
p13,5250000000,8.37249e-09,6.2629e-09,8.43796e-09,7.21809,10.9135,7.58264,38.2624,18.9299,36.7076,276.181,206.592,278.341
p13,5300000000,8.48149e-09,6.281e-09,8.54876e-09,7.13199,10.8657,7.49439,39.602,19.2497,37.9859,282.441,209.163,284.681
p13,5350000000,8.59461e-09,6.29937e-09,8.66357e-09,7.04401,10.817,7.4043,41.0147,19.576,39.3321,288.908,211.754,291.226
p13,5400000000,8.71206e-09,6.31802e-09,8.78261e-09,6.95415,10.7673,7.31238,42.506,19.9089,40.751,295.593,214.366,297.987
p13,5450000000,8.83407e-09,6.33696e-09,8.90609e-09,6.86238,10.7167,7.21868,44.0821,20.2486,42.248,302.508,216.999,304.975
p13,5500000000,8.9609e-09,6.35618e-09,9.03424e-09,6.76872,10.6653,7.12319,45.7496,20.5952,43.8288,309.666,219.654,312.201
p13,5550000000,9.09279e-09,6.37569e-09,9.16732e-09,6.67315,10.6131,7.02597,47.5159,20.9488,45.4997,317.081,222.331,319.68
p13,5600000000,9.23004e-09,6.3955e-09,9.30558e-09,6.57567,10.56,6.92702,49.3892,21.3097,47.2678,324.767,225.031,327.425
p13,5650000000,9.37295e-09,6.4156e-09,9.44931e-09,6.47627,10.5062,6.82637,51.3783,21.678,49.1404,332.74,227.754,335.451
p13,5700000000,9.52184e-09,6.43601e-09,9.59883e-09,6.37497,10.4517,6.72404,53.4931,22.0538,51.1261,341.017,230.5,343.774
p13,5750000000,9.67707e-09,6.45673e-09,9.75446e-09,6.27177,10.3965,6.62006,55.7444,22.4374,53.2339,349.616,233.271,352.412
p13,5800000000,9.83901e-09,6.47775e-09,9.91656e-09,6.16667,10.3407,6.51446,58.1445,22.8288,55.4741,358.558,236.065,361.384
p13,5850000000,1.00081e-08,6.4991e-09,1.00855e-08,6.05968,10.2842,6.40724,60.7066,23.2284,57.8579,367.863,238.885,370.709
p13,5900000000,1.01847e-08,6.52077e-09,1.02617e-08,5.95084,10.2271,6.29843,63.4456,23.6363,60.3976,377.554,241.73,380.41
p13,5950000000,1.03693e-08,6.54276e-09,1.04457e-08,5.84013,10.1694,6.18806,66.3782,24.0527,63.1071,387.657,244.601,390.511
p13,6000000000,1.05625e-08,6.56509e-09,1.06378e-08,5.72759,10.1111,6.07615,69.5228,24.4777,66.0016,398.198,247.498,401.036
p13,6050000000,1.07648e-08,6.58775e-09,1.08387e-08,5.61324,10.0524,5.96271,72.9002,24.9117,69.0982,409.207,250.422,412.013
p13,6100000000,1.09769e-08,6.61075e-09,1.10488e-08,5.4971,9.99311,5.84777,76.534,25.3548,72.4161,420.715,253.373,423.473
p13,6150000000,1.11993e-08,6.63411e-09,1.12689e-08,5.3792,9.93336,5.73135,80.4502,25.8072,75.9766,432.757,256.352,435.448
p13,6200000000,1.14328e-08,6.65781e-09,1.14996e-08,5.25958,9.87316,5.61346,84.6782,26.2692,79.8036,445.372,259.36,447.974
p13,6250000000,1.16781e-08,6.68188e-09,1.17416e-08,5.13826,9.81252,5.49413,89.2518,26.741,83.9242,458.599,262.397,461.09
p13,6300000000,1.19362e-08,6.70631e-09,1.19957e-08,5.01528,9.75147,5.37337,94.209,27.2229,88.3687,472.484,265.463,474.838
p13,6350000000,1.2208e-08,6.73111e-09,1.22628e-08,4.89068,9.69003,5.25121,99.5927,27.715,93.1718,487.076,268.559,489.264
p13,6400000000,1.24944e-08,6.75629e-09,1.25439e-08,4.7645,9.62821,5.12766,105.453,28.2178,98.3725,502.429,271.686,504.42
p13,6450000000,1.27966e-08,6.78185e-09,1.284e-08,4.63679,9.56604,5.00274,111.845,28.7313,104.015,518.602,274.845,520.361
p13,6500000000,1.31158e-08,6.8078e-09,1.31523e-08,4.50759,9.50354,4.87646,118.835,29.256,110.151,535.659,278.035,537.148
p13,6550000000,1.34533e-08,6.83415e-09,1.3482e-08,4.37695,9.44072,4.74886,126.497,29.792,116.838,553.671,281.258,554.849
p13,6600000000,1.38107e-08,6.86089e-09,1.38305e-08,4.24493,9.37761,4.61994,134.918,30.3398,124.144,572.716,284.515,573.538
p13,6650000000,1.41894e-08,6.88805e-09,1.41994e-08,4.11155,9.31421,4.48972,144.198,30.8995,132.146,592.879,287.805,593.298
p13,6700000000,1.45913e-08,6.91563e-09,1.45904e-08,3.97689,9.25055,4.35822,154.456,31.4716,140.933,614.255,291.13,614.217
p13,6750000000,1.50182e-08,6.94363e-09,1.50053e-08,3.841,9.18664,4.22545,165.828,32.0563,150.61,636.946,294.49,636.397
p13,6800000000,1.54723e-08,6.97206e-09,1.54462e-08,3.70395,9.1225,4.09144,178.476,32.654,161.3,661.065,297.886,659.949
p13,6850000000,1.59558e-08,7.00093e-09,1.59153e-08,3.56576,9.05814,3.9562,192.592,33.265,173.145,686.735,301.319,684.994
p13,6900000000,1.64712e-08,7.03024e-09,1.64153e-08,3.42651,8.99357,3.81974,208.402,33.8896,186.313,714.091,304.789,711.668
p13,6950000000,1.7021e-08,7.06001e-09,1.69488e-08,3.28628,8.92881,3.68208,226.176,34.5284,201.007,743.276,308.298,740.122
p13,7000000000,1.76081e-08,7.09024e-09,1.75189e-08,3.14508,8.86388,3.54323,246.241,35.1816,217.463,774.446,311.845,770.521
p13,7050000000,1.82354e-08,7.12095e-09,1.81289e-08,3.003,8.79878,3.40322,268.986,35.8496,235.967,807.764,315.433,803.046
p13,7100000000,1.89058e-08,7.15213e-09,1.87825e-08,2.86009,8.73353,3.26206,294.885,36.5329,256.862,843.398,319.061,837.899
p13,7150000000,1.9622e-08,7.1838e-09,1.94836e-08,2.71641,8.66814,3.11976,324.514,37.2318,280.565,881.516,322.731,875.294
p13,7200000000,2.03867e-08,7.21597e-09,2.02362e-08,2.57202,8.60263,2.97633,358.579,37.9469,307.582,922.274,326.443,915.466
p13,7250000000,2.12017e-08,7.24865e-09,2.10449e-08,2.42697,8.53699,2.8318,397.945,38.6785,338.533,965.801,330.198,958.659
p13,7300000000,2.20674e-08,7.28184e-09,2.19138e-08,2.28132,8.47125,2.68618,443.677,39.4273,374.184,1012.17,333.998,1005.12
p13,7350000000,2.29825e-08,7.31556e-09,2.2847e-08,2.13514,8.40541,2.53947,497.094,40.1935,415.482,1061.36,337.843,1055.11
p13,7400000000,2.39418e-08,7.34982e-09,2.38478e-08,1.98845,8.33948,2.39171,559.827,40.9778,463.609,1113.19,341.734,1108.82
p13,7450000000,2.49349e-08,7.38462e-09,2.4918e-08,1.84134,8.27348,2.24289,633.885,41.7807,520.046,1167.2,345.672,1166.41
p13,7500000000,2.59424e-08,7.41998e-09,2.60565e-08,1.69384,8.20742,2.09304,721.737,42.6027,586.652,1222.51,349.658,1227.89
p13,7550000000,2.69312e-08,7.45591e-09,2.72575e-08,1.546,8.14129,1.94216,826.365,43.4444,665.774,1277.56,353.694,1293.04
p13,7600000000,2.78474e-08,7.49241e-09,2.85066e-08,1.39789,8.07511,1.79028,951.275,44.3064,760.359,1329.77,357.779,1361.25
p13,7650000000,2.86057e-08,7.52951e-09,2.97763e-08,1.24953,8.00889,1.6374,1100.39,45.1893,874.095,1374.97,361.916,1431.24
p13,7700000000,2.90758e-08,7.56721e-09,3.1017e-08,1.10098,7.94264,1.48353,1277.68,46.0937,1011.51,1406.7,366.106,1500.62
p13,7750000000,2.90657e-08,7.60552e-09,3.21441e-08,0.952286,7.87636,1.3287,1486.26,47.0202,1178.02,1415.35,370.349,1565.24
p13,7800000000,2.83083e-08,7.64446e-09,3.30192e-08,0.803488,7.81007,1.17292,1726.67,47.9697,1379.66,1387.36,374.646,1618.23
p13,7850000000,2.64637e-08,7.68404e-09,3.3424e-08,0.654624,7.74376,1.01619,1993.92,48.9427,1622.31,1305.27,379,1648.57
p13,7900000000,2.31645e-08,7.72428e-09,3.30308e-08,0.505735,7.67744,0.858527,2273.56,49.94,1909.73,1149.82,383.411,1639.56
p13,7950000000,1.81331e-08,7.76518e-09,3.13842e-08,0.356856,7.61113,0.699949,2538.2,50.9623,2239.71,905.774,387.881,1567.68
p13,8000000000,1.13749e-08,7.80676e-09,2.79318e-08,0.208024,7.54483,0.540466,2748.56,52.0105,2597.77,571.767,392.41,1404.01
p13,8050000000,3.3552e-09,7.84903e-09,2.21676e-08,0.0592706,7.47854,0.38009,2863.22,53.0854,2949.91,169.705,397.001,1121.23
p13,8100000000,-5.01517e-09,7.89202e-09,1.39326e-08,-0.0893718,7.41227,0.218833,2855.95,54.1878,3240.3,-255.241,401.655,709.083
p13,8150000000,-1.26793e-08,7.93573e-09,3.76932e-09,-0.237874,7.34603,0.0567065,2729.52,55.3186,3403.83,-649.283,406.372,193.019
p13,8200000000,-1.88443e-08,7.98018e-09,-7.00432e-09,-0.386207,7.27982,-0.106277,2513.93,56.4788,3395.63,-970.899,411.156,-360.877
p13,8250000000,-2.32028e-08,8.02538e-09,-1.67698e-08,-0.534345,7.21364,-0.270106,2250.88,57.6693,3218.31,-1202.75,416.006,-869.284
p13,8300000000,-2.58705e-08,8.07136e-09,-2.43448e-08,-0.682262,7.14751,-0.434768,1977.48,58.8911,2920.16,-1349.16,420.925,-1269.59
p13,8350000000,-2.71842e-08,8.11812e-09,-2.93624e-08,-0.829937,7.08142,-0.600253,1718.45,60.1453,2566.4,-1426.21,425.914,-1540.49
p13,8400000000,-2.75229e-08,8.1657e-09,-3.21098e-08,-0.977345,7.01538,-0.766549,1486.3,61.4329,2210.84,-1452.62,430.975,-1694.72
p13,8450000000,-2.72142e-08,8.21409e-09,-3.3153e-08,-1.12447,6.94939,-0.933644,1284.95,62.7551,1885.29,-1444.88,436.11,-1760.19
p13,8500000000,-2.65053e-08,8.26334e-09,-3.30558e-08,-1.27128,6.88347,-1.10153,1113.5,64.1131,1602.69,-1415.57,441.321,-1765.41
p13,8550000000,-2.55688e-08,8.31344e-09,-3.2262e-08,-1.41777,6.81761,-1.27019,968.833,65.508,1364.48,-1373.59,446.608,-1733.15
p13,8600000000,-2.45193e-08,8.36442e-09,-3.10809e-08,-1.56392,6.75181,-1.43962,847.171,66.9413,1166.61,-1324.91,451.975,-1679.47
p13,8650000000,-2.34299e-08,8.41631e-09,-2.97128e-08,-1.70971,6.68609,-1.6098,744.807,68.4141,1003.15,-1273.4,457.423,-1614.88
p13,8700000000,-2.23457e-08,8.46912e-09,-2.82812e-08,-1.85512,6.62044,-1.78074,658.444,69.9279,868.155,-1221.5,462.954,-1545.95
p13,8750000000,-2.12932e-08,8.52287e-09,-2.68587e-08,-2.00015,6.55486,-1.9524,585.285,71.4843,756.318,-1170.66,468.569,-1476.64
p13,8800000000,-2.02874e-08,8.57759e-09,-2.54861e-08,-2.14476,6.48937,-2.12479,523.009,73.0845,663.208,-1121.73,474.273,-1409.18
p13,8850000000,-1.93354e-08,8.6333e-09,-2.41844e-08,-2.28896,6.42396,-2.2979,469.718,74.7304,585.232,-1075.17,480.065,-1344.8
p13,8900000000,-1.84398e-08,8.69002e-09,-2.29627e-08,-2.43273,6.35864,-2.47171,423.871,76.4235,519.513,-1031.16,485.949,-1284.08
p13,8950000000,-1.76005e-08,8.74778e-09,-2.18232e-08,-2.57604,6.2934,-2.64621,384.216,78.1655,463.764,-989.756,491.927,-1227.22
p13,9000000000,-1.68156e-08,8.8066e-09,-2.07641e-08,-2.7189,6.22826,-2.8214,349.737,79.9584,416.17,-950.9,498.002,-1174.18
p13,9050000000,-1.60823e-08,8.86651e-09,-1.97813e-08,-2.86128,6.16321,-2.99726,319.607,81.8039,375.283,-914.485,504.175,-1124.82
p13,9100000000,-1.53974e-08,8.92753e-09,-1.887e-08,-3.00317,6.09826,-3.17379,293.149,83.7041,339.95,-880.377,510.449,-1078.93
p13,9150000000,-1.47575e-08,8.98969e-09,-1.80248e-08,-3.14456,6.03341,-3.35097,269.808,85.661,309.243,-848.428,516.828,-1036.27
p13,9200000000,-1.41594e-08,9.05302e-09,-1.72403e-08,-3.28543,5.96866,-3.5288,249.127,87.6768,282.413,-818.488,523.313,-996.58
p13,9250000000,-1.35998e-08,9.11755e-09,-1.65113e-08,-3.42577,5.90401,-3.70727,230.725,89.7538,258.851,-790.41,529.907,-959.63
p13,9300000000,-1.30756e-08,9.18331e-09,-1.58332e-08,-3.56556,5.83947,-3.88636,214.287,91.8943,238.061,-764.053,536.614,-925.19
p13,9350000000,-1.25841e-08,9.25033e-09,-1.52013e-08,-3.70478,5.77504,-4.06608,199.549,94.1009,219.633,-739.285,543.436,-893.045
p13,9400000000,-1.21226e-08,9.31864e-09,-1.46118e-08,-3.84345,5.71071,-4.2464,186.287,96.3762,203.231,-715.983,550.377,-863
p13,9450000000,-1.16888e-08,9.38828e-09,-1.40608e-08,-3.98149,5.6465,-4.42732,174.315,98.723,188.573,-694.034,557.439,-834.875
p13,9500000000,-1.12805e-08,9.45927e-09,-1.35451e-08,-4.11894,5.5824,-4.60883,163.473,101.144,175.426,-673.333,564.626,-808.509
p13,9550000000,-1.08956e-08,9.53166e-09,-1.30616e-08,-4.25576,5.51841,-4.79093,153.624,103.642,163.591,-653.786,571.942,-783.752
p13,9600000000,-1.05325e-08,9.60547e-09,-1.26076e-08,-4.39192,5.45454,-4.9736,144.653,106.221,152.902,-635.303,579.389,-760.473
p13,9650000000,-1.01893e-08,9.68076e-09,-1.21807e-08,-4.5274,5.39078,-5.15684,136.459,108.884,143.218,-617.807,586.971,-738.551
p13,9700000000,-9.86471e-09,9.75755e-09,-1.17787e-08,-4.66221,5.32714,-5.34063,128.957,111.634,134.418,-601.223,594.693,-717.876
p13,9750000000,-9.55724e-09,9.83589e-09,-1.13996e-08,-4.7963,5.26362,-5.52498,122.07,114.476,126.399,-585.486,602.557,-698.351
p13,9800000000,-9.26567e-09,9.91582e-09,-1.10415e-08,-4.92964,5.20022,-5.70986,115.736,117.412,119.072,-570.536,610.569,-679.886
p13,9850000000,-8.98887e-09,9.99738e-09,-1.0703e-08,-5.06225,5.13694,-5.89528,109.895,120.447,112.361,-556.315,618.731,-662.4
p13,9900000000,-8.7258e-09,1.00806e-08,-1.03824e-08,-5.19406,5.07379,-6.08122,104.499,123.586,106.199,-542.775,627.05,-645.82
p13,9950000000,-8.4755e-09,1.01656e-08,-1.00784e-08,-5.32507,5.01075,-6.26768,99.5045,126.833,100.529,-529.869,635.528,-630.081
p13,1e+10,-8.23712e-09,1.02523e-08,-9.78995e-09,-5.45526,4.94784,-6.45464,94.8724,130.192,95.2989,-517.553,644.17,-615.121
p13,1.005e+10,-8.00986e-09,1.03408e-08,-9.5158e-09,-5.58458,4.88506,-6.64211,90.5692,133.669,90.4659,-505.791,652.982,-600.885
p13,1.01e+10,-7.79298e-09,1.04312e-08,-9.25499e-09,-5.71301,4.8224,-6.83007,86.5646,137.269,85.9908,-494.544,661.968,-587.323
p13,1.015e+10,-7.58584e-09,1.05236e-08,-9.00661e-09,-5.84054,4.75987,-7.01852,82.8316,140.998,81.8393,-483.782,671.132,-574.39
p13,1.02e+10,-7.38779e-09,1.06178e-08,-8.76982e-09,-5.96712,4.69746,-7.20745,79.3469,144.862,77.9811,-473.473,680.482,-562.044
p13,1.025e+10,-7.1983e-09,1.07142e-08,-8.54385e-09,-6.09274,4.63518,-7.39684,76.0888,148.866,74.3894,-463.59,690.021,-550.246
p13,1.03e+10,-7.01683e-09,1.08126e-08,-8.328e-09,-6.21736,4.57303,-7.5867,73.0385,153.018,71.0403,-454.107,699.755,-538.962
p13,1.035e+10,-6.8429e-09,1.09131e-08,-8.12164e-09,-6.34096,4.511,-7.77702,70.1787,157.324,67.9126,-445,709.691,-528.158
p13,1.04e+10,-6.67607e-09,1.10159e-08,-7.92416e-09,-6.46349,4.44911,-7.96779,67.4942,161.793,64.9873,-436.248,719.834,-517.805
p13,1.045e+10,-6.51592e-09,1.11209e-08,-7.73503e-09,-6.58496,4.38734,-8.159,64.9709,166.431,62.2474,-427.831,730.191,-507.877
p13,1.05e+10,-6.36209e-09,1.12283e-08,-7.55374e-09,-6.70531,4.32571,-8.35064,62.5965,171.248,59.6776,-419.729,740.767,-498.346
p13,1.055e+10,-6.21421e-09,1.1338e-08,-7.37983e-09,-6.82449,4.2642,-8.54272,60.3598,176.251,57.2641,-411.925,751.57,-489.191
p13,1.06e+10,-6.07195e-09,1.14502e-08,-7.21287e-09,-6.94252,4.20282,-8.73521,58.2501,181.451,54.9946,-404.403,762.606,-480.39
p13,1.065e+10,-5.93502e-09,1.1565e-08,-7.05246e-09,-7.05934,4.14157,-8.92813,56.2584,186.857,52.8579,-397.148,773.882,-471.922
p13,1.07e+10,-5.80313e-09,1.16824e-08,-6.89824e-09,-7.17494,4.08045,-9.12145,54.3761,192.48,50.8439,-390.145,785.406,-463.77
p13,1.075e+10,-5.67602e-09,1.18024e-08,-6.74987e-09,-7.28928,4.01947,-9.31517,52.5954,198.331,48.9433,-383.382,797.185,-455.915
p13,1.08e+10,-5.55343e-09,1.19252e-08,-6.60702e-09,-7.40232,3.95861,-9.50929,50.9093,204.422,47.1478,-376.847,809.228,-448.342
p13,1.085e+10,-5.43515e-09,1.20509e-08,-6.46941e-09,-7.51405,3.89788,-9.70379,49.3113,210.766,45.4499,-370.528,821.541,-441.036
p13,1.09e+10,-5.32094e-09,1.21795e-08,-6.33676e-09,-7.62444,3.83729,-9.89868,47.7955,217.376,43.8426,-364.414,834.134,-433.984
p13,1.095e+10,-5.21063e-09,1.23111e-08,-6.20881e-09,-7.73347,3.77682,-10.094,46.3564,224.266,42.3195,-358.496,847.014,-427.171
p13,1.1e+10,-5.10401e-09,1.24458e-08,-6.08532e-09,-7.84111,3.71648,-10.2896,44.989,231.453,40.875,-352.764,860.191,-420.587
p13,1.105e+10,-5.0009e-09,1.25837e-08,-5.96607e-09,-7.94731,3.65628,-10.4856,43.6888,238.952,39.5037,-347.209,873.673,-414.22
p13,1.11e+10,-4.90116e-09,1.27248e-08,-5.85086e-09,-8.05209,3.5962,-10.682,42.4515,246.78,38.2007,-341.823,887.471,-408.059
p13,1.115e+10,-4.8046e-09,1.28693e-08,-5.73948e-09,-8.15541,3.53626,-10.8787,41.273,254.957,36.9617,-336.599,901.592,-402.094
p13,1.12e+10,-4.71111e-09,1.30173e-08,-5.63176e-09,-8.25725,3.47644,-11.0757,40.15,263.501,35.7824,-331.528,916.047,-396.316
p13,1.125e+10,-4.62052e-09,1.31688e-08,-5.52752e-09,-8.35761,3.41676,-11.2731,39.0788,272.436,34.6591,-326.605,930.846,-390.717
p13,1.13e+10,-4.53272e-09,1.33239e-08,-5.42659e-09,-8.45643,3.3572,-11.4709,38.0566,281.782,33.5884,-321.823,945.999,-385.288
p13,1.135e+10,-4.44759e-09,1.34828e-08,-5.32884e-09,-8.55373,3.29777,-11.6689,37.0804,291.565,32.5669,-317.176,961.516,-380.022
p13,1.14e+10,-4.365e-09,1.36455e-08,-5.23411e-09,-8.64948,3.23848,-11.8673,36.1475,301.811,31.5918,-312.657,977.407,-374.91
p13,1.145e+10,-4.28485e-09,1.38122e-08,-5.14227e-09,-8.74367,3.17931,-12.066,35.2555,312.547,30.6602,-308.262,993.683,-369.948
p13,1.15e+10,-4.20703e-09,1.39829e-08,-5.05319e-09,-8.83629,3.12027,-12.2651,34.402,323.804,29.7696,-303.986,1010.36,-365.127
p13,1.155e+10,-4.13146e-09,1.41577e-08,-4.96676e-09,-8.92732,3.06136,-12.4644,33.5849,335.613,28.9177,-299.823,1027.43,-360.442
p13,1.16e+10,-4.05803e-09,1.43367e-08,-4.88286e-09,-9.01676,3.00257,-12.6641,32.8022,348.01,28.1022,-295.769,1044.93,-355.887
p13,1.165e+10,-3.98666e-09,1.452e-08,-4.80139e-09,-9.10463,2.94392,-12.864,32.0518,361.032,27.321,-291.82,1062.85,-351.457
p13,1.17e+10,-3.91727e-09,1.47076e-08,-4.72224e-09,-9.19087,2.88539,-13.0642,31.3323,374.717,26.5724,-287.971,1081.21,-347.147
p13,1.175e+10,-3.84978e-09,1.48997e-08,-4.64532e-09,-9.27551,2.82699,-13.2647,30.6419,389.11,25.8544,-284.219,1100.01,-342.952
p13,1.18e+10,-3.78411e-09,1.50964e-08,-4.57054e-09,-9.35856,2.76871,-13.4655,29.979,404.256,25.1655,-280.56,1119.27,-338.867
p13,1.185e+10,-3.7202e-09,1.52976e-08,-4.49781e-09,-9.43999,2.71057,-13.6666,29.3422,420.206,24.5041,-276.99,1139,-334.888
p13,1.19e+10,-3.65798e-09,1.55035e-08,-4.42706e-09,-9.51982,2.65254,-13.868,28.7302,437.012,23.8687,-273.507,1159.19,-331.01
p13,1.195e+10,-3.59738e-09,1.5714e-08,-4.3582e-09,-9.59803,2.59465,-14.0696,28.1418,454.733,23.258,-270.106,1179.87,-327.231
p13,1.2e+10,-3.53834e-09,1.59292e-08,-4.29116e-09,-9.67465,2.53688,-14.2715,27.5757,473.43,22.6708,-266.785,1201.03,-323.546
p13,1.205e+10,-3.48081e-09,1.61491e-08,-4.22588e-09,-9.74966,2.47923,-14.4736,27.0307,493.172,22.1058,-263.541,1222.69,-319.951
p13,1.21e+10,-3.42473e-09,1.63736e-08,-4.16228e-09,-9.82311,2.42171,-14.676,26.5059,514.03,21.562,-260.371,1244.83,-316.444
p13,1.215e+10,-3.37005e-09,1.66027e-08,-4.10031e-09,-9.89497,2.36431,-14.8787,26.0003,536.082,21.0382,-257.272,1267.46,-313.02
p13,1.22e+10,-3.31672e-09,1.68363e-08,-4.0399e-09,-9.96524,2.30703,-15.0816,25.513,559.413,20.5336,-254.243,1290.58,-309.678
p13,1.225e+10,-3.26469e-09,1.70742e-08,-3.98101e-09,-10.034,2.24988,-15.2847,25.043,584.115,20.0471,-251.28,1314.19,-306.414
p13,1.23e+10,-3.21391e-09,1.73163e-08,-3.92356e-09,-10.1011,2.19285,-15.4881,24.5895,610.284,19.578,-248.381,1338.26,-303.226
p13,1.235e+10,-3.16435e-09,1.75623e-08,-3.86752e-09,-10.1667,2.13594,-15.6917,24.1518,638.028,19.1254,-245.545,1362.79,-300.11
p13,1.24e+10,-3.11596e-09,1.78119e-08,-3.81284e-09,-10.2308,2.07915,-15.8955,23.7291,667.461,18.6886,-242.769,1387.75,-297.064
p13,1.245e+10,-3.0687e-09,1.80646e-08,-3.75946e-09,-10.2934,2.02248,-16.0996,23.3208,698.705,18.2667,-240.051,1413.12,-294.086
p13,1.25e+10,-3.02253e-09,1.83201e-08,-3.70734e-09,-10.3545,1.96594,-16.3038,22.9261,731.893,17.8592,-237.389,1438.86,-291.174
p13,1.255e+10,-2.97742e-09,1.85776e-08,-3.65645e-09,-10.4141,1.90951,-16.5083,22.5445,767.168,17.4654,-234.781,1464.91,-288.325
p13,1.26e+10,-2.93333e-09,1.88364e-08,-3.60673e-09,-10.4722,1.8532,-16.713,22.1754,804.682,17.0847,-232.226,1491.24,-285.538
p13,1.265e+10,-2.89023e-09,1.90956e-08,-3.55814e-09,-10.5289,1.79701,-16.9179,21.8182,844.6,16.7165,-229.722,1517.76,-282.81
p13,1.27e+10,-2.84808e-09,1.93541e-08,-3.51067e-09,-10.5841,1.74094,-17.1231,21.4724,887.097,16.3603,-227.267,1544.39,-280.139
p13,1.275e+10,-2.80686e-09,1.96106e-08,-3.46425e-09,-10.638,1.68499,-17.3284,21.1375,932.359,16.0155,-224.86,1571.02,-277.523
p13,1.28e+10,-2.76654e-09,1.98636e-08,-3.41887e-09,-10.6904,1.62916,-17.5339,20.813,980.584,15.6817,-222.499,1597.52,-274.962
p13,1.285e+10,-2.72709e-09,2.01112e-08,-3.37449e-09,-10.7414,1.57344,-17.7396,20.4985,1031.98,15.3584,-220.182,1623.76,-272.453
p13,1.29e+10,-2.68848e-09,2.03513e-08,-3.33107e-09,-10.791,1.51783,-17.9455,20.1936,1086.77,15.0452,-217.91,1649.54,-269.994
p13,1.295e+10,-2.65068e-09,2.05814e-08,-3.2886e-09,-10.8393,1.46235,-18.1516,19.8978,1145.18,14.7416,-215.679,1674.65,-267.584
p13,1.3e+10,-2.61368e-09,2.07984e-08,-3.24703e-09,-10.8863,1.40697,-18.3578,19.6108,1207.44,14.4473,-213.489,1698.84,-265.222
p13,1.305e+10,-2.57744e-09,2.0999e-08,-3.20634e-09,-10.9319,1.35172,-18.5643,19.3323,1273.8,14.1619,-211.339,1721.82,-262.905
p13,1.31e+10,-2.54195e-09,2.1179e-08,-3.1665e-09,-10.9762,1.29657,-18.7709,19.0619,1344.5,13.885,-209.227,1743.24,-260.634
p13,1.315e+10,-2.50718e-09,2.1334e-08,-3.12749e-09,-11.0193,1.24154,-18.9777,18.7992,1419.77,13.6163,-207.153,1762.7,-258.405
p13,1.32e+10,-2.47311e-09,2.14585e-08,-3.08929e-09,-11.061,1.18662,-19.1847,18.544,1499.83,13.3554,-205.115,1779.73,-256.219
p13,1.325e+10,-2.43972e-09,2.15465e-08,-3.05186e-09,-11.1015,1.13182,-19.3918,18.2959,1584.88,13.1022,-203.112,1793.79,-254.074
p13,1.33e+10,-2.40699e-09,2.15911e-08,-3.01519e-09,-11.1407,1.07712,-19.5991,18.0548,1675.1,12.8562,-201.143,1804.29,-251.969
p13,1.335e+10,-2.3749e-09,2.15844e-08,-2.97926e-09,-11.1787,1.02254,-19.8065,17.8202,1770.6,12.6172,-199.208,1810.51,-249.902
p13,1.34e+10,-2.34344e-09,2.15178e-08,-2.94404e-09,-11.2155,0.968064,-20.0141,17.5921,1871.45,12.3849,-197.305,1811.68,-247.872
p13,1.345e+10,-2.31258e-09,2.13817e-08,-2.90951e-09,-11.2511,0.9137,-20.2218,17.3701,1977.61,12.1591,-195.433,1806.94,-245.88
p13,1.35e+10,-2.2823e-09,2.11655e-08,-2.87566e-09,-11.2855,0.859446,-20.4297,17.1541,2088.93,11.9396,-193.592,1795.32,-243.922
p13,1.355e+10,-2.25261e-09,2.08581e-08,-2.84246e-09,-11.3186,0.8053,-20.6378,16.9438,2205.14,11.726,-191.78,1775.8,-241.999
p13,1.36e+10,-2.22346e-09,2.04476e-08,-2.8099e-09,-11.3506,0.751261,-20.846,16.739,2325.79,11.5183,-189.998,1747.27,-240.11
p13,1.365e+10,-2.19486e-09,1.99219e-08,-2.77796e-09,-11.3815,0.697331,-21.0543,16.5395,2450.21,11.3161,-188.243,1708.61,-238.253
p13,1.37e+10,-2.16679e-09,1.92689e-08,-2.74663e-09,-11.4111,0.643507,-21.2628,16.3451,2577.53,11.1194,-186.516,1658.66,-236.429
p13,1.375e+10,-2.13923e-09,1.84771e-08,-2.71588e-09,-11.4396,0.589789,-21.4714,16.1558,2706.58,10.9278,-184.816,1596.31,-234.635
p13,1.38e+10,-2.11216e-09,1.75366e-08,-2.6857e-09,-11.467,0.536177,-21.6801,15.9712,2835.93,10.7412,-183.142,1520.56,-232.871
p13,1.385e+10,-2.08559e-09,1.64391e-08,-2.65607e-09,-11.4932,0.48267,-21.889,15.7912,2963.86,10.5595,-181.492,1430.57,-231.137
p13,1.39e+10,-2.05948e-09,1.51797e-08,-2.62699e-09,-11.5183,0.429268,-22.098,15.6158,3088.37,10.3825,-179.868,1325.74,-229.432
p13,1.395e+10,-2.03384e-09,1.37571e-08,-2.59844e-09,-11.5423,0.37597,-22.3071,15.4447,3207.21,10.21,-178.267,1205.81,-227.754
p13,1.4e+10,-2.00865e-09,1.21748e-08,-2.57039e-09,-11.5651,0.322774,-22.5163,15.2778,3317.95,10.0418,-176.69,1070.95,-226.104
p13,1.405e+10,-1.98389e-09,1.04418e-08,-2.54285e-09,-11.5868,0.269682,-22.7256,15.115,3418.07,9.87783,-175.136,921.792,-224.48
p13,1.41e+10,-1.95956e-09,8.57321e-09,-2.5158e-09,-11.6074,0.216692,-22.9351,14.9562,3505.1,9.71794,-173.603,759.526,-222.882
p13,1.415e+10,-1.93565e-09,6.58976e-09,-2.48922e-09,-11.6269,0.163803,-23.1447,14.8012,3576.71,9.562,-172.093,585.876,-221.309
p13,1.42e+10,-1.91214e-09,4.51783e-09,-2.4631e-09,-11.6453,0.111015,-23.3544,14.65,3630.91,9.40986,-170.604,403.086,-219.761
p13,1.425e+10,-1.88903e-09,2.38831e-09,-2.43744e-09,-11.6625,0.0583279,-23.5641,14.5024,3666.14,9.26141,-169.135,213.838,-218.237
p13,1.43e+10,-1.8663e-09,2.35202e-10,-2.41222e-09,-11.6787,0.00574039,-23.774,14.3583,3681.42,9.11653,-167.686,21.1328,-216.737
p13,1.435e+10,-1.84395e-09,-1.90614e-09,-2.38743e-09,-11.6937,-0.0467478,-23.984,14.2176,3676.42,8.9751,-166.257,-171.865,-215.259
p13,1.44e+10,-1.82196e-09,-4.00094e-09,-2.36305e-09,-11.7077,-0.0991374,-24.1941,14.0803,3651.46,8.83701,-164.848,-361.996,-213.804
p13,1.445e+10,-1.80034e-09,-6.01681e-09,-2.33909e-09,-11.7205,-0.151429,-24.4043,13.9463,3607.49,8.70216,-163.457,-546.279,-212.371
p13,1.45e+10,-1.77906e-09,-7.92541e-09,-2.31552e-09,-11.7322,-0.203623,-24.6146,13.8153,3546.04,8.57045,-162.084,-722.054,-210.959
p13,1.455e+10,-1.75813e-09,-9.70357e-09,-2.29235e-09,-11.7428,-0.25572,-24.825,13.6875,3469.05,8.44178,-160.729,-887.103,-209.567
p13,1.46e+10,-1.73753e-09,-1.13339e-08,-2.26956e-09,-11.7523,-0.30772,-25.0355,13.5626,3378.76,8.31606,-159.392,-1039.71,-208.197
p13,1.465e+10,-1.71726e-09,-1.28053e-08,-2.24714e-09,-11.7606,-0.359625,-25.2461,13.4407,3277.6,8.19319,-158.071,-1178.71,-206.846
p13,1.47e+10,-1.6973e-09,-1.4112e-08,-2.22508e-09,-11.7679,-0.411435,-25.4567,13.3217,3167.99,8.0731,-156.768,-1303.42,-205.515
p13,1.475e+10,-1.67766e-09,-1.52536e-08,-2.20338e-09,-11.774,-0.463149,-25.6675,13.2054,3052.28,7.95569,-155.481,-1413.66,-204.202
p13,1.48e+10,-1.65832e-09,-1.62341e-08,-2.18202e-09,-11.7791,-0.51477,-25.8783,13.0918,2932.63,7.84088,-154.209,-1509.63,-202.909
p13,1.485e+10,-1.63928e-09,-1.70607e-08,-2.16101e-09,-11.783,-0.566297,-26.0892,12.9809,2810.99,7.72861,-152.954,-1591.86,-201.633
p13,1.49e+10,-1.62053e-09,-1.77431e-08,-2.14032e-09,-11.7859,-0.617731,-26.3002,12.8725,2689.04,7.61879,-151.713,-1661.1,-200.376
p13,1.495e+10,-1.60207e-09,-1.82926e-08,-2.11996e-09,-11.7876,-0.669073,-26.5112,12.7667,2568.16,7.51136,-150.488,-1718.29,-199.135
p13,1.5e+10,-1.58388e-09,-1.87213e-08,-2.09991e-09,-11.7882,-0.720323,-26.7224,12.6633,2449.51,7.40624,-149.277,-1764.44,-197.912
p13,1.505e+10,-1.56597e-09,-1.90417e-08,-2.08018e-09,-11.7877,-0.771481,-26.9336,12.5623,2333.98,7.30337,-148.081,-1800.62,-196.706
p13,1.51e+10,-1.54832e-09,-1.9266e-08,-2.06075e-09,-11.7861,-0.822549,-27.1448,12.4637,2222.22,7.20269,-146.898,-1827.88,-195.516
p13,1.515e+10,-1.53093e-09,-1.9406e-08,-2.04161e-09,-11.7834,-0.873526,-27.3562,12.3674,2114.71,7.10412,-145.73,-1847.26,-194.342
p13,1.52e+10,-1.5138e-09,-1.94726e-08,-2.02277e-09,-11.7795,-0.924414,-27.5676,12.2734,2011.78,7.00762,-144.575,-1859.72,-193.183
p13,1.525e+10,-1.49692e-09,-1.9476e-08,-2.00421e-09,-11.7746,-0.975212,-27.7791,12.1815,1913.59,6.91313,-143.433,-1866.16,-192.04
p13,1.53e+10,-1.48028e-09,-1.94253e-08,-1.98592e-09,-11.7686,-1.02592,-27.9906,12.0918,1820.23,6.82058,-142.304,-1867.41,-190.912
p13,1.535e+10,-1.46389e-09,-1.93289e-08,-1.96791e-09,-11.7615,-1.07654,-28.2022,12.0042,1731.67,6.72994,-141.187,-1864.21,-189.799
p13,1.54e+10,-1.44772e-09,-1.91941e-08,-1.95017e-09,-11.7533,-1.12708,-28.4139,11.9186,1647.84,6.64113,-140.083,-1857.24,-188.7
p13,1.545e+10,-1.43179e-09,-1.90273e-08,-1.93268e-09,-11.7441,-1.17753,-28.6256,11.835,1568.61,6.55412,-138.991,-1847.08,-187.616
p13,1.55e+10,-1.41608e-09,-1.88342e-08,-1.91545e-09,-11.7338,-1.22789,-28.8374,11.7534,1493.82,6.46885,-137.912,-1834.25,-186.545
p13,1.555e+10,-1.4006e-09,-1.86196e-08,-1.89847e-09,-11.7224,-1.27816,-29.0492,11.6737,1423.3,6.38529,-136.843,-1819.21,-185.487
p13,1.56e+10,-1.38533e-09,-1.8388e-08,-1.88174e-09,-11.7099,-1.32835,-29.2611,11.5959,1356.83,6.30337,-135.787,-1802.35,-184.444
p13,1.565e+10,-1.37027e-09,-1.81429e-08,-1.86524e-09,-11.6964,-1.37845,-29.473,11.5199,1294.22,6.22307,-134.741,-1784.02,-183.413
p13,1.57e+10,-1.35542e-09,-1.78875e-08,-1.84898e-09,-11.6819,-1.42847,-29.685,11.4457,1235.25,6.14434,-133.707,-1764.53,-182.395
p13,1.575e+10,-1.34078e-09,-1.76244e-08,-1.83295e-09,-11.6663,-1.47841,-29.897,11.3732,1179.72,6.06713,-132.684,-1744.11,-181.389
p13,1.58e+10,-1.32633e-09,-1.73559e-08,-1.81715e-09,-11.6497,-1.52826,-30.1091,11.3025,1127.42,5.99141,-131.671,-1723,-180.396
p13,1.585e+10,-1.31208e-09,-1.70841e-08,-1.80156e-09,-11.6322,-1.57803,-30.3212,11.2334,1078.16,5.91714,-130.668,-1701.38,-179.415
p13,1.59e+10,-1.29803e-09,-1.68104e-08,-1.78619e-09,-11.6136,-1.62772,-30.5334,11.1659,1031.75,5.84428,-129.676,-1679.4,-178.446
p13,1.595e+10,-1.28416e-09,-1.65362e-08,-1.77104e-09,-11.5941,-1.67732,-30.7456,11.1,988.007,5.77279,-128.694,-1657.21,-177.488
p13,1.6e+10,-1.27048e-09,-1.62628e-08,-1.75609e-09,-11.5735,-1.72685,-30.9578,11.0357,946.76,5.70265,-127.722,-1634.91,-176.542
p13,1.605e+10,-1.25697e-09,-1.59909e-08,-1.74135e-09,-11.5521,-1.77629,-31.1701,10.9729,907.851,5.63381,-126.76,-1612.61,-175.607
p13,1.61e+10,-1.24365e-09,-1.57215e-08,-1.72681e-09,-11.5297,-1.82566,-31.3825,10.9116,871.128,5.56625,-125.807,-1590.38,-174.683
p13,1.615e+10,-1.2305e-09,-1.54552e-08,-1.71246e-09,-11.5064,-1.87494,-31.5948,10.8517,836.448,5.49994,-124.863,-1568.29,-173.769
p13,1.62e+10,-1.21753e-09,-1.51923e-08,-1.69831e-09,-11.4821,-1.92414,-31.8072,10.7932,803.679,5.43483,-123.929,-1546.39,-172.867
p13,1.625e+10,-1.20472e-09,-1.49335e-08,-1.68435e-09,-11.457,-1.97327,-32.0196,10.7361,772.696,5.37091,-123.004,-1524.74,-171.975
p13,1.63e+10,-1.19207e-09,-1.46789e-08,-1.67057e-09,-11.4311,-2.02231,-32.2321,10.6803,743.385,5.30815,-122.087,-1503.36,-171.093
p13,1.635e+10,-1.17959e-09,-1.44289e-08,-1.65697e-09,-11.4042,-2.07128,-32.4446,10.6258,715.637,5.24651,-121.18,-1482.28,-170.221
p13,1.64e+10,-1.16727e-09,-1.41836e-08,-1.64355e-09,-11.3766,-2.12017,-32.6571,10.5727,689.351,5.18597,-120.281,-1461.54,-169.359
p13,1.645e+10,-1.15511e-09,-1.39432e-08,-1.63031e-09,-11.3481,-2.16899,-32.8697,10.5207,664.435,5.1265,-119.39,-1441.15,-168.506
p13,1.65e+10,-1.1431e-09,-1.37078e-08,-1.61724e-09,-11.3188,-2.21772,-33.0823,10.47,640.801,5.06808,-118.508,-1421.12,-167.664
p13,1.655e+10,-1.13124e-09,-1.34773e-08,-1.60434e-09,-11.2888,-2.26638,-33.2949,10.4204,618.368,5.01068,-117.634,-1401.46,-166.83
p13,1.66e+10,-1.11952e-09,-1.32519e-08,-1.5916e-09,-11.258,-2.31497,-33.5075,10.372,597.062,4.95429,-116.767,-1382.18,-166.006
p13,1.665e+10,-1.10796e-09,-1.30314e-08,-1.57903e-09,-11.2265,-2.36348,-33.7201,10.3246,576.812,4.89887,-115.909,-1363.28,-165.19
p13,1.67e+10,-1.09653e-09,-1.2816e-08,-1.56662e-09,-11.1942,-2.41192,-33.9328,10.2784,557.554,4.8444,-115.058,-1344.77,-164.384
p13,1.675e+10,-1.08525e-09,-1.26055e-08,-1.55436e-09,-11.1612,-2.46028,-34.1455,10.2332,539.227,4.79086,-114.215,-1326.65,-163.586
p13,1.68e+10,-1.07411e-09,-1.23999e-08,-1.54226e-09,-11.1276,-2.50856,-34.3582,10.1891,521.775,4.73823,-113.38,-1308.91,-162.797
p13,1.685e+10,-1.0631e-09,-1.21991e-08,-1.53031e-09,-11.0933,-2.55678,-34.571,10.1459,505.145,4.6865,-112.552,-1291.54,-162.017
p13,1.69e+10,-1.05222e-09,-1.20031e-08,-1.51851e-09,-11.0584,-2.60492,-34.7837,10.1037,489.289,4.63563,-111.731,-1274.56,-161.244
p13,1.695e+10,-1.04147e-09,-1.18117e-08,-1.50686e-09,-11.0228,-2.65299,-34.9965,10.0625,474.161,4.58561,-110.917,-1257.94,-160.48
p13,1.7e+10,-1.03086e-09,-1.16248e-08,-1.49535e-09,-10.9866,-2.70099,-35.2093,10.0222,459.719,4.53642,-110.11,-1241.7,-159.724
p13,1.705e+10,-1.02037e-09,-1.14424e-08,-1.48398e-09,-10.9499,-2.74891,-35.4221,9.98279,445.924,4.48804,-109.31,-1225.81,-158.976
p13,1.71e+10,-1.01e-09,-1.12644e-08,-1.47274e-09,-10.9125,-2.79677,-35.6349,9.94424,432.739,4.44046,-108.517,-1210.27,-158.235
p13,1.715e+10,-9.99755e-10,-1.10906e-08,-1.46165e-09,-10.8747,-2.84455,-35.8477,9.90654,420.13,4.39365,-107.73,-1195.08,-157.502
p13,1.72e+10,-9.8963e-10,-1.09209e-08,-1.45069e-09,-10.8363,-2.89226,-36.0606,9.86965,408.064,4.34761,-106.95,-1180.23,-156.777
p13,1.725e+10,-9.79623e-10,-1.07553e-08,-1.43986e-09,-10.7973,-2.93991,-36.2734,9.83357,396.512,4.3023,-106.176,-1165.71,-156.059
p13,1.73e+10,-9.69732e-10,-1.05936e-08,-1.42916e-09,-10.7579,-2.98748,-36.4863,9.79827,385.445,4.25773,-105.409,-1151.51,-155.349
p13,1.735e+10,-9.59954e-10,-1.04357e-08,-1.41859e-09,-10.718,-3.03499,-36.6991,9.76373,374.838,4.21386,-104.648,-1137.63,-154.645
p13,1.74e+10,-9.50289e-10,-1.02816e-08,-1.40814e-09,-10.6777,-3.08243,-36.912,9.72991,364.666,4.17069,-103.893,-1124.06,-153.949
p13,1.745e+10,-9.40733e-10,-1.0131e-08,-1.39782e-09,-10.6368,-3.12979,-37.1249,9.69681,354.906,4.1282,-103.143,-1110.78,-153.259
p13,1.75e+10,-9.31286e-10,-9.98404e-09,-1.38762e-09,-10.5956,-3.1771,-37.3378,9.66441,345.536,4.08638,-102.4,-1097.8,-152.577
p13,1.755e+10,-9.21944e-10,-9.84046e-09,-1.37753e-09,-10.5539,-3.22433,-37.5507,9.63271,336.537,4.04522,-101.663,-1085.11,-151.901
p13,1.76e+10,-9.12708e-10,-9.70021e-09,-1.36757e-09,-10.5118,-3.2715,-37.7636,9.60166,327.889,4.00469,-100.931,-1072.69,-151.231
p13,1.765e+10,-9.03574e-10,-9.56319e-09,-1.35772e-09,-10.4693,-3.3186,-37.9765,9.57125,319.575,3.96478,-100.205,-1060.54,-150.569
p13,1.77e+10,-8.94541e-10,-9.42931e-09,-1.34798e-09,-10.4265,-3.36563,-38.1894,9.54147,311.578,3.92549,-99.484,-1048.66,-149.912
p13,1.775e+10,-8.85608e-10,-9.29849e-09,-1.33836e-09,-10.3833,-3.4126,-38.4023,9.5123,303.882,3.8868,-98.7687,-1037.03,-149.262
p13,1.78e+10,-8.76772e-10,-9.17062e-09,-1.32884e-09,-10.3397,-3.4595,-38.6152,9.48374,296.473,3.8487,-98.0588,-1025.65,-148.618
p13,1.785e+10,-8.68032e-10,-9.04563e-09,-1.31943e-09,-10.2957,-3.50634,-38.8281,9.45577,289.336,3.81117,-97.354,-1014.51,-147.981
p13,1.79e+10,-8.59387e-10,-8.92344e-09,-1.31013e-09,-10.2515,-3.55311,-39.041,9.42836,282.459,3.77421,-96.6544,-1003.61,-147.349
p13,1.795e+10,-8.50835e-10,-8.80396e-09,-1.30093e-09,-10.2068,-3.59982,-39.2539,9.40152,275.83,3.7378,-95.9598,-992.938,-146.724
p13,1.8e+10,-8.42374e-10,-8.68711e-09,-1.29184e-09,-10.1619,-3.64647,-39.4668,9.37524,269.436,3.70194,-95.2702,-982.49,-146.104
p13,1.805e+10,-8.34003e-10,-8.57283e-09,-1.28285e-09,-10.1167,-3.69305,-39.6797,9.34948,263.267,3.6666,-94.5855,-972.258,-145.49
p13,1.81e+10,-8.2572e-10,-8.46103e-09,-1.27396e-09,-10.0711,-3.73957,-39.8926,9.32426,257.312,3.63178,-93.9056,-962.237,-144.881
p13,1.815e+10,-8.17525e-10,-8.35165e-09,-1.26516e-09,-10.0253,-3.78603,-40.1055,9.29955,251.562,3.59748,-93.2304,-952.421,-144.279
p13,1.82e+10,-8.09415e-10,-8.24462e-09,-1.25646e-09,-9.97911,-3.83242,-40.3184,9.27536,246.007,3.56367,-92.5598,-942.805,-143.682
p13,1.825e+10,-8.01389e-10,-8.13986e-09,-1.24786e-09,-9.93267,-3.87876,-40.5313,9.25167,240.64,3.53035,-91.8938,-933.383,-143.09
p13,1.83e+10,-7.93446e-10,-8.03732e-09,-1.23935e-09,-9.88595,-3.92503,-40.7442,9.22847,235.451,3.49752,-91.2322,-924.15,-142.504
p13,1.835e+10,-7.85585e-10,-7.93694e-09,-1.23094e-09,-9.83897,-3.97124,-40.9571,9.20575,230.432,3.46516,-90.5751,-915.101,-141.923
p13,1.84e+10,-7.77804e-10,-7.83864e-09,-1.22261e-09,-9.79172,-4.01739,-41.1699,9.18351,225.577,3.43325,-89.9224,-906.23,-141.347
p13,1.845e+10,-7.70102e-10,-7.74238e-09,-1.21438e-09,-9.74419,-4.06348,-41.3828,9.16175,220.878,3.40181,-89.2739,-897.534,-140.776
p13,1.85e+10,-7.62477e-10,-7.64809e-09,-1.20623e-09,-9.69638,-4.10951,-41.5956,9.14047,216.329,3.3708,-88.6295,-889.006,-140.211
p13,1.855e+10,-7.54929e-10,-7.55573e-09,-1.19817e-09,-9.64833,-4.15548,-41.8085,9.11964,211.924,3.34023,-87.9893,-880.644,-139.65
p13,1.86e+10,-7.47457e-10,-7.46523e-09,-1.19019e-09,-9.60002,-4.20139,-42.0213,9.09928,207.656,3.3101,-87.3532,-872.441,-139.094
p13,1.865e+10,-7.40058e-10,-7.37656e-09,-1.1823e-09,-9.55144,-4.24724,-42.2341,9.07938,203.519,3.28038,-86.7211,-864.395,-138.544
p13,1.87e+10,-7.32733e-10,-7.28964e-09,-1.17449e-09,-9.50261,-4.29303,-42.4469,9.05992,199.51,3.25107,-86.0929,-856.501,-137.998
p13,1.875e+10,-7.2548e-10,-7.20445e-09,-1.16677e-09,-9.45354,-4.33876,-42.6597,9.04091,195.621,3.22217,-85.4686,-848.754,-137.457
p13,1.88e+10,-7.18297e-10,-7.12093e-09,-1.15912e-09,-9.40421,-4.38444,-42.8725,9.02234,191.849,3.19366,-84.848,-841.152,-136.92
p13,1.885e+10,-7.11184e-10,-7.03904e-09,-1.15156e-09,-9.35463,-4.43006,-43.0852,9.00423,188.189,3.16554,-84.2312,-833.69,-136.388
p13,1.89e+10,-7.0414e-10,-6.95873e-09,-1.14407e-09,-9.30481,-4.47562,-43.298,8.98655,184.637,3.13781,-83.6181,-826.365,-135.861
p13,1.895e+10,-6.97163e-10,-6.87996e-09,-1.13666e-09,-9.25474,-4.52112,-43.5107,8.96932,181.188,3.11045,-83.0087,-819.172,-135.338
p13,1.9e+10,-6.90253e-10,-6.8027e-09,-1.12933e-09,-9.20443,-4.56657,-43.7235,8.95251,177.838,3.08346,-82.4028,-812.11,-134.82
p13,1.905e+10,-6.83409e-10,-6.72689e-09,-1.12207e-09,-9.15386,-4.61196,-43.9362,8.93616,174.584,3.05683,-81.8004,-805.174,-134.306
p13,1.91e+10,-6.76629e-10,-6.65251e-09,-1.11488e-09,-9.10308,-4.6573,-44.1489,8.92022,171.421,3.03056,-81.2015,-798.36,-133.796
p13,1.915e+10,-6.69913e-10,-6.57952e-09,-1.10777e-09,-9.05203,-4.70258,-44.3615,8.90474,168.348,3.00464,-80.6059,-791.667,-133.29
p13,1.92e+10,-6.6326e-10,-6.50787e-09,-1.10073e-09,-9.00074,-4.7478,-44.5742,8.88968,165.359,2.97906,-80.0138,-785.091,-132.789
p13,1.925e+10,-6.56669e-10,-6.43755e-09,-1.09376e-09,-8.94922,-4.79297,-44.7868,8.87506,162.452,2.95381,-79.4249,-778.63,-132.292
p13,1.93e+10,-6.50138e-10,-6.3685e-09,-1.08686e-09,-8.89746,-4.83809,-44.9995,8.86088,159.625,2.9289,-78.8393,-772.279,-131.799
p13,1.935e+10,-6.43668e-10,-6.3007e-09,-1.08003e-09,-8.84547,-4.88315,-45.2121,8.84712,156.874,2.90431,-78.257,-766.037,-131.31
p13,1.94e+10,-6.37258e-10,-6.23412e-09,-1.07327e-09,-8.79324,-4.92816,-45.4246,8.8338,154.196,2.88004,-77.6777,-759.901,-130.825
p13,1.945e+10,-6.30905e-10,-6.16873e-09,-1.06657e-09,-8.74078,-4.97311,-45.6372,8.82091,151.589,2.85608,-77.1016,-753.868,-130.344
p13,1.95e+10,-6.24611e-10,-6.10449e-09,-1.05994e-09,-8.68809,-5.01801,-45.8498,8.80845,149.05,2.83244,-76.5286,-747.936,-129.866
p13,1.955e+10,-6.18373e-10,-6.04139e-09,-1.05338e-09,-8.63516,-5.06286,-46.0623,8.79643,146.578,2.80909,-75.9586,-742.102,-129.393
p13,1.96e+10,-6.12191e-10,-5.97939e-09,-1.04688e-09,-8.58202,-5.10765,-46.2748,8.78483,144.169,2.78604,-75.3916,-736.364,-128.924
p13,1.965e+10,-6.06065e-10,-5.91846e-09,-1.04044e-09,-8.52865,-5.15239,-46.4873,8.77367,141.821,2.76329,-74.8275,-730.72,-128.458
p13,1.97e+10,-5.99993e-10,-5.85858e-09,-1.03407e-09,-8.47506,-5.19708,-46.6997,8.76294,139.534,2.74082,-74.2664,-725.167,-127.996
p13,1.975e+10,-5.93975e-10,-5.79972e-09,-1.02775e-09,-8.42125,-5.24172,-46.9122,8.75263,137.303,2.71863,-73.7081,-719.704,-127.537
p13,1.98e+10,-5.8801e-10,-5.74186e-09,-1.0215e-09,-8.36723,-5.2863,-47.1246,8.74276,135.128,2.69673,-73.1526,-714.328,-127.082
p13,1.985e+10,-5.82098e-10,-5.68497e-09,-1.01531e-09,-8.31299,-5.33084,-47.337,8.73331,133.007,2.67509,-72.5999,-709.037,-126.631
p13,1.99e+10,-5.76237e-10,-5.62904e-09,-1.00918e-09,-8.25856,-5.37532,-47.5494,8.72429,130.937,2.65373,-72.05,-703.829,-126.183
p13,1.995e+10,-5.70427e-10,-5.57404e-09,-1.0031e-09,-8.20392,-5.41976,-47.7617,8.71569,128.918,2.63262,-71.5028,-698.703,-125.739
p13,2e+10,-5.64668e-10,-5.51994e-09,-9.97088e-10,-8.14908,-5.46414,-47.9741,8.70752,126.947,2.61178,-70.9583,-693.656,-125.298
p13,2.005e+10,-5.58959e-10,-5.46673e-09,-9.91128e-10,-8.09406,-5.50847,-48.1864,8.69976,125.023,2.59119,-70.4164,-688.687,-124.86
p13,2.01e+10,-5.53298e-10,-5.41439e-09,-9.85225e-10,-8.03885,-5.55275,-48.3986,8.69243,123.145,2.57086,-69.8771,-683.794,-124.426
p13,2.015e+10,-5.47686e-10,-5.36289e-09,-9.79377e-10,-7.98346,-5.59699,-48.6109,8.68551,121.311,2.55077,-69.3405,-678.975,-123.995
p13,2.02e+10,-5.42122e-10,-5.31222e-09,-9.73584e-10,-7.9279,-5.64117,-48.8231,8.67901,119.519,2.53092,-68.8063,-674.228,-123.568
p13,2.025e+10,-5.36605e-10,-5.26235e-09,-9.67845e-10,-7.87217,-5.68531,-49.0353,8.67292,117.769,2.51132,-68.2747,-669.553,-123.143
p13,2.03e+10,-5.31135e-10,-5.21328e-09,-9.62159e-10,-7.81627,-5.72939,-49.2475,8.66725,116.059,2.49194,-67.7456,-664.947,-122.722
p13,2.035e+10,-5.25711e-10,-5.16498e-09,-9.56525e-10,-7.76023,-5.77343,-49.4597,8.66197,114.388,2.4728,-67.2189,-660.409,-122.304
p13,2.04e+10,-5.20332e-10,-5.11743e-09,-9.50944e-10,-7.70403,-5.81742,-49.6718,8.65711,112.754,2.45389,-66.6946,-655.937,-121.889
p13,2.045e+10,-5.14999e-10,-5.07063e-09,-9.45414e-10,-7.6477,-5.86136,-49.8839,8.65263,111.157,2.4352,-66.1727,-651.53,-121.477
p13,2.05e+10,-5.09709e-10,-5.02454e-09,-9.39934e-10,-7.59123,-5.90525,-50.096,8.64856,109.595,2.41673,-65.6532,-647.187,-121.068
p13,2.055e+10,-5.04464e-10,-4.97916e-09,-9.34505e-10,-7.53464,-5.9491,-50.308,8.64488,108.068,2.39848,-65.1361,-642.907,-120.663
p13,2.06e+10,-4.99261e-10,-4.93447e-09,-9.29124e-10,-7.47794,-5.9929,-50.52,8.64158,106.574,2.38044,-64.6212,-638.687,-120.26
p13,2.065e+10,-4.94102e-10,-4.89046e-09,-9.23793e-10,-7.42113,-6.03665,-50.732,8.63866,105.112,2.36261,-64.1086,-634.526,-119.86
p13,2.07e+10,-4.88985e-10,-4.84711e-09,-9.18509e-10,-7.36421,-6.08036,-50.944,8.63613,103.682,2.34499,-63.5983,-630.424,-119.463
p13,2.075e+10,-4.83909e-10,-4.80441e-09,-9.13273e-10,-7.30721,-6.12402,-51.1559,8.63396,102.282,2.32757,-63.0902,-626.38,-119.069
p13,2.08e+10,-4.78875e-10,-4.76234e-09,-9.08084e-10,-7.25012,-6.16763,-51.3678,8.63217,100.912,2.31035,-62.5843,-622.391,-118.678
p13,2.085e+10,-4.73881e-10,-4.72089e-09,-9.02942e-10,-7.19296,-6.2112,-51.5797,8.63073,99.5712,2.29333,-62.0805,-618.457,-118.289
p13,2.09e+10,-4.68927e-10,-4.68005e-09,-8.97845e-10,-7.13574,-6.25472,-51.7915,8.62964,98.258,2.27651,-61.5789,-614.577,-117.904
p13,2.095e+10,-4.64014e-10,-4.6398e-09,-8.92793e-10,-7.07846,-6.2982,-52.0033,8.62891,96.972,2.25987,-61.0794,-610.749,-117.521
p13,2.1e+10,-4.59139e-10,-4.60013e-09,-8.87786e-10,-7.02113,-6.34163,-52.2151,8.62852,95.7125,2.24342,-60.582,-606.973,-117.141
p13,2.105e+10,-4.54303e-10,-4.56104e-09,-8.82823e-10,-6.96377,-6.38502,-52.4269,8.62846,94.4786,2.22716,-60.0866,-603.248,-116.763
p13,2.11e+10,-4.49506e-10,-4.52251e-09,-8.77903e-10,-6.90637,-6.42836,-52.6386,8.62874,93.2698,2.21108,-59.5933,-599.572,-116.388
p13,2.115e+10,-4.44746e-10,-4.48452e-09,-8.73027e-10,-6.84896,-6.47166,-52.8503,8.62935,92.0853,2.19518,-59.102,-595.945,-116.016
p13,2.12e+10,-4.40024e-10,-4.44707e-09,-8.68193e-10,-6.79153,-6.51492,-53.0619,8.63027,90.9244,2.17946,-58.6127,-592.365,-115.646
p13,2.125e+10,-4.35338e-10,-4.41014e-09,-8.63401e-10,-6.73409,-6.55813,-53.2736,8.6315,89.7866,2.16391,-58.1253,-588.832,-115.279
p13,2.13e+10,-4.30689e-10,-4.37373e-09,-8.5865e-10,-6.67667,-6.6013,-53.4852,8.63304,88.6712,2.14853,-57.6399,-585.345,-114.915
p13,2.135e+10,-4.26076e-10,-4.33783e-09,-8.53941e-10,-6.61925,-6.64442,-53.6968,8.63487,87.5776,2.13333,-57.1563,-581.903,-114.553
p13,2.14e+10,-4.21498e-10,-4.30242e-09,-8.49272e-10,-6.56185,-6.6875,-53.9083,8.637,86.5053,2.11829,-56.6747,-578.504,-114.193
p13,2.145e+10,-4.16955e-10,-4.2675e-09,-8.44642e-10,-6.50448,-6.73054,-54.1198,8.63941,85.4536,2.10341,-56.1949,-575.149,-113.836
p13,2.15e+10,-4.12448e-10,-4.23305e-09,-8.40053e-10,-6.44715,-6.77353,-54.3313,8.6421,84.4221,2.0887,-55.7169,-571.836,-113.481
p13,2.155e+10,-4.07974e-10,-4.19907e-09,-8.35503e-10,-6.38986,-6.81649,-54.5427,8.64506,83.4102,2.07414,-55.2407,-568.565,-113.129
p13,2.16e+10,-4.03534e-10,-4.16554e-09,-8.30991e-10,-6.33263,-6.8594,-54.7541,8.64828,82.4175,2.05974,-54.7663,-565.334,-112.779
p13,2.165e+10,-3.99127e-10,-4.13247e-09,-8.26517e-10,-6.27544,-6.90227,-54.9655,8.65177,81.4434,2.0455,-54.2937,-562.144,-112.432
p13,2.17e+10,-3.94754e-10,-4.09983e-09,-8.22081e-10,-6.21833,-6.94509,-55.1768,8.6555,80.4874,2.03141,-53.8227,-558.992,-112.087
p13,2.175e+10,-3.90413e-10,-4.06763e-09,-8.17682e-10,-6.16128,-6.98788,-55.3882,8.65948,79.5491,2.01747,-53.3535,-555.88,-111.744
p13,2.18e+10,-3.86104e-10,-4.03585e-09,-8.13321e-10,-6.10431,-7.03062,-55.5994,8.6637,78.6281,2.00368,-52.8859,-552.805,-111.403
p13,2.185e+10,-3.81826e-10,-4.00449e-09,-8.08995e-10,-6.04742,-7.07332,-55.8107,8.66815,77.724,1.99003,-52.42,-549.767,-111.065
p13,2.19e+10,-3.7758e-10,-3.97354e-09,-8.04706e-10,-5.99062,-7.11599,-56.0219,8.67284,76.8362,1.97653,-51.9557,-546.766,-110.729
p13,2.195e+10,-3.73365e-10,-3.94298e-09,-8.00452e-10,-5.93391,-7.15861,-56.2331,8.67774,75.9645,1.96317,-51.493,-543.8,-110.395
p13,2.2e+10,-3.6918e-10,-3.91282e-09,-7.96233e-10,-5.8773,-7.20119,-56.4442,8.68286,75.1084,1.94995,-51.0318,-540.87,-110.063
p13,2.205e+10,-3.65026e-10,-3.88305e-09,-7.92049e-10,-5.82079,-7.24373,-56.6553,8.6882,74.2675,1.93687,-50.5722,-537.974,-109.734
p13,2.21e+10,-3.60901e-10,-3.85365e-09,-7.879e-10,-5.76439,-7.28623,-56.8664,8.69373,73.4416,1.92392,-50.1141,-535.112,-109.406
p13,2.215e+10,-3.56805e-10,-3.82463e-09,-7.83784e-10,-5.7081,-7.32869,-57.0774,8.69947,72.6301,1.91111,-49.6575,-532.284,-109.081
p13,2.22e+10,-3.52738e-10,-3.79597e-09,-7.79702e-10,-5.65192,-7.37112,-57.2884,8.70542,71.8328,1.89843,-49.2023,-529.488,-108.758
p13,2.225e+10,-3.487e-10,-3.76768e-09,-7.75653e-10,-5.59586,-7.4135,-57.4994,8.71155,71.0494,1.88588,-48.7486,-526.724,-108.437
p13,2.23e+10,-3.4469e-10,-3.73973e-09,-7.71637e-10,-5.53991,-7.45584,-57.7104,8.71788,70.2794,1.87346,-48.2962,-523.992,-108.118
p13,2.235e+10,-3.40708e-10,-3.71213e-09,-7.67654e-10,-5.48408,-7.49815,-57.9213,8.72439,69.5227,1.86117,-47.8453,-521.291,-107.801
p13,2.24e+10,-3.36753e-10,-3.68487e-09,-7.63703e-10,-5.42838,-7.54041,-58.1321,8.73109,68.7789,1.849,-47.3957,-518.621,-107.486
p13,2.245e+10,-3.32825e-10,-3.65795e-09,-7.59783e-10,-5.37281,-7.58264,-58.343,8.73797,68.0476,1.83695,-46.9474,-515.981,-107.173
p13,2.25e+10,-3.28923e-10,-3.63135e-09,-7.55895e-10,-5.31736,-7.62483,-58.5538,8.74503,67.3287,1.82503,-46.5005,-513.37,-106.862
p13,2.255e+10,-3.25049e-10,-3.60507e-09,-7.52038e-10,-5.26204,-7.66698,-58.7645,8.75227,66.6218,1.81322,-46.0548,-510.788,-106.553
p13,2.26e+10,-3.212e-10,-3.57912e-09,-7.48211e-10,-5.20684,-7.70909,-58.9752,8.75969,65.9267,1.80154,-45.6103,-508.235,-106.246
p13,2.265e+10,-3.17376e-10,-3.55347e-09,-7.44415e-10,-5.15178,-7.75117,-59.1859,8.76728,65.243,1.78997,-45.1671,-505.709,-105.941
p13,2.27e+10,-3.13578e-10,-3.52813e-09,-7.40649e-10,-5.09685,-7.7932,-59.3966,8.77505,64.5706,1.77851,-44.7251,-503.212,-105.638
p13,2.275e+10,-3.09805e-10,-3.50309e-09,-7.36913e-10,-5.04205,-7.8352,-59.6072,8.783,63.9091,1.76717,-44.2843,-500.741,-105.336
p13,2.28e+10,-3.06056e-10,-3.47835e-09,-7.33206e-10,-4.98738,-7.87717,-59.8178,8.79111,63.2584,1.75594,-43.8446,-498.297,-105.037
p13,2.285e+10,-3.02332e-10,-3.4539e-09,-7.29528e-10,-4.93283,-7.91909,-60.0283,8.79941,62.6182,1.74483,-43.406,-495.879,-104.739
p13,2.29e+10,-2.98631e-10,-3.42974e-09,-7.25879e-10,-4.87842,-7.96098,-60.2389,8.80789,61.9882,1.73382,-42.9686,-493.487,-104.443
p13,2.295e+10,-2.94955e-10,-3.40585e-09,-7.22259e-10,-4.82414,-8.00284,-60.4493,8.81654,61.3683,1.72292,-42.5322,-491.121,-104.149
p13,2.3e+10,-2.91301e-10,-3.38225e-09,-7.18666e-10,-4.76998,-8.04465,-60.6598,8.82537,60.7583,1.71212,-42.0968,-488.779,-103.857
p13,2.305e+10,-2.8767e-10,-3.35891e-09,-7.15102e-10,-4.71595,-8.08643,-60.8702,8.83438,60.1578,1.70143,-41.6625,-486.462,-103.566
p13,2.31e+10,-2.84062e-10,-3.33584e-09,-7.11565e-10,-4.66205,-8.12818,-61.0805,8.84358,59.5668,1.69084,-41.2292,-484.17,-103.278
p13,2.315e+10,-2.80477e-10,-3.31304e-09,-7.08055e-10,-4.60828,-8.16989,-61.2909,8.85296,58.985,1.68036,-40.7969,-481.901,-102.991
p13,2.32e+10,-2.76913e-10,-3.2905e-09,-7.04572e-10,-4.55463,-8.21156,-61.5012,8.86254,58.4122,1.66998,-40.3656,-479.655,-102.705
p13,2.325e+10,-2.73371e-10,-3.26821e-09,-7.01116e-10,-4.5011,-8.2532,-61.7114,8.87231,57.8482,1.65969,-39.9351,-477.433,-102.422
p13,2.33e+10,-2.69851e-10,-3.24617e-09,-6.97686e-10,-4.44769,-8.2948,-61.9216,8.88228,57.2929,1.6495,-39.5056,-475.233,-102.14
p13,2.335e+10,-2.66351e-10,-3.22437e-09,-6.94283e-10,-4.39441,-8.33637,-62.1318,8.89245,56.746,1.63942,-39.077,-473.056,-101.86
p13,2.34e+10,-2.62873e-10,-3.20282e-09,-6.90905e-10,-4.34124,-8.3779,-62.342,8.90283,56.2074,1.62942,-38.6493,-470.9,-101.581
p13,2.345e+10,-2.59415e-10,-3.18151e-09,-6.87553e-10,-4.28819,-8.4194,-62.5521,8.91342,55.677,1.61952,-38.2224,-468.767,-101.304
p13,2.35e+10,-2.55978e-10,-3.16044e-09,-6.84226e-10,-4.23526,-8.46086,-62.7621,8.92422,55.1545,1.60972,-37.7964,-466.654,-101.029
p13,2.355e+10,-2.52561e-10,-3.13959e-09,-6.80924e-10,-4.18244,-8.50229,-62.9722,8.93524,54.6397,1.6,-37.3711,-464.563,-100.756
p13,2.36e+10,-2.49163e-10,-3.11898e-09,-6.77647e-10,-4.12974,-8.54368,-63.1822,8.9465,54.1326,1.59038,-36.9467,-462.492,-100.484
p13,2.365e+10,-2.45785e-10,-3.09859e-09,-6.74394e-10,-4.07715,-8.58504,-63.3921,8.95797,53.633,1.58085,-36.523,-460.442,-100.213
p13,2.37e+10,-2.42427e-10,-3.07842e-09,-6.71166e-10,-4.02468,-8.62637,-63.6021,8.9697,53.1407,1.5714,-36.1001,-458.412,-99.9443
p13,2.375e+10,-2.39087e-10,-3.05846e-09,-6.67962e-10,-3.97232,-8.66766,-63.8119,8.98166,52.6556,1.56204,-35.678,-456.401,-99.677
p13,2.38e+10,-2.35767e-10,-3.03872e-09,-6.64781e-10,-3.92006,-8.70892,-64.0218,8.99387,52.1775,1.55277,-35.2565,-454.41,-99.4113
p13,2.385e+10,-2.32465e-10,-3.01919e-09,-6.61624e-10,-3.86792,-8.75015,-64.2316,9.00634,51.7064,1.54359,-34.8358,-452.438,-99.1471
p13,2.39e+10,-2.29182e-10,-2.99987e-09,-6.58491e-10,-3.81589,-8.79134,-64.4414,9.01906,51.2419,1.53449,-34.4158,-450.485,-98.8843
p13,2.395e+10,-2.25916e-10,-2.98076e-09,-6.5538e-10,-3.76397,-8.8325,-64.6511,9.03205,50.7842,1.52547,-33.9964,-448.551,-98.6231
p13,2.4e+10,-2.22669e-10,-2.96184e-09,-6.52293e-10,-3.71216,-8.87363,-64.8608,9.04532,50.3329,1.51653,-33.5777,-446.635,-98.3634
p13,2.405e+10,-2.1944e-10,-2.94313e-09,-6.49227e-10,-3.66046,-8.91472,-65.0705,9.05886,49.888,1.50768,-33.1596,-444.738,-98.1052
p13,2.41e+10,-2.16228e-10,-2.92461e-09,-6.46185e-10,-3.60887,-8.95578,-65.2801,9.07269,49.4493,1.4989,-32.7422,-442.858,-97.8484
p13,2.415e+10,-2.13033e-10,-2.90628e-09,-6.43164e-10,-3.5574,-8.99681,-65.4897,9.08681,49.0168,1.4902,-32.3254,-440.995,-97.593
p13,2.42e+10,-2.09856e-10,-2.88814e-09,-6.40165e-10,-3.50603,-9.03781,-65.6992,9.10123,48.5903,1.48159,-31.9092,-439.15,-97.3391
p13,2.425e+10,-2.06695e-10,-2.87019e-09,-6.37188e-10,-3.45478,-9.07878,-65.9087,9.11595,48.1697,1.47305,-31.4936,-437.322,-97.0867
p13,2.43e+10,-2.03552e-10,-2.85242e-09,-6.34233e-10,-3.40364,-9.11971,-66.1182,9.13098,47.7549,1.46458,-31.0786,-435.511,-96.8356
p13,2.435e+10,-2.00425e-10,-2.83483e-09,-6.31299e-10,-3.35262,-9.16061,-66.3276,9.14631,47.3458,1.45619,-30.6641,-433.717,-96.5859
p13,2.44e+10,-1.97314e-10,-2.81742e-09,-6.28386e-10,-3.30171,-9.20148,-66.537,9.16197,46.9423,1.44788,-30.2502,-431.939,-96.3376
p13,2.445e+10,-1.9422e-10,-2.80019e-09,-6.25493e-10,-3.25093,-9.24232,-66.7464,9.17794,46.5442,1.43964,-29.8368,-430.176,-96.0907
p13,2.45e+10,-1.91142e-10,-2.78314e-09,-6.22622e-10,-3.20026,-9.28313,-66.9557,9.19425,46.1515,1.43147,-29.424,-428.43,-95.8452
p13,2.455e+10,-1.8808e-10,-2.76625e-09,-6.19771e-10,-3.14972,-9.3239,-67.165,9.21089,45.7641,1.42338,-29.0117,-426.7,-95.601
p13,2.46e+10,-1.85033e-10,-2.74953e-09,-6.1694e-10,-3.0993,-9.36465,-67.3742,9.22786,45.3819,1.41535,-28.5999,-424.985,-95.3581
p13,2.465e+10,-1.82003e-10,-2.73298e-09,-6.14129e-10,-3.04901,-9.40536,-67.5834,9.24517,45.0047,1.4074,-28.1887,-423.285,-95.1166
p13,2.47e+10,-1.78987e-10,-2.71659e-09,-6.11338e-10,-2.99886,-9.44605,-67.7926,9.26283,44.6325,1.39951,-27.7779,-421.601,-94.8764
p13,2.475e+10,-1.75987e-10,-2.70037e-09,-6.08567e-10,-2.94883,-9.4867,-68.0017,9.28083,44.2653,1.39169,-27.3676,-419.931,-94.6375
p13,2.48e+10,-1.73003e-10,-2.6843e-09,-6.05815e-10,-2.89894,-9.52732,-68.2108,9.29918,43.9028,1.38394,-26.9578,-418.276,-94.3999
p13,2.485e+10,-1.70033e-10,-2.66839e-09,-6.03082e-10,-2.8492,-9.56791,-68.4199,9.31788,43.5451,1.37626,-26.5485,-416.635,-94.1635
p13,2.49e+10,-1.67078e-10,-2.65264e-09,-6.00369e-10,-2.79959,-9.60848,-68.6289,9.33693,43.192,1.36864,-26.1396,-415.009,-93.9285
p13,2.495e+10,-1.64138e-10,-2.63704e-09,-5.97674e-10,-2.75013,-9.64901,-68.8379,9.35634,42.8434,1.36109,-25.7312,-413.397,-93.6947
p13,2.5e+10,-1.61213e-10,-2.62159e-09,-5.94998e-10,-2.70082,-9.68951,-69.0468,9.37611,42.4994,1.35361,-25.3232,-411.798,-93.4621
p13,2.505e+10,-1.58302e-10,-2.60629e-09,-5.92341e-10,-2.65167,-9.72998,-69.2557,9.39623,42.1597,1.34618,-24.9157,-410.214,-93.2308
p13,2.51e+10,-1.55405e-10,-2.59113e-09,-5.89702e-10,-2.60267,-9.77043,-69.4646,9.41671,41.8244,1.33882,-24.5086,-408.642,-93.0007
p13,2.515e+10,-1.52523e-10,-2.57612e-09,-5.87081e-10,-2.55384,-9.81084,-69.6734,9.43754,41.4933,1.33152,-24.1019,-407.085,-92.7719
p13,2.52e+10,-1.49654e-10,-2.56126e-09,-5.84479e-10,-2.50517,-9.85123,-69.8822,9.45873,41.1664,1.32429,-23.6957,-405.54,-92.5442
p13,2.525e+10,-1.468e-10,-2.54653e-09,-5.81894e-10,-2.45667,-9.89158,-70.0909,9.48028,40.8436,1.31711,-23.2899,-404.008,-92.3178
p13,2.53e+10,-1.43959e-10,-2.53194e-09,-5.79327e-10,-2.40834,-9.93191,-70.2996,9.50218,40.5249,1.31,-22.8845,-402.489,-92.0925
p13,2.535e+10,-1.41133e-10,-2.51749e-09,-5.76778e-10,-2.36019,-9.97221,-70.5083,9.52443,40.2101,1.30294,-22.4794,-400.983,-91.8684
p13,2.54e+10,-1.38319e-10,-2.50318e-09,-5.74245e-10,-2.31221,-10.0125,-70.7169,9.54703,39.8992,1.29595,-22.0748,-399.489,-91.6455
p13,2.545e+10,-1.35519e-10,-2.489e-09,-5.7173e-10,-2.26443,-10.0527,-70.9255,9.56998,39.5921,1.28901,-21.6705,-398.008,-91.4237
p13,2.55e+10,-1.32733e-10,-2.47495e-09,-5.69233e-10,-2.21683,-10.0929,-71.1341,9.59327,39.2888,1.28213,-21.2666,-396.539,-91.2031
p13,2.555e+10,-1.2996e-10,-2.46103e-09,-5.66752e-10,-2.16942,-10.1331,-71.3426,9.6169,38.9892,1.27531,-20.8631,-395.082,-90.9837
p13,2.56e+10,-1.27199e-10,-2.44723e-09,-5.64287e-10,-2.12221,-10.1733,-71.5511,9.64087,38.6932,1.26854,-20.4599,-393.637,-90.7653
p13,2.565e+10,-1.24452e-10,-2.43357e-09,-5.6184e-10,-2.0752,-10.2134,-71.7595,9.66517,38.4008,1.26183,-20.0571,-392.203,-90.5481
p13,2.57e+10,-1.21717e-10,-2.42003e-09,-5.59408e-10,-2.02838,-10.2535,-71.9679,9.6898,38.112,1.25517,-19.6546,-390.781,-90.332
p13,2.575e+10,-1.18995e-10,-2.40661e-09,-5.56993e-10,-1.98178,-10.2936,-72.1763,9.71475,37.8266,1.24857,-19.2525,-389.371,-90.1171
p13,2.58e+10,-1.16286e-10,-2.39332e-09,-5.54594e-10,-1.93538,-10.3336,-72.3846,9.74002,37.5446,1.24202,-18.8507,-387.971,-89.9032
p13,2.585e+10,-1.13589e-10,-2.38014e-09,-5.52211e-10,-1.8892,-10.3736,-72.5929,9.7656,37.2659,1.23553,-18.4491,-386.583,-89.6904
p13,2.59e+10,-1.10904e-10,-2.36708e-09,-5.49844e-10,-1.84322,-10.4136,-72.8012,9.79148,36.9906,1.22908,-18.0479,-385.206,-89.4786
p13,2.595e+10,-1.08231e-10,-2.35415e-09,-5.47493e-10,-1.79747,-10.4536,-73.0094,9.81767,36.7185,1.22269,-17.647,-383.84,-89.268
p13,2.6e+10,-1.05571e-10,-2.34132e-09,-5.45157e-10,-1.75193,-10.4935,-73.2176,9.84415,36.4496,1.21635,-17.2463,-382.485,-89.0584
p13,2.605e+10,-1.02922e-10,-2.32861e-09,-5.42837e-10,-1.70662,-10.5334,-73.4257,9.87092,36.1838,1.21006,-16.8459,-381.14,-88.8498
p13,2.61e+10,-1.00284e-10,-2.31601e-09,-5.40531e-10,-1.66153,-10.5733,-73.6338,9.89796,35.9212,1.20383,-16.4458,-379.806,-88.6424
p13,2.615e+10,-9.76588e-11,-2.30353e-09,-5.38241e-10,-1.61666,-10.6132,-73.8418,9.92529,35.6615,1.19764,-16.0459,-378.482,-88.4359
p13,2.62e+10,-9.50445e-11,-2.29115e-09,-5.35966e-10,-1.57202,-10.653,-74.0499,9.95288,35.4049,1.1915,-15.6462,-377.168,-88.2305
p13,2.625e+10,-9.24415e-11,-2.27889e-09,-5.33706e-10,-1.52761,-10.6928,-74.2579,9.98073,35.1512,1.18541,-15.2467,-375.865,-88.0261
p13,2.63e+10,-8.98495e-11,-2.26672e-09,-5.3146e-10,-1.48343,-10.7326,-74.4658,10.0088,34.9004,1.17937,-14.8474,-374.571,-87.8227
p13,2.635e+10,-8.72685e-11,-2.25467e-09,-5.2923e-10,-1.43948,-10.7723,-74.6737,10.0372,34.6524,1.17338,-14.4483,-373.288,-87.6203
p13,2.64e+10,-8.46983e-11,-2.24272e-09,-5.27013e-10,-1.39576,-10.8121,-74.8816,10.0658,34.4073,1.16743,-14.0494,-372.014,-87.4189
p13,2.645e+10,-8.21386e-11,-2.23087e-09,-5.24811e-10,-1.35227,-10.8518,-75.0894,10.0946,34.1649,1.16153,-13.6506,-370.75,-87.2185
p13,2.65e+10,-7.95894e-11,-2.21913e-09,-5.22623e-10,-1.30901,-10.8914,-75.2972,10.1237,33.9253,1.15567,-13.252,-369.495,-87.0191
p13,2.655e+10,-7.70505e-11,-2.20749e-09,-5.20449e-10,-1.26598,-10.9311,-75.505,10.153,33.6883,1.14987,-12.8535,-368.25,-86.8206
p13,2.66e+10,-7.45218e-11,-2.19594e-09,-5.18289e-10,-1.22318,-10.9707,-75.7127,10.1825,33.454,1.1441,-12.455,-367.014,-86.6231
p13,2.665e+10,-7.2003e-11,-2.18449e-09,-5.16143e-10,-1.18062,-11.0103,-75.9204,10.2122,33.2223,1.13838,-12.0567,-365.787,-86.4266
p13,2.67e+10,-6.94939e-11,-2.17315e-09,-5.14011e-10,-1.13828,-11.0499,-76.128,10.2421,32.9931,1.13271,-11.6584,-364.569,-86.231
p13,2.675e+10,-6.69945e-11,-2.16189e-09,-5.11892e-10,-1.09617,-11.0894,-76.3356,10.2722,32.7665,1.12708,-11.2601,-363.361,-86.0364
p13,2.68e+10,-6.45045e-11,-2.15073e-09,-5.09787e-10,-1.05429,-11.1289,-76.5432,10.3025,32.5423,1.12149,-10.8619,-362.161,-85.8427
p13,2.685e+10,-6.20237e-11,-2.13967e-09,-5.07695e-10,-1.01264,-11.1684,-76.7507,10.3331,32.3206,1.11595,-10.4636,-360.97,-85.65
p13,2.69e+10,-5.95521e-11,-2.1287e-09,-5.05617e-10,-0.971207,-11.2079,-76.9582,10.3638,32.1013,1.11045,-10.0654,-359.788,-85.4581
p13,2.695e+10,-5.70893e-11,-2.11782e-09,-5.03551e-10,-0.930001,-11.2473,-77.1657,10.3947,31.8844,1.10499,-9.66704,-358.614,-85.2672
p13,2.7e+10,-5.46353e-11,-2.10703e-09,-5.01498e-10,-0.889018,-11.2867,-77.3731,10.4257,31.6698,1.09957,-9.26866,-357.449,-85.0772
p13,2.705e+10,-5.21898e-11,-2.09633e-09,-4.99459e-10,-0.848254,-11.3261,-77.5805,10.457,31.4575,1.09419,-8.87018,-356.292,-84.8881
p13,2.71e+10,-4.97526e-11,-2.08571e-09,-4.97432e-10,-0.807708,-11.3655,-77.7878,10.4884,31.2475,1.08886,-8.4716,-355.144,-84.6999
p13,2.715e+10,-4.73237e-11,-2.07519e-09,-4.95418e-10,-0.767379,-11.4049,-77.9951,10.5201,31.0397,1.08356,-8.07287,-354.003,-84.5126
p13,2.72e+10,-4.49027e-11,-2.06475e-09,-4.93416e-10,-0.727263,-11.4442,-78.2024,10.5519,30.8341,1.07831,-7.67398,-352.871,-84.3262
p13,2.725e+10,-4.24895e-11,-2.0544e-09,-4.91427e-10,-0.687358,-11.4835,-78.4096,10.5839,30.6307,1.07309,-7.27491,-351.747,-84.1406
p13,2.73e+10,-4.00839e-11,-2.04413e-09,-4.89451e-10,-0.647663,-11.5227,-78.6168,10.6161,30.4295,1.06791,-6.87563,-350.631,-83.9559
p13,2.735e+10,-3.76858e-11,-2.03394e-09,-4.87486e-10,-0.608176,-11.562,-78.824,10.6484,30.2303,1.06277,-6.47611,-349.523,-83.7721
p13,2.74e+10,-3.52949e-11,-2.02384e-09,-4.85534e-10,-0.568893,-11.6012,-79.0311,10.681,30.0333,1.05767,-6.07634,-348.423,-83.5891
p13,2.745e+10,-3.2911e-11,-2.01382e-09,-4.83593e-10,-0.529812,-11.6404,-79.2382,10.7138,29.8382,1.05261,-5.67628,-347.33,-83.407
p13,2.75e+10,-3.05341e-11,-2.00387e-09,-4.81665e-10,-0.490933,-11.6796,-79.4452,10.7467,29.6452,1.04759,-5.27591,-346.245,-83.2258
p13,2.755e+10,-2.81638e-11,-1.99401e-09,-4.79749e-10,-0.452251,-11.7188,-79.6522,10.7799,29.4542,1.0426,-4.87521,-345.167,-83.0453
p13,2.76e+10,-2.58002e-11,-1.98423e-09,-4.77844e-10,-0.413765,-11.7579,-79.8592,10.8133,29.2652,1.03765,-4.47416,-344.097,-82.8657
p13,2.765e+10,-2.34428e-11,-1.97452e-09,-4.75951e-10,-0.375473,-11.797,-80.0661,10.8469,29.0781,1.03273,-4.07272,-343.034,-82.687
p13,2.77e+10,-2.10916e-11,-1.96489e-09,-4.74069e-10,-0.337373,-11.8361,-80.273,10.8807,28.8929,1.02786,-3.67087,-341.978,-82.509
p13,2.775e+10,-1.87464e-11,-1.95534e-09,-4.72199e-10,-0.299464,-11.8751,-80.4799,10.9148,28.7095,1.02301,-3.26859,-340.93,-82.3319
p13,2.78e+10,-1.64071e-11,-1.94586e-09,-4.7034e-10,-0.261743,-11.9142,-80.6867,10.9492,28.5281,1.0182,-2.86586,-339.889,-82.1556
p13,2.785e+10,-1.40734e-11,-1.93646e-09,-4.68493e-10,-0.224208,-11.9532,-80.8935,10.9838,28.3484,1.01343,-2.46265,-338.855,-81.98
p13,2.79e+10,-1.17452e-11,-1.92713e-09,-4.66657e-10,-0.18686,-11.9922,-81.1002,11.0186,28.1706,1.00869,-2.05894,-337.828,-81.8053
p13,2.795e+10,-9.42239e-12,-1.91787e-09,-4.64831e-10,-0.149696,-12.0312,-81.3069,11.0538,27.9946,1.00399,-1.65471,-336.807,-81.6314
p13,2.8e+10,-7.10476e-12,-1.90869e-09,-4.63017e-10,-0.112716,-12.0701,-81.5136,11.0893,27.8203,0.999321,-1.24994,-335.794,-81.4582
p13,2.805e+10,-4.79217e-12,-1.89957e-09,-4.61214e-10,-0.0759176,-12.109,-81.7202,11.1251,27.6477,0.994685,-0.844588,-334.787,-81.2859
p13,2.81e+10,-2.48451e-12,-1.89053e-09,-4.59421e-10,-0.0393021,-12.1479,-81.9268,11.1612,27.4769,0.990082,-0.438658,-333.787,-81.1143
p13,2.815e+10,-1.81573e-13,-1.88156e-09,-4.5764e-10,-0.00286802,-12.1868,-82.1334,11.1977,27.3077,0.985512,-0.0321151,-332.794,-80.9435
p13,2.82e+10,2.11671e-12,-1.87265e-09,-4.55868e-10,0.0333839,-12.2257,-82.3399,11.2345,27.1402,0.980975,0.375051,-331.807,-80.7734
p13,2.825e+10,4.41052e-12,-1.86381e-09,-4.54108e-10,0.0694543,-12.2645,-82.5464,11.2717,26.9743,0.976471,0.782867,-330.827,-80.6041
p13,2.83e+10,6.69997e-12,-1.85504e-09,-4.52358e-10,0.105342,-12.3033,-82.7529,11.3093,26.8101,0.971998,1.19135,-329.853,-80.4356
p13,2.835e+10,8.98515e-12,-1.84634e-09,-4.50618e-10,0.141047,-12.3421,-82.9593,11.3473,26.6474,0.967557,1.60051,-328.886,-80.2678
p13,2.84e+10,1.12662e-11,-1.8377e-09,-4.48888e-10,0.176568,-12.3809,-83.1657,11.3858,26.4863,0.963147,2.01037,-327.924,-80.1008
p13,2.845e+10,1.35432e-11,-1.82913e-09,-4.47169e-10,0.211904,-12.4196,-83.372,11.4247,26.3268,0.958768,2.42094,-326.969,-79.9345
p13,2.85e+10,1.58163e-11,-1.82062e-09,-4.4546e-10,0.247053,-12.4584,-83.5783,11.4641,26.1688,0.954421,2.83224,-326.021,-79.7689
p13,2.855e+10,1.80856e-11,-1.81218e-09,-4.43761e-10,0.282014,-12.4971,-83.7846,11.504,26.0123,0.950103,3.24428,-325.078,-79.604
p13,2.86e+10,2.03511e-11,-1.8038e-09,-4.42072e-10,0.316784,-12.5358,-83.9908,11.5444,25.8573,0.945816,3.65708,-324.141,-79.4399
p13,2.865e+10,2.2613e-11,-1.79548e-09,-4.40393e-10,0.351362,-12.5744,-84.197,11.5853,25.7038,0.941559,4.07063,-323.211,-79.2765
p13,2.87e+10,2.48713e-11,-1.78723e-09,-4.38723e-10,0.385744,-12.6131,-84.4032,11.6268,25.5518,0.937332,4.48497,-322.286,-79.1138
p13,2.875e+10,2.7126e-11,-1.77903e-09,-4.37063e-10,0.419928,-12.6517,-84.6093,11.6689,25.4011,0.933134,4.90008,-321.367,-78.9518
p13,2.88e+10,2.93773e-11,-1.7709e-09,-4.35413e-10,0.453911,-12.6903,-84.8154,11.7115,25.2519,0.928965,5.31599,-320.454,-78.7905
p13,2.885e+10,3.16252e-11,-1.76282e-09,-4.33773e-10,0.48769,-12.7289,-85.0215,11.7548,25.1041,0.924825,5.73269,-319.547,-78.63
p13,2.89e+10,3.38697e-11,-1.75481e-09,-4.32142e-10,0.521262,-12.7674,-85.2275,11.7987,24.9577,0.920713,6.1502,-318.645,-78.4701
p13,2.895e+10,3.61109e-11,-1.74685e-09,-4.3052e-10,0.554622,-12.806,-85.4335,11.8432,24.8126,0.91663,6.56852,-317.749,-78.3109
p13,2.9e+10,3.83489e-11,-1.73895e-09,-4.28908e-10,0.587767,-12.8445,-85.6394,11.8885,24.6689,0.912575,6.98765,-316.859,-78.1524
p13,2.905e+10,4.05836e-11,-1.73111e-09,-4.27305e-10,0.620694,-12.883,-85.8453,11.9344,24.5265,0.908547,7.40759,-315.974,-77.9945
p13,2.91e+10,4.28151e-11,-1.72333e-09,-4.25711e-10,0.653397,-12.9214,-86.0512,11.981,24.3854,0.904547,7.82835,-315.095,-77.8374
p13,2.915e+10,4.50434e-11,-1.7156e-09,-4.24127e-10,0.685874,-12.9599,-86.257,12.0283,24.2456,0.900574,8.24992,-314.221,-77.6809
p13,2.92e+10,4.72686e-11,-1.70793e-09,-4.22551e-10,0.71812,-12.9983,-86.4628,12.0764,24.1071,0.896629,8.67232,-313.352,-77.5251
p13,2.925e+10,4.94905e-11,-1.70031e-09,-4.20985e-10,0.75013,-13.0367,-86.6686,12.1253,23.9699,0.89271,9.09553,-312.489,-77.3699
p13,2.93e+10,5.17093e-11,-1.69275e-09,-4.19427e-10,0.7819,-13.0751,-86.8743,12.1749,23.8339,0.888817,9.51954,-311.631,-77.2154
p13,2.935e+10,5.39249e-11,-1.68524e-09,-4.17878e-10,0.813427,-13.1135,-87.08,12.2253,23.6991,0.884951,9.94437,-310.778,-77.0616
p13,2.94e+10,5.61373e-11,-1.67779e-09,-4.16338e-10,0.844706,-13.1519,-87.2857,12.2765,23.5655,0.881111,10.37,-309.93,-76.9084
p13,2.945e+10,5.83465e-11,-1.67039e-09,-4.14807e-10,0.875732,-13.1902,-87.4913,12.3285,23.4332,0.877296,10.7964,-309.088,-76.7558
p13,2.95e+10,6.05526e-11,-1.66304e-09,-4.13284e-10,0.906503,-13.2285,-87.6969,12.3813,23.302,0.873507,11.2237,-308.251,-76.6039
p13,2.955e+10,6.27554e-11,-1.65574e-09,-4.1177e-10,0.937012,-13.2668,-87.9025,12.4349,23.172,0.869744,11.6517,-307.418,-76.4526
p13,2.96e+10,6.4955e-11,-1.6485e-09,-4.10265e-10,0.967259,-13.3051,-88.108,12.4894,23.0432,0.866005,12.0805,-306.591,-76.302
p13,2.965e+10,6.71513e-11,-1.6413e-09,-4.08768e-10,0.997237,-13.3433,-88.3135,12.5447,22.9155,0.862292,12.51,-305.768,-76.152
p13,2.97e+10,6.93443e-11,-1.63416e-09,-4.07279e-10,1.02695,-13.3816,-88.5189,12.6009,22.7889,0.858602,12.9404,-304.951,-76.0026
p13,2.975e+10,7.15341e-11,-1.62706e-09,-4.05799e-10,1.05638,-13.4198,-88.7244,12.6579,22.6634,0.854938,13.3715,-304.138,-75.8538
p13,2.98e+10,7.37205e-11,-1.62002e-09,-4.04326e-10,1.08554,-13.458,-88.9297,12.7157,22.5391,0.851297,13.8033,-303.33,-75.7057
p13,2.985e+10,7.59036e-11,-1.61302e-09,-4.02863e-10,1.11441,-13.4961,-89.1351,12.7744,22.4158,0.847681,14.236,-302.527,-75.5581
p13,2.99e+10,7.80833e-11,-1.60607e-09,-4.01407e-10,1.14301,-13.5343,-89.3404,12.8339,22.2936,0.844088,14.6693,-301.729,-75.4112
p13,2.995e+10,8.02597e-11,-1.59917e-09,-3.99959e-10,1.17132,-13.5724,-89.5457,12.8943,22.1725,0.840519,15.1034,-300.935,-75.2648
p13,3e+10,8.24326e-11,-1.59232e-09,-3.98519e-10,1.19935,-13.6106,-89.7509,12.9555,22.0524,0.836973,15.5382,-300.146,-75.1191
p11,100000000,4.23076e-09,4.5705e-09,4.22896e-09,0.606076,0.693197,0.618488,4.38602,4.14273,4.29618,2.65826,2.87173,2.65713
p11,150000000,4.23134e-09,4.57109e-09,4.22956e-09,0.908428,1.03954,0.926755,4.38993,4.14429,4.30131,3.98794,4.30815,3.98626
p11,200000000,4.23214e-09,4.57191e-09,4.23036e-09,1.20996,1.38555,1.23383,4.39541,4.14654,4.30857,5.31827,5.74523,5.31603
p11,250000000,4.23318e-09,4.57293e-09,4.23135e-09,1.51039,1.73107,1.53928,4.40248,4.14955,4.31799,6.64947,7.18315,6.64659
p11,300000000,4.23445e-09,4.57417e-09,4.23252e-09,1.80946,2.07591,1.84269,4.41114,4.15341,4.32959,7.98176,8.6221,7.97811
p11,350000000,4.23595e-09,4.57559e-09,4.23386e-09,2.10688,2.41986,2.14366,4.4214,4.1582,4.34339,9.31535,10.0623,9.31074
p11,400000000,4.23769e-09,4.5772e-09,4.23536e-09,2.40238,2.76265,2.44179,4.43329,4.16402,4.35936,10.6505,11.5037,10.6446
p11,450000000,4.23965e-09,4.57896e-09,4.23704e-09,2.6957,3.10401,2.73671,4.44682,4.17096,4.3775,11.9873,12.9467,11.98
p11,500000000,4.24184e-09,4.58088e-09,4.2389e-09,2.98657,3.44361,3.02809,4.46202,4.17912,4.39779,13.3261,14.3913,13.3169
p11,550000000,4.24426e-09,4.58294e-09,4.24093e-09,3.27471,3.78112,3.31558,4.4789,4.18858,4.42022,14.6671,15.8375,14.6556
p11,600000000,4.24691e-09,4.58513e-09,4.24315e-09,3.55986,4.11617,3.59891,4.49749,4.19942,4.44475,16.0105,17.2855,15.9963
p11,650000000,4.24979e-09,4.58744e-09,4.24555e-09,3.84177,4.4484,3.8778,4.51782,4.21172,4.47138,17.3564,18.7354,17.3391
p11,700000000,4.25289e-09,4.58986e-09,4.24814e-09,4.12016,4.77744,4.15199,4.53992,4.22554,4.50008,18.7052,20.1872,18.6843
p11,750000000,4.25623e-09,4.59238e-09,4.25092e-09,4.39479,5.10291,4.42127,4.56381,4.24093,4.53082,20.057,21.6411,20.032
p11,800000000,4.25979e-09,4.595e-09,4.2539e-09,4.66542,5.42445,4.68544,4.58952,4.25794,4.5636,21.412,23.097,21.3824
p11,850000000,4.26358e-09,4.59771e-09,4.25709e-09,4.93179,5.7417,4.94432,4.61709,4.27662,4.59837,22.7705,24.555,22.7358
p11,900000000,4.26759e-09,4.60052e-09,4.26047e-09,5.19368,6.05432,5.19778,4.64655,4.29698,4.63514,24.1327,26.0153,24.0924
p11,950000000,4.27184e-09,4.60341e-09,4.26407e-09,5.45085,6.362,5.44567,4.67793,4.31907,4.67387,25.4987,27.4779,25.4523
p11,1000000000,4.27631e-09,4.60639e-09,4.26788e-09,5.70309,6.66441,5.6879,4.71128,4.34289,4.71455,26.8689,28.9428,26.8159
p11,1050000000,4.28101e-09,4.60945e-09,4.2719e-09,5.95019,6.96129,5.92438,4.74662,4.36847,4.75715,28.2433,30.4102,28.1832
p11,1100000000,4.28594e-09,4.6126e-09,4.27614e-09,6.19196,7.25236,6.15506,4.78399,4.39581,4.80167,29.6223,31.88,29.5546
p11,1150000000,4.29109e-09,4.61584e-09,4.2806e-09,6.42822,7.53739,6.37988,4.82342,4.42494,4.84808,31.006,33.3525,30.9302
p11,1200000000,4.29647e-09,4.61916e-09,4.28529e-09,6.65878,7.81616,6.59883,4.86495,4.45585,4.89637,32.3946,34.8276,32.3103
p11,1250000000,4.30208e-09,4.62257e-09,4.29021e-09,6.88349,8.08847,6.8119,4.90862,4.48855,4.94653,33.7884,36.3055,33.6953
p11,1300000000,4.30791e-09,4.62606e-09,4.29537e-09,7.10222,8.35416,7.01908,4.95446,4.52306,4.99854,35.1876,37.7863,35.0852
p11,1350000000,4.31398e-09,4.62965e-09,4.30076e-09,7.31483,8.61306,7.2204,5.0025,4.55936,5.05239,36.5925,39.2701,36.4803
p11,1400000000,4.32027e-09,4.63332e-09,4.30639e-09,7.52122,8.86505,7.41589,5.05278,4.59747,5.10808,38.0031,40.7568,37.881
p11,1450000000,4.3268e-09,4.63709e-09,4.31226e-09,7.72128,9.11002,7.60559,5.10534,4.6374,5.16559,39.4198,42.2468,39.2874
p11,1500000000,4.33355e-09,4.64096e-09,4.31839e-09,7.91494,9.34787,7.78956,5.16021,4.67914,5.22492,40.8428,43.74,40.6999
p11,1550000000,4.34054e-09,4.64492e-09,4.32477e-09,8.10215,9.57854,7.96785,5.21741,4.7227,5.28607,42.2722,45.2365,42.1186
p11,1600000000,4.34776e-09,4.64897e-09,4.3314e-09,8.28286,9.80196,8.14054,5.27698,4.76808,5.34903,43.7085,46.7366,43.544
p11,1650000000,4.35522e-09,4.65313e-09,4.3383e-09,8.45703,10.0181,8.30769,5.33895,4.8153,5.41381,45.1516,48.2402,44.9762
p11,1700000000,4.36291e-09,4.65739e-09,4.34546e-09,8.62466,10.2269,8.46938,5.40335,4.86436,5.4804,46.602,49.7475,46.4156
p11,1750000000,4.37084e-09,4.66175e-09,4.35289e-09,8.78576,10.4285,8.6257,5.4702,4.91526,5.54882,48.0599,51.2586,47.8625
p11,1800000000,4.37901e-09,4.66622e-09,4.36059e-09,8.94035,10.6227,8.77674,5.53955,4.96802,5.61907,49.5255,52.7737,49.3171
p11,1850000000,4.38743e-09,4.67079e-09,4.36857e-09,9.08846,10.8096,8.92258,5.6114,5.02264,5.69116,50.999,54.2927,50.7798
p11,1900000000,4.39609e-09,4.67547e-09,4.37683e-09,9.23016,10.9893,9.06331,5.68578,5.07914,5.7651,52.4807,55.816,52.2509
p11,1950000000,4.40499e-09,4.68026e-09,4.38538e-09,9.36551,11.1617,9.19902,5.76273,5.13752,5.84091,53.9709,57.3435,53.7306
p11,2000000000,4.41415e-09,4.68516e-09,4.39422e-09,9.49459,11.327,9.32981,5.84226,5.1978,5.9186,55.4699,58.8755,55.2194
p11,2050000000,4.42356e-09,4.69018e-09,4.40336e-09,9.61749,11.4852,9.45576,5.9244,5.25998,5.9982,56.9778,60.4119,56.7176
p11,2100000000,4.43323e-09,4.6953e-09,4.41279e-09,9.73432,11.6364,9.57698,6.00917,5.32409,6.07973,58.4951,61.9531,58.2254
p11,2150000000,4.44316e-09,4.70055e-09,4.42253e-09,9.8452,11.7806,9.69354,6.09658,5.39014,6.16321,60.022,63.499,59.7433
p11,2200000000,4.45336e-09,4.70591e-09,4.43258e-09,9.95024,11.9179,9.80554,6.18667,5.45814,6.24867,61.5588,65.0498,61.2716
p11,2250000000,4.46382e-09,4.71139e-09,4.44295e-09,10.0496,12.0485,9.91307,6.27945,5.52812,6.33615,63.1058,66.6057,62.8107
p11,2300000000,4.47456e-09,4.71699e-09,4.45363e-09,10.1434,12.1725,10.0162,6.37494,5.60008,6.42567,64.6633,68.1668,64.3609
p11,2350000000,4.48558e-09,4.72272e-09,4.46464e-09,10.2317,12.2899,10.1151,6.47317,5.67405,6.51728,66.2317,69.7332,65.9226
p11,2400000000,4.49688e-09,4.72856e-09,4.47598e-09,10.3148,12.4008,10.2097,6.57416,5.75004,6.61101,67.8113,71.305,67.4962
p11,2450000000,4.50846e-09,4.73453e-09,4.48765e-09,10.3928,12.5054,10.3001,6.67792,5.82808,6.7069,69.4024,72.8825,69.082
p11,2500000000,4.52034e-09,4.74063e-09,4.49967e-09,10.4658,12.6038,10.3866,6.78449,5.90819,6.80501,71.0054,74.4656,70.6806
p11,2550000000,4.53252e-09,4.74685e-09,4.51203e-09,10.5341,12.6961,10.469,6.89388,5.9904,6.90538,72.6206,76.0547,72.2923
p11,2600000000,4.54501e-09,4.75321e-09,4.52474e-09,10.5977,12.7825,10.5475,7.00612,6.07471,7.00806,74.2485,77.6497,73.9174
p11,2650000000,4.5578e-09,4.75969e-09,4.53781e-09,10.6568,12.863,10.6222,7.12123,6.16116,7.11311,75.8894,79.2509,75.5566
p11,2700000000,4.57091e-09,4.7663e-09,4.55125e-09,10.7116,12.9378,10.693,7.23925,6.24978,7.22059,77.5437,80.8585,77.2101
p11,2750000000,4.58435e-09,4.77305e-09,4.56505e-09,10.7622,13.0071,10.7602,7.36021,6.34059,7.33055,79.2119,82.4724,78.8784
p11,2800000000,4.59812e-09,4.77993e-09,4.57923e-09,10.8088,13.0709,10.8238,7.48414,6.43361,7.44307,80.8944,84.093,80.5621
p11,2850000000,4.61223e-09,4.78695e-09,4.5938e-09,10.8515,13.1294,10.8837,7.61106,6.52888,7.55821,82.5916,85.7203,82.2615
p11,2900000000,4.62668e-09,4.79411e-09,4.60875e-09,10.8905,13.1828,10.9402,7.74104,6.62642,7.67605,84.3039,87.3546,83.9772
p11,2950000000,4.64149e-09,4.8014e-09,4.6241e-09,10.926,13.2311,10.9931,7.87409,6.72626,7.79666,86.0319,88.9958,85.7096
p11,3000000000,4.65667e-09,4.80883e-09,4.63986e-09,10.9579,13.2745,11.0427,8.01027,6.82845,7.92012,87.7761,90.6444,87.4593
p11,3050000000,4.67221e-09,4.81641e-09,4.65603e-09,10.9866,13.3132,11.0889,8.14964,6.933,8.04651,89.5369,92.3003,89.2268
p11,3100000000,4.68813e-09,4.82413e-09,4.67261e-09,11.0121,13.3472,11.1318,8.29223,7.03995,8.17592,91.3148,93.9637,91.0126
p11,3150000000,4.70444e-09,4.83199e-09,4.68963e-09,11.0345,13.3768,11.1714,8.43812,7.14933,8.30845,93.1105,95.6349,92.8173
p11,3200000000,4.72115e-09,4.84e-09,4.70708e-09,11.054,13.4019,11.2079,8.58737,7.26119,8.44419,94.9244,97.3139,94.6414
p11,3250000000,4.73827e-09,4.84815e-09,4.72497e-09,11.0706,13.4229,11.2411,8.74003,7.37555,8.58324,96.7572,99.001,96.4855
p11,3300000000,4.75581e-09,4.85646e-09,4.74331e-09,11.0844,13.4397,11.2713,8.89619,7.49246,8.72571,98.6094,100.696,98.3503
p11,3350000000,4.77377e-09,4.86491e-09,4.76212e-09,11.0957,13.4525,11.2984,9.05594,7.61195,8.87171,100.482,102.4,100.236
p11,3400000000,4.79218e-09,4.87352e-09,4.78139e-09,11.1043,13.4615,11.3225,9.21934,7.73406,9.02135,102.374,104.112,102.144
p11,3450000000,4.81103e-09,4.88228e-09,4.80115e-09,11.1105,13.4668,11.3436,9.38651,7.85884,9.17475,104.289,105.833,104.074
p11,3500000000,4.83035e-09,4.89119e-09,4.82139e-09,11.1142,13.4684,11.3617,9.55755,7.98632,9.33204,106.225,107.563,106.028
p11,3550000000,4.85014e-09,4.90027e-09,4.84214e-09,11.1157,13.4665,11.3769,9.73254,8.11656,9.49335,108.184,109.302,108.005
p11,3600000000,4.87041e-09,4.9095e-09,4.86339e-09,11.1148,13.4613,11.3893,9.91163,8.24959,9.65882,110.166,111.05,110.007
p11,3650000000,4.89118e-09,4.91889e-09,4.88517e-09,11.1118,13.4528,11.3988,10.0949,8.38546,9.82859,112.172,112.808,112.035
p11,3700000000,4.91246e-09,4.92844e-09,4.90747e-09,11.1065,13.4412,11.4056,10.2826,8.52422,10.0028,114.204,114.575,114.088
p11,3750000000,4.93427e-09,4.93816e-09,4.93033e-09,11.0992,13.4265,11.4096,10.4747,8.66592,10.1816,116.261,116.353,116.168
p11,3800000000,4.95661e-09,4.94804e-09,4.95374e-09,11.0898,13.4088,11.4108,10.6715,8.81061,10.3653,118.344,118.14,118.276
p11,3850000000,4.9795e-09,4.95809e-09,4.97772e-09,11.0783,13.3884,11.4094,10.8731,8.95834,10.5538,120.455,119.938,120.412
p11,3900000000,5.00296e-09,4.96831e-09,5.00228e-09,11.0649,13.3652,11.4053,11.0796,9.10916,10.7475,122.595,121.746,122.578
p11,3950000000,5.027e-09,4.97871e-09,5.02743e-09,11.0494,13.3394,11.3985,11.2914,9.26313,10.9465,124.763,123.564,124.774
p11,4000000000,5.05163e-09,4.98927e-09,5.0532e-09,11.032,13.311,11.3892,11.5085,9.4203,11.151,126.961,125.394,127.001
p11,4050000000,5.07688e-09,5.00001e-09,5.07959e-09,11.0127,13.2803,11.3773,11.7311,9.58073,11.3612,129.191,127.235,129.26
p11,4100000000,5.10275e-09,5.01093e-09,5.10662e-09,10.9914,13.2472,11.3629,11.9596,9.74449,11.5774,131.452,129.087,131.552
p11,4150000000,5.12927e-09,5.02202e-09,5.13431e-09,10.9682,13.2118,11.3459,12.1941,9.91163,11.7997,133.747,130.95,133.878
p11,4200000000,5.15645e-09,5.0333e-09,5.16267e-09,10.9431,13.1743,11.3265,12.4348,10.0822,12.0284,136.076,132.826,136.24
p11,4250000000,5.18431e-09,5.04476e-09,5.19171e-09,10.9161,13.1347,11.3047,12.6822,10.2563,12.2637,138.44,134.713,138.637
p11,4300000000,5.21288e-09,5.05641e-09,5.22146e-09,10.8872,13.093,11.2804,12.9363,10.434,12.5059,140.84,136.613,141.072
p11,4350000000,5.24216e-09,5.06825e-09,5.25194e-09,10.8564,13.0495,11.2537,13.1976,10.6153,12.7554,143.278,138.525,143.545
p11,4400000000,5.27217e-09,5.08027e-09,5.28316e-09,10.8236,13.0042,11.2247,13.4663,10.8003,13.0122,145.755,140.449,146.058
p11,4450000000,5.30295e-09,5.09249e-09,5.31515e-09,10.789,12.957,11.1933,13.7428,10.9892,13.2769,148.271,142.387,148.612
p11,4500000000,5.33451e-09,5.1049e-09,5.34791e-09,10.7524,12.9082,11.1597,14.0275,11.1818,13.5496,150.83,144.338,151.209
p11,4550000000,5.36687e-09,5.11751e-09,5.38149e-09,10.714,12.8578,11.1237,14.3206,11.3785,13.8307,153.431,146.302,153.849
p11,4600000000,5.40005e-09,5.13032e-09,5.41589e-09,10.6736,12.8058,11.0855,14.6226,11.5791,14.1205,156.076,148.28,156.533
p11,4650000000,5.43409e-09,5.14334e-09,5.45114e-09,10.6313,12.7524,11.0451,14.9339,11.7838,14.4195,158.767,150.272,159.265
p11,4700000000,5.469e-09,5.15656e-09,5.48726e-09,10.587,12.6975,11.0025,15.255,11.9928,14.728,161.505,152.278,162.044
p11,4750000000,5.50482e-09,5.16998e-09,5.52429e-09,10.5409,12.6413,10.9577,15.5862,12.206,15.0464,164.292,154.299,164.873
p11,4800000000,5.54155e-09,5.18362e-09,5.56225e-09,10.4927,12.5838,10.9107,15.9282,12.4235,15.3751,167.129,156.334,167.753
p11,4850000000,5.57925e-09,5.19747e-09,5.60115e-09,10.4426,12.525,10.8616,16.2813,12.6455,15.7146,170.019,158.385,170.686
p11,4900000000,5.61793e-09,5.21153e-09,5.64104e-09,10.3905,12.4651,10.8105,16.6462,12.872,16.0654,172.963,160.451,173.674
p11,4950000000,5.65762e-09,5.22582e-09,5.68195e-09,10.3364,12.404,10.7572,17.0235,13.1032,16.4279,175.962,162.532,176.719
p11,5000000000,5.69836e-09,5.24032e-09,5.72389e-09,10.2804,12.3419,10.7019,17.4137,13.3391,16.8027,179.019,164.63,179.821
p11,5050000000,5.74019e-09,5.25505e-09,5.76692e-09,10.2223,12.2787,10.6446,17.8175,13.5798,17.1904,182.137,166.743,182.985
p11,5100000000,5.78312e-09,5.27001e-09,5.81105e-09,10.1623,12.2146,10.5853,18.2355,13.8255,17.5915,185.316,168.874,186.211
p11,5150000000,5.8272e-09,5.2852e-09,5.85633e-09,10.1003,12.1496,10.524,18.6686,14.0763,18.0066,188.559,171.021,189.502
p11,5200000000,5.87247e-09,5.30063e-09,5.9028e-09,10.0363,12.0837,10.4608,19.1174,14.3321,18.4364,191.869,173.185,192.859
p11,5250000000,5.91897e-09,5.31629e-09,5.95048e-09,9.97036,12.0169,10.3956,19.5828,14.5933,18.8817,195.248,175.367,196.287
p11,5300000000,5.96674e-09,5.33219e-09,5.99943e-09,9.90241,11.9494,10.3286,20.0656,14.8599,19.3431,198.698,177.567,199.786
p11,5350000000,6.01581e-09,5.34834e-09,6.04969e-09,9.83246,11.8811,10.2596,20.5668,15.1319,19.8214,202.222,179.785,203.36
p11,5400000000,6.06624e-09,5.36473e-09,6.10129e-09,9.76056,11.8121,10.1889,21.0872,15.4097,20.3175,205.823,182.021,207.012
p11,5450000000,6.11808e-09,5.38138e-09,6.15429e-09,9.68669,11.7425,10.1162,21.628,15.6931,20.8322,209.503,184.276,210.744
p11,5500000000,6.17136e-09,5.39828e-09,6.20874e-09,9.61089,11.6722,10.0418,22.1901,15.9825,21.3665,213.267,186.551,214.559
p11,5550000000,6.22615e-09,5.41544e-09,6.26469e-09,9.53313,11.6013,9.96564,22.7749,16.2779,21.9213,217.116,188.846,218.46
p11,5600000000,6.28249e-09,5.43287e-09,6.32219e-09,9.45347,11.5299,9.88768,23.3834,16.5795,22.4978,221.055,191.16,222.451
p11,5650000000,6.34045e-09,5.45056e-09,6.3813e-09,9.37188,11.4579,9.808,24.0172,16.8874,23.0971,225.086,193.495,226.536
p11,5700000000,6.40009e-09,5.46852e-09,6.44207e-09,9.28842,11.3855,9.7266,24.6774,17.2018,23.7203,229.214,195.85,230.717
p11,5750000000,6.46146e-09,5.48676e-09,6.50458e-09,9.20309,11.3125,9.64351,25.3656,17.5228,24.3687,233.442,198.227,235
p11,5800000000,6.52464e-09,5.50527e-09,6.56889e-09,9.11591,11.2392,9.55876,26.0834,17.8506,25.0437,237.774,200.626,239.387
p11,5850000000,6.58969e-09,5.52407e-09,6.63507e-09,9.02692,11.1654,9.47236,26.8325,18.1853,25.7468,242.215,203.046,243.883
p11,5900000000,6.65669e-09,5.54316e-09,6.70318e-09,8.93611,11.0912,9.38434,27.6148,18.5272,26.4795,246.769,205.489,248.492
p11,5950000000,6.72572e-09,5.56254e-09,6.77332e-09,8.84357,11.0167,9.29472,28.432,18.8763,27.2435,251.441,207.955,253.22
p11,6000000000,6.79685e-09,5.58222e-09,6.84556e-09,8.74926,10.9419,9.20352,29.2865,19.2329,28.0405,256.235,210.445,258.071
p11,6050000000,6.87018e-09,5.6022e-09,6.91998e-09,8.65323,10.8668,9.11077,30.1804,19.5972,28.8725,261.158,212.958,263.051
p11,6100000000,6.9458e-09,5.62249e-09,6.99668e-09,8.55554,10.7913,9.01649,31.116,19.9693,29.7416,266.215,215.495,268.165
p11,6150000000,7.0238e-09,5.64308e-09,7.07576e-09,8.45621,10.7157,8.92069,32.096,20.3494,30.6499,271.411,218.058,273.418
p11,6200000000,7.10429e-09,5.664e-09,7.15731e-09,8.35526,10.6397,8.8234,33.1232,20.7378,31.5999,276.753,220.645,278.818
p11,6250000000,7.18737e-09,5.68524e-09,7.24144e-09,8.25271,10.5636,8.72464,34.2006,21.1347,32.594,282.247,223.259,284.371
p11,6300000000,7.27316e-09,5.7068e-09,7.32827e-09,8.14863,10.4873,8.62444,35.3313,21.5402,33.635,287.901,225.899,290.083
p11,6350000000,7.36179e-09,5.7287e-09,7.41792e-09,8.04304,10.4108,8.5228,36.5188,21.9547,34.7259,293.722,228.565,295.962
p11,6400000000,7.45338e-09,5.75094e-09,7.51052e-09,7.93597,10.3341,8.41976,37.7671,22.3782,35.8699,299.718,231.259,302.016
p11,6450000000,7.54807e-09,5.77352e-09,7.6062e-09,7.82749,10.2573,8.31533,39.0799,22.8111,37.0704,305.897,233.981,308.253
p11,6500000000,7.646e-09,5.79646e-09,7.70511e-09,7.71757,10.1804,8.20954,40.462,23.2537,38.3313,312.268,236.731,314.682
p11,6550000000,7.74735e-09,5.81975e-09,7.8074e-09,7.60633,10.1033,8.1024,41.9178,23.7061,39.6565,318.841,239.511,321.313
p11,6600000000,7.85226e-09,5.8434e-09,7.91324e-09,7.49373,10.0262,7.99393,43.453,24.1687,41.0505,325.625,242.32,328.154
p11,6650000000,7.96091e-09,5.86742e-09,8.0228e-09,7.37988,9.94901,7.88415,45.0729,24.6416,42.518,332.632,245.16,335.218
p11,6700000000,8.07351e-09,5.89182e-09,8.13627e-09,7.26476,9.87174,7.77309,46.7838,25.1253,44.0643,339.873,248.03,342.515
p11,6750000000,8.19025e-09,5.9166e-09,8.25385e-09,7.14845,9.79442,7.66076,48.5925,25.6199,45.695,347.361,250.932,350.058
p11,6800000000,8.31134e-09,5.94177e-09,8.37575e-09,7.03095,9.71706,7.54718,50.5064,26.1258,47.4163,355.107,253.866,357.859
p11,6850000000,8.43701e-09,5.96734e-09,8.50219e-09,6.91232,9.63968,7.43238,52.5334,26.6434,49.235,363.128,256.833,365.933
p11,6900000000,8.56753e-09,5.99331e-09,8.63343e-09,6.79261,9.56228,7.31636,54.6824,27.1728,51.1584,371.436,259.834,374.294
p11,6950000000,8.70314e-09,6.01969e-09,8.76972e-09,6.67182,9.48489,7.19915,56.9634,27.7145,53.1948,380.05,262.869,382.957
p11,7000000000,8.84414e-09,6.0465e-09,8.91134e-09,6.55001,9.4075,7.08076,59.387,28.2688,55.353,388.985,265.939,391.941
p11,7050000000,8.99083e-09,6.07372e-09,9.0586e-09,6.42724,9.33013,6.96122,61.9647,28.8361,57.6427,398.262,269.044,401.264
p11,7100000000,9.14354e-09,6.10139e-09,9.21182e-09,6.3035,9.2528,6.84055,64.7099,29.4167,60.0749,407.899,272.187,410.945
p11,7150000000,9.30263e-09,6.12949e-09,9.37135e-09,6.17885,9.1755,6.71875,67.6369,30.011,62.6613,417.918,275.366,421.006
p11,7200000000,9.46847e-09,6.15805e-09,9.53756e-09,6.05332,9.09826,6.59585,70.7618,30.6195,65.4152,428.344,278.584,431.469
p11,7250000000,9.64149e-09,6.18707e-09,9.71086e-09,5.92695,9.02107,6.47187,74.1022,31.2424,68.3511,439.2,281.84,442.36
p11,7300000000,9.82212e-09,6.21656e-09,9.89168e-09,5.79975,8.94395,6.34682,77.6781,31.8804,71.4853,450.514,285.136,453.704
p11,7350000000,1.00109e-08,6.24652e-09,1.00805e-08,5.6718,8.8669,6.22072,81.5113,32.5337,74.8358,462.316,288.473,465.533
p11,7400000000,1.02082e-08,6.27698e-09,1.02779e-08,5.54307,8.78993,6.09358,85.6271,33.203,78.4227,474.637,291.852,477.875
p11,7450000000,1.04148e-08,6.30793e-09,1.04843e-08,5.41364,8.71305,5.96543,90.0525,33.8885,82.2685,487.512,295.273,490.767
p11,7500000000,1.06311e-08,6.33939e-09,1.07004e-08,5.28353,8.63627,5.83628,94.819,34.591,86.3983,500.979,298.737,504.245
p11,7550000000,1.08579e-08,6.37137e-09,1.09269e-08,5.15275,8.55959,5.70615,99.9617,35.3107,90.8405,515.078,302.245,518.349
p11,7600000000,1.10959e-08,6.40388e-09,1.11644e-08,5.02134,8.48302,5.57504,105.52,36.0484,95.6269,529.853,305.799,533.124
p11,7650000000,1.13459e-08,6.43692e-09,1.14137e-08,4.88933,8.40656,5.44299,111.54,36.8045,100.793,545.354,309.399,548.617
p11,7700000000,1.16086e-08,6.47052e-09,1.16758e-08,4.75676,8.33022,5.31,118.07,37.5797,106.381,561.632,313.047,564.882
p11,7750000000,1.18852e-08,6.50468e-09,1.19515e-08,4.62363,8.25401,5.17609,125.171,38.3745,112.435,578.746,316.743,581.976
p11,7800000000,1.21765e-08,6.53941e-09,1.22419e-08,4.48999,8.17793,5.04127,132.909,39.1895,119.01,596.758,320.489,599.961
p11,7850000000,1.24837e-08,6.57473e-09,1.25481e-08,4.35585,8.10198,4.90556,141.358,40.0254,126.165,615.736,324.285,618.908
p11,7900000000,1.28081e-08,6.61064e-09,1.28713e-08,4.22123,8.02617,4.76898,150.609,40.8829,133.968,635.755,328.134,638.892
p11,7950000000,1.31508e-08,6.64717e-09,1.32128e-08,4.08617,7.95051,4.63154,160.761,41.7627,142.501,656.898,332.035,659.998
p11,8000000000,1.35133e-08,6.68432e-09,1.35743e-08,3.95068,7.875,4.49325,171.933,42.6655,151.854,679.252,335.991,682.318
p11,8050000000,1.38972e-08,6.72211e-09,1.39573e-08,3.81478,7.79964,4.35412,184.261,43.5921,162.134,702.916,340.002,705.953
p11,8100000000,1.43042e-08,6.76056e-09,1.43636e-08,3.67852,7.72443,4.21419,197.904,44.5432,173.466,727.995,344.07,731.017
p11,8150000000,1.4736e-08,6.79967e-09,1.47952e-08,3.54188,7.64938,4.07344,213.051,45.5196,185.993,754.603,348.197,757.632
p11,8200000000,1.51947e-08,6.83946e-09,1.52544e-08,3.4049,7.5745,3.93191,229.922,46.5223,199.887,782.863,352.383,785.938
p11,8250000000,1.56823e-08,6.87994e-09,1.57435e-08,3.26761,7.49978,3.7896,248.778,47.5522,215.348,812.91,356.631,816.083
p11,8300000000,1.62009e-08,6.92114e-09,1.62652e-08,3.13001,7.42522,3.64653,269.929,48.6101,232.614,844.882,360.941,848.235
p11,8350000000,1.67527e-08,6.96307e-09,1.68223e-08,2.99213,7.35084,3.50271,293.746,49.697,251.97,878.926,365.315,882.577
p11,8400000000,1.73402e-08,7.00574e-09,1.74181e-08,2.85399,7.27664,3.35815,320.672,50.8139,273.754,915.192,369.754,919.307
p11,8450000000,1.79652e-08,7.04918e-09,1.8056e-08,2.71559,7.2026,3.21287,351.241,51.962,298.376,953.827,374.261,958.643
p11,8500000000,1.86299e-08,7.0934e-09,1.87394e-08,2.57697,7.12875,3.06688,386.1,53.1422,326.331,994.967,378.837,1000.82
p11,8550000000,1.93354e-08,7.13841e-09,1.94723e-08,2.43813,7.05508,2.92019,426.032,54.3558,358.222,1038.72,383.484,1046.08
p11,8600000000,2.00823e-08,7.18424e-09,2.02584e-08,2.2991,6.98159,2.77281,471.992,55.6039,394.787,1085.16,388.203,1094.67
p11,8650000000,2.08695e-08,7.23091e-09,2.11014e-08,2.15988,6.90828,2.62476,525.145,56.8878,436.935,1134.25,392.997,1146.85
p11,8700000000,2.16937e-08,7.27844e-09,2.20044e-08,2.02051,6.83516,2.47605,586.911,58.2088,485.79,1185.86,397.866,1202.84
p11,8750000000,2.25476e-08,7.32684e-09,2.29695e-08,1.88098,6.76222,2.32669,659.028,59.5683,542.752,1239.62,402.814,1262.82
p11,8800000000,2.34182e-08,7.37615e-09,2.39969e-08,1.74131,6.68948,2.17669,743.599,60.9677,609.565,1294.84,407.842,1326.83
p11,8850000000,2.42838e-08,7.42637e-09,2.50831e-08,1.60153,6.61692,2.02606,843.149,62.4085,688.416,1350.33,412.952,1394.77
p11,8900000000,2.51095e-08,7.47754e-09,2.62191e-08,1.46165,6.54455,1.87482,960.652,63.8923,782.037,1404.13,418.147,1466.18
p11,8950000000,2.5841e-08,7.52968e-09,2.73863e-08,1.32167,6.47238,1.72297,1099.48,65.4207,893.835,1453.16,423.428,1540.05
p11,9000000000,2.6396e-08,7.58281e-09,2.85509e-08,1.18162,6.4004,1.57053,1263.23,66.9954,1028,1492.66,428.798,1614.51
p11,9050000000,2.66539e-08,7.63695e-09,2.9655e-08,1.04151,6.32861,1.41751,1455.2,68.6183,1189.6,1515.61,434.259,1686.27
p11,9100000000,2.6444e-08,7.69214e-09,3.06034e-08,0.901357,6.25702,1.26392,1677.46,70.2912,1384.44,1511.99,439.813,1749.81
p11,9150000000,2.55401e-08,7.7484e-09,3.12449e-08,0.761169,6.18562,1.10976,1929.05,72.0161,1618.64,1468.33,445.464,1796.3
p11,9200000000,2.36688e-08,7.80575e-09,3.13486e-08,0.620963,6.11442,0.955054,2203.32,73.795,1897.4,1368.18,451.214,1812.12
p11,9250000000,2.05529e-08,7.86423e-09,3.05824e-08,0.480753,6.04341,0.799807,2484.69,75.6302,2222.33,1194.52,457.065,1777.43
p11,9300000000,1.60057e-08,7.92387e-09,2.85102e-08,0.340554,5.97261,0.644029,2746.32,77.524,2586.77,935.27,463.02,1665.96
p11,9350000000,1.00689e-08,7.98469e-09,2.46496e-08,0.200381,5.90199,0.48773,2951.99,79.4787,2969.08,591.523,469.083,1448.11
p11,9400000000,3.1264e-09,8.04672e-09,1.8639e-08,0.0602467,5.83158,0.33092,3064.92,81.4968,3326.65,184.651,475.255,1100.85
p11,9450000000,-4.11683e-09,8.11001e-09,1.05201e-08,-0.0798336,5.76136,0.173608,3061.88,83.5811,3597.98,-244.441,481.541,624.64
p11,9500000000,-1.0844e-08,8.17458e-09,9.85231e-10,-0.219846,5.69134,0.015805,2944.26,85.7342,3720.88,-647.284,487.943,58.8087
p11,9550000000,-1.6412e-08,8.24047e-09,-8.69722e-09,-0.359775,5.62152,-0.142481,2737.25,87.9592,3662.75,-984.795,494.465,-521.872
p11,9600000000,-2.05238e-08,8.30771e-09,-1.71805e-08,-0.499607,5.5519,-0.301241,2477.88,90.2591,3440.13,-1237.97,501.109,-1036.31
p11,9650000000,-2.32108e-08,8.37634e-09,-2.36058e-08,-0.639327,5.48247,-0.460464,2201.27,92.6371,3108.35,-1407.33,507.881,-1431.29
p11,9700000000,-2.47019e-08,8.44641e-09,-2.77967e-08,-0.77892,5.41325,-0.620144,1932.81,95.0968,2731.83,-1505.51,514.782,-1694.13
p11,9750000000,-2.52894e-08,8.51794e-09,-3.00631e-08,-0.918369,5.34422,-0.78027,1686.97,97.6416,2360.33,-1549.26,521.818,-1841.7
p11,9800000000,-2.52453e-08,8.59098e-09,-3.0898e-08,-1.05766,5.27538,-0.940835,1469.74,100.275,2022.19,-1554.48,528.992,-1902.55
p11,9850000000,-2.47872e-08,8.66558e-09,-3.07726e-08,-1.19678,5.20675,-1.10183,1281.83,103.002,1728.49,-1534.07,536.307,-1904.5
p11,9900000000,-2.40753e-08,8.74177e-09,-3.00547e-08,-1.33571,5.13831,-1.26325,1121.18,105.826,1479.93,-1497.57,543.769,-1869.51
p11,9950000000,-2.32209e-08,8.8196e-09,-2.90017e-08,-1.47443,5.07006,-1.42507,984.591,108.752,1272.3,-1451.72,551.381,-1813.12
p11,1e+10,-2.22982e-08,8.89913e-09,-2.77826e-08,-1.61294,5.00202,-1.58731,868.625,111.785,1099.74,-1401.04,559.149,-1745.63
p11,1.005e+10,-2.13556e-08,8.98039e-09,-2.6503e-08,-1.7512,4.93417,-1.74994,770.053,114.928,956.354,-1348.52,567.076,-1673.56
p11,1.01e+10,-2.04232e-08,9.06344e-09,-2.52265e-08,-1.88922,4.86651,-1.91296,686.031,118.189,836.86,-1296.06,575.168,-1600.88
p11,1.015e+10,-1.95194e-08,9.14833e-09,-2.39895e-08,-2.02696,4.79905,-2.07636,614.14,121.572,736.825,-1244.83,583.429,-1529.92
p11,1.02e+10,-1.86544e-08,9.23512e-09,-2.28115e-08,-2.16441,4.73178,-2.24014,552.357,125.083,652.619,-1195.53,591.865,-1461.96
p11,1.025e+10,-1.78333e-08,9.32386e-09,-2.17016e-08,-2.30156,4.66471,-2.40428,499.014,128.729,581.313,-1148.51,600.481,-1397.64
p11,1.03e+10,-1.70583e-08,9.4146e-09,-2.06625e-08,-2.43839,4.59783,-2.56878,452.739,132.515,520.563,-1103.96,609.283,-1337.21
p11,1.035e+10,-1.6329e-08,9.50742e-09,-1.96935e-08,-2.57488,4.53114,-2.73364,412.404,136.451,468.493,-1061.89,618.277,-1280.69
p11,1.04e+10,-1.56442e-08,9.60236e-09,-1.87917e-08,-2.71101,4.46464,-2.89884,377.082,140.541,423.599,-1022.27,627.467,-1227.94
p11,1.045e+10,-1.50019e-08,9.6995e-09,-1.7953e-08,-2.84677,4.39834,-3.06437,346.011,144.796,384.673,-985.014,636.862,-1178.78
p11,1.05e+10,-1.43996e-08,9.79889e-09,-1.71731e-08,-2.98215,4.33222,-3.23024,318.56,149.223,350.738,-949.992,646.467,-1132.97
p11,1.055e+10,-1.38348e-08,9.90061e-09,-1.64475e-08,-3.11711,4.2663,-3.39643,294.207,153.831,321.003,-917.074,656.288,-1090.27
p11,1.06e+10,-1.33048e-08,1.00047e-08,-1.57718e-08,-3.25164,4.20056,-3.56294,272.517,158.629,294.821,-886.126,666.333,-1050.43
p11,1.065e+10,-1.28073e-08,1.01113e-08,-1.5142e-08,-3.38572,4.13501,-3.72976,253.125,163.629,271.663,-857.012,676.608,-1013.24
p11,1.07e+10,-1.23397e-08,1.02204e-08,-1.4554e-08,-3.51934,4.06965,-3.89689,235.727,168.84,251.09,-829.602,687.121,-978.468
p11,1.075e+10,-1.19e-08,1.03322e-08,-1.40045e-08,-3.65248,4.00448,-4.06431,220.063,174.275,232.738,-803.775,697.88,-945.921
p11,1.08e+10,-1.14859e-08,1.04466e-08,-1.34901e-08,-3.78512,3.93949,-4.23203,205.915,179.945,216.306,-779.414,708.892,-915.414
p11,1.085e+10,-1.10955e-08,1.05639e-08,-1.30078e-08,-3.91723,3.87469,-4.40003,193.099,185.864,201.539,-756.412,720.165,-886.778
p11,1.09e+10,-1.07272e-08,1.06839e-08,-1.25551e-08,-4.04882,3.81007,-4.56831,181.453,192.046,188.223,-734.669,731.709,-859.86
p11,1.095e+10,-1.03791e-08,1.0807e-08,-1.21295e-08,-4.17985,3.74563,-4.73686,170.842,198.506,176.176,-714.094,743.53,-834.522
p11,1.1e+10,-1.00499e-08,1.09331e-08,-1.17288e-08,-4.31031,3.68138,-4.90569,161.149,205.26,165.244,-694.603,755.638,-810.637
p11,1.105e+10,-9.73823e-09,1.10622e-08,-1.1351e-08,-4.44018,3.6173,-5.07477,152.273,212.325,155.296,-676.117,768.043,-788.091
p11,1.11e+10,-9.44272e-09,1.11946e-08,-1.09943e-08,-4.56944,3.55341,-5.24412,144.124,219.719,146.217,-658.567,780.752,-766.781
p11,1.115e+10,-9.16227e-09,1.13304e-08,-1.06571e-08,-4.69807,3.4897,-5.41371,136.628,227.463,137.911,-641.886,793.777,-746.612
p11,1.12e+10,-8.89583e-09,1.14695e-08,-1.0338e-08,-4.82607,3.42616,-5.58355,129.715,235.577,130.293,-626.015,807.126,-727.499
p11,1.125e+10,-8.64245e-09,1.16121e-08,-1.00355e-08,-4.95339,3.36281,-5.75363,123.329,244.085,123.29,-610.899,820.81,-709.365
p11,1.13e+10,-8.40123e-09,1.17583e-08,-9.74844e-09,-5.08005,3.29963,-5.92394,117.418,253.01,116.838,-596.487,834.838,-692.139
p11,1.135e+10,-8.17137e-09,1.19082e-08,-9.47577e-09,-5.20602,3.23662,-6.09449,111.935,262.379,110.88,-582.734,849.22,-675.757
p11,1.14e+10,-7.95212e-09,1.20618e-08,-9.21645e-09,-5.33127,3.17379,-6.26525,106.841,272.219,105.368,-569.597,863.968,-660.159
p11,1.145e+10,-7.74279e-09,1.22193e-08,-8.96957e-09,-5.4558,3.11114,-6.43624,102.1,282.562,100.259,-557.035,879.09,-645.293
p11,1.15e+10,-7.54277e-09,1.23808e-08,-8.73427e-09,-5.57959,3.04865,-6.60745,97.6801,293.44,95.5148,-545.015,894.598,-631.109
p11,1.155e+10,-7.35146e-09,1.25464e-08,-8.5098e-09,-5.70263,2.98634,-6.77886,93.5536,304.889,91.1013,-533.501,910.502,-617.563
p11,1.16e+10,-7.16834e-09,1.27161e-08,-8.29545e-09,-5.8249,2.9242,-6.95048,89.695,316.945,86.9887,-522.464,926.811,-604.613
p11,1.165e+10,-6.9929e-09,1.289e-08,-8.09056e-09,-5.94639,2.86223,-7.1223,86.0816,329.65,83.1505,-511.874,943.535,-592.222
p11,1.17e+10,-6.82471e-09,1.30682e-08,-7.89456e-09,-6.06706,2.80043,-7.29431,82.6936,343.049,79.5627,-501.707,960.684,-580.355
p11,1.175e+10,-6.66333e-09,1.32507e-08,-7.70688e-09,-6.18694,2.7388,-7.46652,79.5121,357.188,76.2041,-491.937,978.265,-568.979
p11,1.18e+10,-6.50837e-09,1.34376e-08,-7.52703e-09,-6.30601,2.67733,-7.63891,76.5209,372.12,73.0558,-482.541,996.288,-558.066
p11,1.185e+10,-6.35948e-09,1.3629e-08,-7.35455e-09,-6.42422,2.61603,-7.81148,73.7054,387.901,70.1004,-473.5,1014.76,-547.588
p11,1.19e+10,-6.2163e-09,1.38248e-08,-7.18899e-09,-6.54159,2.55489,-7.98424,71.0518,404.59,67.3227,-464.792,1033.68,-537.52
p11,1.195e+10,-6.07854e-09,1.40251e-08,-7.02997e-09,-6.65813,2.49392,-8.15716,68.548,422.252,64.7086,-456.402,1053.06,-527.838
p11,1.2e+10,-5.9459e-09,1.42298e-08,-6.87711e-09,-6.77377,2.43311,-8.33026,66.1833,440.96,62.2455,-448.31,1072.9,-518.522
p11,1.205e+10,-5.81811e-09,1.44389e-08,-6.73007e-09,-6.88857,2.37246,-8.50352,63.947,460.788,59.9222,-440.503,1093.2,-509.55
p11,1.21e+10,-5.69491e-09,1.46522e-08,-6.58854e-09,-7.00244,2.31197,-8.67695,61.8305,481.821,57.7281,-432.965,1113.96,-500.904
p11,1.215e+10,-5.57608e-09,1.48697e-08,-6.45221e-09,-7.11546,2.25165,-8.85053,59.8249,504.147,55.6539,-425.682,1135.16,-492.566
p11,1.22e+10,-5.46139e-09,1.5091e-08,-6.32082e-09,-7.22755,2.19148,-9.02426,57.9231,527.864,53.691,-418.642,1156.8,-484.522
p11,1.225e+10,-5.35063e-09,1.53161e-08,-6.19411e-09,-7.33873,2.13147,-9.19815,56.1176,553.076,51.8316,-411.832,1178.86,-476.755
p11,1.23e+10,-5.24361e-09,1.55445e-08,-6.07184e-09,-7.44901,2.07161,-9.37218,54.4022,579.898,50.0685,-405.243,1201.32,-469.251
p11,1.235e+10,-5.14015e-09,1.57757e-08,-5.95379e-09,-7.55835,2.01191,-9.54635,52.771,608.453,48.3952,-398.862,1224.15,-461.998
p11,1.24e+10,-5.04008e-09,1.60094e-08,-5.83974e-09,-7.66678,1.95237,-9.72067,51.2184,638.871,46.8057,-392.681,1247.31,-454.983
p11,1.245e+10,-4.94325e-09,1.62447e-08,-5.7295e-09,-7.77426,1.89298,-9.89511,49.7396,671.298,45.2945,-386.689,1270.75,-448.194
p11,1.25e+10,-4.8495e-09,1.6481e-08,-5.62289e-09,-7.8808,1.83374,-10.0697,48.3299,705.886,43.8564,-380.878,1294.41,-441.621
p11,1.255e+10,-4.75868e-09,1.67172e-08,-5.51974e-09,-7.98642,1.77466,-10.2444,46.9849,742.8,42.487,-375.241,1318.21,-435.253
p11,1.26e+10,-4.67068e-09,1.69521e-08,-5.41988e-09,-8.09107,1.71572,-10.4192,45.7009,782.217,41.1817,-369.769,1342.07,-429.082
p11,1.265e+10,-4.58536e-09,1.71844e-08,-5.32317e-09,-8.19479,1.65694,-10.5942,44.474,824.325,39.9367,-364.455,1365.85,-423.097
p11,1.27e+10,-4.50261e-09,1.74123e-08,-5.22945e-09,-8.29755,1.5983,-10.7693,43.301,869.324,38.7484,-359.292,1389.44,-417.292
p11,1.275e+10,-4.42231e-09,1.76338e-08,-5.1386e-09,-8.39936,1.53981,-10.9444,42.1787,917.424,37.6133,-354.274,1412.66,-411.657
p11,1.28e+10,-4.34436e-09,1.78466e-08,-5.0505e-09,-8.50022,1.48147,-11.1197,41.1041,968.845,36.5283,-349.394,1435.31,-406.185
p11,1.285e+10,-4.26867e-09,1.80478e-08,-4.96501e-09,-8.60011,1.42327,-11.2952,40.0748,1023.81,35.4904,-344.647,1457.16,-400.87
p11,1.29e+10,-4.19513e-09,1.82342e-08,-4.88204e-09,-8.69907,1.36522,-11.4707,39.0879,1082.57,34.497,-340.028,1477.94,-395.704
p11,1.295e+10,-4.12366e-09,1.84018e-08,-4.80146e-09,-8.79705,1.30731,-11.6463,38.1413,1145.33,33.5456,-335.531,1497.3,-390.682
p11,1.3e+10,-4.05418e-09,1.85462e-08,-4.72319e-09,-8.89406,1.24954,-11.822,37.2328,1212.35,32.6338,-331.151,1514.88,-385.797
p11,1.305e+10,-3.9866e-09,1.86621e-08,-4.64713e-09,-8.99012,1.19192,-11.9978,36.3603,1283.82,31.7594,-326.884,1530.21,-381.044
p11,1.31e+10,-3.92085e-09,1.87436e-08,-4.57318e-09,-9.08523,1.13443,-12.1737,35.5219,1359.96,30.9205,-322.724,1542.78,-376.417
p11,1.315e+10,-3.85687e-09,1.87839e-08,-4.50127e-09,-9.17938,1.07709,-12.3497,34.7158,1440.92,30.115,-318.669,1552,-371.912
p11,1.32e+10,-3.79457e-09,1.87752e-08,-4.43131e-09,-9.27256,1.01988,-12.5258,33.9404,1526.82,29.3414,-314.714,1557.18,-367.524
p11,1.325e+10,-3.7339e-09,1.87088e-08,-4.36323e-09,-9.36479,0.962818,-12.702,33.1941,1617.7,28.5978,-310.856,1557.55,-363.248
p11,1.33e+10,-3.6748e-09,1.85752e-08,-4.29694e-09,-9.45604,0.905888,-12.8782,32.4755,1713.52,27.8827,-307.089,1552.26,-359.08
p11,1.335e+10,-3.6172e-09,1.83638e-08,-4.2324e-09,-9.54634,0.849093,-13.0546,31.7831,1814.13,27.1947,-303.413,1540.36,-355.016
p11,1.34e+10,-3.56106e-09,1.80633e-08,-4.16952e-09,-9.6357,0.792434,-13.231,31.1158,1919.2,26.5325,-299.822,1520.84,-351.051
p11,1.345e+10,-3.50631e-09,1.76621e-08,-4.10825e-09,-9.72408,0.735909,-13.4075,30.4722,2028.24,25.8948,-296.314,1492.6,-347.183
p11,1.35e+10,-3.45291e-09,1.7148e-08,-4.04853e-09,-9.81152,0.679517,-13.584,29.8513,2140.56,25.2803,-292.886,1454.55,-343.408
p11,1.355e+10,-3.40081e-09,1.65094e-08,-3.99029e-09,-9.898,0.623257,-13.7607,29.2519,2255.19,24.6879,-289.535,1405.56,-339.722
p11,1.36e+10,-3.34997e-09,1.57353e-08,-3.9335e-09,-9.98352,0.567129,-13.9374,28.6732,2370.9,24.1166,-286.259,1344.61,-336.123
p11,1.365e+10,-3.30033e-09,1.48167e-08,-3.87809e-09,-10.0681,0.511131,-14.1141,28.1141,2486.17,23.5655,-283.055,1270.76,-332.606
p11,1.37e+10,-3.25187e-09,1.37467e-08,-3.82402e-09,-10.1517,0.455262,-14.291,27.5737,2599.19,23.0334,-279.92,1183.31,-329.17
p11,1.375e+10,-3.20453e-09,1.25224e-08,-3.77124e-09,-10.2343,0.399522,-14.4679,27.0513,2707.88,22.5197,-276.852,1081.86,-325.812
p11,1.38e+10,-3.15829e-09,1.11451e-08,-3.7197e-09,-10.3161,0.34391,-14.6448,26.5459,2809.94,22.0234,-273.849,966.367,-322.528
p11,1.385e+10,-3.1131e-09,9.62149e-09,-3.66937e-09,-10.3968,0.288424,-14.8218,26.057,2902.96,21.5437,-270.909,837.283,-319.317
p11,1.39e+10,-3.06893e-09,7.96434e-09,-3.62021e-09,-10.4765,0.233064,-14.9989,25.5837,2984.48,21.0799,-268.029,695.576,-316.176
p11,1.395e+10,-3.02575e-09,6.19246e-09,-3.57217e-09,-10.5554,0.177829,-15.176,25.1255,3052.21,20.6314,-265.208,542.772,-313.102
p11,1.4e+10,-2.98352e-09,4.33049e-09,-3.52521e-09,-10.6332,0.122719,-15.3532,24.6815,3104.09,20.1974,-262.444,380.93,-310.094
p11,1.405e+10,-2.94222e-09,2.40802e-09,-3.47931e-09,-10.7101,0.067731,-15.5304,24.2514,3138.54,19.7773,-259.735,212.577,-307.149
p11,1.41e+10,-2.90181e-09,4.5811e-10,-3.43443e-09,-10.7861,0.0128658,-15.7076,23.8344,3154.5,19.3706,-257.079,40.5853,-304.266
p11,1.415e+10,-2.86226e-09,-1.48448e-09,-3.39053e-09,-10.861,-0.0418779,-15.8849,23.4302,3151.56,18.9766,-254.475,-131.981,-301.442
p11,1.42e+10,-2.82356e-09,-3.38537e-09,-3.34759e-09,-10.935,-0.096501,-16.0623,23.0381,3129.99,18.5949,-251.922,-302.047,-298.676
p11,1.425e+10,-2.78567e-09,-5.21256e-09,-3.30557e-09,-11.008,-0.151004,-16.2397,22.6577,3090.7,18.2249,-249.416,-466.709,-295.966
p11,1.43e+10,-2.74857e-09,-6.93812e-09,-3.26445e-09,-11.08,-0.205389,-16.4171,22.2885,3035.16,17.8661,-246.958,-623.387,-293.309
p11,1.435e+10,-2.71224e-09,-8.53947e-09,-3.2242e-09,-11.1511,-0.259655,-16.5946,21.9302,2965.28,17.5181,-244.545,-769.95,-290.705
p11,1.44e+10,-2.67665e-09,-1e-08,-3.18478e-09,-11.2212,-0.313804,-16.7721,21.5822,2883.27,17.1805,-242.177,-904.781,-288.152
p11,1.445e+10,-2.64177e-09,-1.13094e-08,-3.14619e-09,-11.2903,-0.367837,-16.9496,21.2442,2791.47,16.8529,-239.852,-1026.81,-285.649
p11,1.45e+10,-2.6076e-09,-1.24631e-08,-3.10839e-09,-11.3583,-0.421754,-17.1272,20.9158,2692.24,16.5348,-237.569,-1135.46,-283.193
p11,1.455e+10,-2.57411e-09,-1.34615e-08,-3.07135e-09,-11.4255,-0.475556,-17.3047,20.5966,2587.83,16.2258,-235.326,-1230.66,-280.784
p11,1.46e+10,-2.54128e-09,-1.43095e-08,-3.03507e-09,-11.4915,-0.529245,-17.4824,20.2865,2480.28,15.9258,-233.123,-1312.68,-278.42
p11,1.465e+10,-2.50908e-09,-1.50149e-08,-2.9995e-09,-11.5566,-0.58282,-17.66,19.9849,2371.41,15.6342,-230.958,-1382.11,-276.1
p11,1.47e+10,-2.47752e-09,-1.5588e-08,-2.96465e-09,-11.6207,-0.636283,-17.8377,19.6916,2262.75,15.3508,-228.83,-1439.75,-273.823
p11,1.475e+10,-2.44655e-09,-1.60401e-08,-2.93047e-09,-11.6838,-0.689634,-18.0154,19.4063,2155.55,15.0753,-226.739,-1486.54,-271.587
p11,1.48e+10,-2.41618e-09,-1.63834e-08,-2.89696e-09,-11.7458,-0.742875,-18.1931,19.1287,2050.83,14.8074,-224.683,-1523.51,-269.392
p11,1.485e+10,-2.38637e-09,-1.66301e-08,-2.8641e-09,-11.8068,-0.796006,-18.3708,18.8587,1949.33,14.5467,-222.661,-1551.67,-267.235
p11,1.49e+10,-2.35713e-09,-1.6792e-08,-2.83186e-09,-11.8668,-0.849027,-18.5486,18.5958,1851.6,14.2931,-220.673,-1572.06,-265.117
p11,1.495e+10,-2.32842e-09,-1.68803e-08,-2.80024e-09,-11.9258,-0.90194,-18.7264,18.3399,1758.02,14.0463,-218.717,-1585.63,-263.036
p11,1.5e+10,-2.30025e-09,-1.69053e-08,-2.76921e-09,-11.9837,-0.954746,-18.9042,18.0907,1668.8,13.806,-216.793,-1593.28,-260.992
p11,1.505e+10,-2.27258e-09,-1.68763e-08,-2.73875e-09,-12.0405,-1.00744,-19.082,17.8481,1584.06,13.5721,-214.9,-1595.85,-258.982
p11,1.51e+10,-2.24542e-09,-1.68018e-08,-2.70886e-09,-12.0963,-1.06004,-19.2598,17.6117,1503.8,13.3442,-213.037,-1594.09,-257.007
p11,1.515e+10,-2.21875e-09,-1.66892e-08,-2.67952e-09,-12.1511,-1.11252,-19.4376,17.3815,1427.97,13.1222,-211.203,-1588.65,-255.065
p11,1.52e+10,-2.19255e-09,-1.65451e-08,-2.65072e-09,-12.2047,-1.16491,-19.6154,17.1571,1356.45,12.9059,-209.398,-1580.13,-253.155
p11,1.525e+10,-2.16681e-09,-1.63753e-08,-2.62243e-09,-12.2573,-1.21718,-19.7933,16.9384,1289.09,12.6951,-207.62,-1569.06,-251.277
p11,1.53e+10,-2.14152e-09,-1.61846e-08,-2.59464e-09,-12.3089,-1.26936,-19.9712,16.7253,1225.71,12.4895,-205.87,-1555.87,-249.43
p11,1.535e+10,-2.11667e-09,-1.59773e-08,-2.56735e-09,-12.3593,-1.32143,-20.149,16.5176,1166.13,12.2891,-204.146,-1540.96,-247.613
p11,1.54e+10,-2.09225e-09,-1.57571e-08,-2.54055e-09,-12.4087,-1.3734,-20.3269,16.315,1110.14,12.0936,-202.448,-1524.67,-245.826
p11,1.545e+10,-2.06825e-09,-1.5527e-08,-2.51421e-09,-12.457,-1.42527,-20.5048,16.1175,1057.54,11.9029,-200.775,-1507.29,-244.067
p11,1.55e+10,-2.04465e-09,-1.52898e-08,-2.48832e-09,-12.5042,-1.47704,-20.6826,15.9248,1008.14,11.7169,-199.127,-1489.06,-242.336
p11,1.555e+10,-2.02145e-09,-1.50476e-08,-2.46288e-09,-12.5503,-1.52871,-20.8605,15.7369,961.724,11.5353,-197.503,-1470.2,-240.632
p11,1.56e+10,-1.99864e-09,-1.48022e-08,-2.43788e-09,-12.5954,-1.58029,-21.0384,15.5536,918.113,11.3581,-195.902,-1450.88,-238.955
p11,1.565e+10,-1.97621e-09,-1.45554e-08,-2.4133e-09,-12.6393,-1.63176,-21.2163,15.3747,877.124,11.185,-194.325,-1431.26,-237.304
p11,1.57e+10,-1.95415e-09,-1.43082e-08,-2.38913e-09,-12.6821,-1.68313,-21.3941,15.2001,838.584,11.016,-192.769,-1411.45,-235.678
p11,1.575e+10,-1.93245e-09,-1.40619e-08,-2.36537e-09,-12.7239,-1.73441,-21.572,15.0297,802.33,10.851,-191.236,-1391.57,-234.077
p11,1.58e+10,-1.91111e-09,-1.38174e-08,-2.342e-09,-12.7645,-1.7856,-21.7499,14.8634,768.208,10.6897,-189.724,-1371.71,-232.5
p11,1.585e+10,-1.8901e-09,-1.35752e-08,-2.31901e-09,-12.804,-1.83668,-21.9277,14.701,736.074,10.5322,-188.233,-1351.93,-230.947
p11,1.59e+10,-1.86944e-09,-1.33361e-08,-2.2964e-09,-12.8425,-1.88768,-22.1056,14.5425,705.794,10.3782,-186.762,-1332.31,-229.417
p11,1.595e+10,-1.8491e-09,-1.31004e-08,-2.27416e-09,-12.8799,-1.93857,-22.2834,14.3877,677.242,10.2277,-185.311,-1312.88,-227.909
p11,1.6e+10,-1.82909e-09,-1.28686e-08,-2.25227e-09,-12.9161,-1.98938,-22.4613,14.2364,650.302,10.0806,-183.88,-1293.7,-226.423
p11,1.605e+10,-1.80938e-09,-1.2641e-08,-2.23074e-09,-12.9513,-2.04009,-22.6391,14.0887,624.865,9.93675,-182.468,-1274.78,-224.959
p11,1.61e+10,-1.78999e-09,-1.24177e-08,-2.20955e-09,-12.9854,-2.09071,-22.8169,13.9444,600.831,9.79606,-181.074,-1256.16,-223.516
p11,1.615e+10,-1.7709e-09,-1.21989e-08,-2.18869e-09,-13.0184,-2.14124,-22.9947,13.8034,578.106,9.65845,-179.699,-1237.86,-222.094
p11,1.62e+10,-1.7521e-09,-1.19847e-08,-2.16815e-09,-13.0503,-2.19168,-23.1725,13.6657,556.603,9.52382,-178.342,-1219.9,-220.691
p11,1.625e+10,-1.73358e-09,-1.17752e-08,-2.14794e-09,-13.0812,-2.24202,-23.3503,13.531,536.243,9.3921,-177.002,-1202.27,-219.309
p11,1.63e+10,-1.71535e-09,-1.15704e-08,-2.12804e-09,-13.111,-2.29228,-23.5281,13.3993,516.95,9.26319,-175.679,-1184.99,-217.945
p11,1.635e+10,-1.69739e-09,-1.13703e-08,-2.10844e-09,-13.1398,-2.34245,-23.7059,13.2706,498.655,9.13701,-174.373,-1168.07,-216.601
p11,1.64e+10,-1.67971e-09,-1.11749e-08,-2.08915e-09,-13.1675,-2.39253,-23.8836,13.1448,481.295,9.01349,-173.084,-1151.51,-215.275
p11,1.645e+10,-1.66228e-09,-1.09842e-08,-2.07014e-09,-13.1941,-2.44252,-24.0613,13.0218,464.809,8.89255,-171.811,-1135.31,-213.967
p11,1.65e+10,-1.64512e-09,-1.0798e-08,-2.05142e-09,-13.2197,-2.49243,-24.239,12.9014,449.144,8.77412,-170.553,-1119.46,-212.676
p11,1.655e+10,-1.6282e-09,-1.06164e-08,-2.03298e-09,-13.2443,-2.54225,-24.4167,12.7837,434.247,8.65813,-169.311,-1103.96,-211.403
p11,1.66e+10,-1.61153e-09,-1.04392e-08,-2.01482e-09,-13.2679,-2.59198,-24.5944,12.6685,420.073,8.54452,-168.084,-1088.82,-210.147
p11,1.665e+10,-1.59511e-09,-1.02664e-08,-1.99692e-09,-13.2905,-2.64163,-24.7721,12.5558,406.575,8.43321,-166.872,-1074.02,-208.908
p11,1.67e+10,-1.57892e-09,-1.00978e-08,-1.97928e-09,-13.312,-2.69119,-24.9497,12.4455,393.714,8.32414,-165.675,-1059.56,-207.685
p11,1.675e+10,-1.56296e-09,-9.93347e-09,-1.96191e-09,-13.3326,-2.74067,-25.1273,12.3375,381.452,8.21726,-164.492,-1045.43,-206.478
p11,1.68e+10,-1.54723e-09,-9.77317e-09,-1.94478e-09,-13.3522,-2.79006,-25.3049,12.2319,369.752,8.1125,-163.322,-1031.63,-205.286
p11,1.685e+10,-1.53173e-09,-9.61685e-09,-1.9279e-09,-13.3708,-2.83937,-25.4825,12.1284,358.583,8.00981,-162.167,-1018.15,-204.11
p11,1.69e+10,-1.51644e-09,-9.46439e-09,-1.91126e-09,-13.3885,-2.8886,-25.66,12.0271,347.914,7.90914,-161.024,-1004.98,-202.949
p11,1.695e+10,-1.50137e-09,-9.31571e-09,-1.89486e-09,-13.4053,-2.93775,-25.8375,11.9278,337.715,7.81042,-159.895,-992.123,-201.802
p11,1.7e+10,-1.4865e-09,-9.17069e-09,-1.87868e-09,-13.4211,-2.98682,-26.015,11.8306,327.961,7.71362,-158.779,-979.56,-200.67
p11,1.705e+10,-1.47184e-09,-9.02924e-09,-1.86274e-09,-13.436,-3.0358,-26.1925,11.7353,318.627,7.61867,-157.676,-967.287,-199.552
p11,1.71e+10,-1.45738e-09,-8.89125e-09,-1.84702e-09,-13.45,-3.0847,-26.3699,11.642,309.689,7.52554,-156.585,-955.298,-198.448
p11,1.715e+10,-1.44312e-09,-8.75663e-09,-1.83151e-09,-13.4631,-3.13353,-26.5474,11.5505,301.125,7.43416,-155.506,-943.585,-197.357
p11,1.72e+10,-1.42905e-09,-8.62527e-09,-1.81622e-09,-13.4753,-3.18228,-26.7248,11.4609,292.916,7.34451,-154.439,-932.14,-196.28
p11,1.725e+10,-1.41518e-09,-8.49709e-09,-1.80114e-09,-13.4867,-3.23094,-26.9021,11.373,285.043,7.25654,-153.384,-920.957,-195.216
p11,1.73e+10,-1.40149e-09,-8.37199e-09,-1.78626e-09,-13.4972,-3.27953,-27.0795,11.2868,277.487,7.1702,-152.34,-910.028,-194.165
p11,1.735e+10,-1.38798e-09,-8.24987e-09,-1.77159e-09,-13.5069,-3.32804,-27.2568,11.2023,270.233,7.08546,-151.308,-899.346,-193.127
p11,1.74e+10,-1.37465e-09,-8.13066e-09,-1.75711e-09,-13.5157,-3.37648,-27.434,11.1194,263.264,7.00226,-150.287,-888.904,-192.1
p11,1.745e+10,-1.36149e-09,-8.01425e-09,-1.74283e-09,-13.5237,-3.42483,-27.6113,11.0381,256.566,6.92059,-149.276,-878.695,-191.086
p11,1.75e+10,-1.34851e-09,-7.90058e-09,-1.72873e-09,-13.5309,-3.47311,-27.7885,10.9583,250.125,6.84039,-148.276,-868.714,-190.084
p11,1.755e+10,-1.33569e-09,-7.78955e-09,-1.71483e-09,-13.5374,-3.52132,-27.9657,10.88,243.929,6.76163,-147.287,-858.953,-189.094
p11,1.76e+10,-1.32305e-09,-7.68109e-09,-1.7011e-09,-13.5431,-3.56945,-28.1429,10.8032,237.966,6.68429,-146.308,-849.406,-188.115
p11,1.765e+10,-1.31056e-09,-7.57513e-09,-1.68756e-09,-13.5479,-3.61751,-28.32,10.7277,232.223,6.60831,-145.339,-840.068,-187.147
p11,1.77e+10,-1.29824e-09,-7.47157e-09,-1.67419e-09,-13.5521,-3.66549,-28.4971,10.6537,226.69,6.53368,-144.38,-830.931,-186.191
p11,1.775e+10,-1.28607e-09,-7.37037e-09,-1.661e-09,-13.5555,-3.7134,-28.6741,10.581,221.358,6.46036,-143.43,-821.991,-185.245
p11,1.78e+10,-1.27405e-09,-7.27143e-09,-1.64797e-09,-13.5581,-3.76123,-28.8512,10.5096,216.217,6.38831,-142.491,-813.242,-184.31
p11,1.785e+10,-1.26219e-09,-7.17471e-09,-1.63511e-09,-13.5601,-3.809,-29.0281,10.4395,211.257,6.31751,-141.56,-804.678,-183.386
p11,1.79e+10,-1.25047e-09,-7.08013e-09,-1.62242e-09,-13.5613,-3.85669,-29.2051,10.3706,206.471,6.24794,-140.639,-796.295,-182.472
p11,1.795e+10,-1.2389e-09,-6.98762e-09,-1.60988e-09,-13.5618,-3.90431,-29.382,10.303,201.85,6.17955,-139.727,-788.086,-181.568
p11,1.8e+10,-1.22747e-09,-6.89713e-09,-1.59751e-09,-13.5616,-3.95186,-29.5589,10.2365,197.388,6.11232,-138.824,-780.047,-180.674
p11,1.805e+10,-1.21618e-09,-6.80861e-09,-1.58528e-09,-13.5608,-3.99933,-29.7358,10.1712,193.076,6.04624,-137.929,-772.174,-179.789
p11,1.81e+10,-1.20503e-09,-6.72198e-09,-1.57321e-09,-13.5592,-4.04674,-29.9126,10.107,188.908,5.98126,-137.043,-764.461,-178.915
p11,1.815e+10,-1.19402e-09,-6.6372e-09,-1.5613e-09,-13.557,-4.09408,-30.0894,10.0439,184.878,5.91737,-136.165,-756.905,-178.05
p11,1.82e+10,-1.18313e-09,-6.55421e-09,-1.54952e-09,-13.5541,-4.14135,-30.2661,9.98192,180.98,5.85454,-135.296,-749.5,-177.194
p11,1.825e+10,-1.17238e-09,-6.47296e-09,-1.53789e-09,-13.5506,-4.18855,-30.4428,9.92098,177.208,5.79275,-134.435,-742.242,-176.347
p11,1.83e+10,-1.16176e-09,-6.39341e-09,-1.52641e-09,-13.5464,-4.23568,-30.6195,9.86106,173.556,5.73197,-133.582,-735.129,-175.51
p11,1.835e+10,-1.15126e-09,-6.3155e-09,-1.51506e-09,-13.5415,-4.28274,-30.7961,9.80217,170.021,5.67218,-132.736,-728.154,-174.681
p11,1.84e+10,-1.14089e-09,-6.23918e-09,-1.50385e-09,-13.536,-4.32974,-30.9727,9.74427,166.596,5.61337,-131.899,-721.316,-173.861
p11,1.845e+10,-1.13064e-09,-6.16442e-09,-1.49277e-09,-13.5299,-4.37666,-31.1492,9.68731,163.277,5.5555,-131.069,-714.609,-173.05
p11,1.85e+10,-1.1205e-09,-6.09117e-09,-1.48183e-09,-13.5232,-4.42353,-31.3257,9.63133,160.06,5.49856,-130.246,-708.031,-172.247
p11,1.855e+10,-1.11049e-09,-6.01938e-09,-1.47102e-09,-13.5158,-4.47032,-31.5022,9.57627,156.941,5.44253,-129.431,-701.577,-171.452
p11,1.86e+10,-1.10059e-09,-5.94902e-09,-1.46033e-09,-13.5077,-4.51705,-31.6786,9.52216,153.916,5.38739,-128.623,-695.246,-170.665
p11,1.865e+10,-1.0908e-09,-5.88005e-09,-1.44977e-09,-13.4991,-4.56372,-31.855,9.4689,150.981,5.33312,-127.822,-689.032,-169.887
p11,1.87e+10,-1.08113e-09,-5.81243e-09,-1.43934e-09,-13.4898,-4.61032,-32.0314,9.41655,148.132,5.27969,-127.028,-682.934,-169.116
p11,1.875e+10,-1.07156e-09,-5.74612e-09,-1.42903e-09,-13.4799,-4.65685,-32.2077,9.36507,145.366,5.22711,-126.241,-676.949,-168.353
p11,1.88e+10,-1.06211e-09,-5.68109e-09,-1.41883e-09,-13.4694,-4.70332,-32.384,9.31442,142.68,5.17533,-125.46,-671.072,-167.598
p11,1.885e+10,-1.05276e-09,-5.6173e-09,-1.40875e-09,-13.4583,-4.74973,-32.5602,9.26464,140.071,5.12436,-124.686,-665.302,-166.85
p11,1.89e+10,-1.04351e-09,-5.55472e-09,-1.39879e-09,-13.4465,-4.79607,-32.7364,9.21568,137.536,5.07417,-123.919,-659.635,-166.11
p11,1.895e+10,-1.03437e-09,-5.49332e-09,-1.38895e-09,-13.4342,-4.84236,-32.9125,9.16753,135.073,5.02474,-123.158,-654.069,-165.377
p11,1.9e+10,-1.02532e-09,-5.43307e-09,-1.37921e-09,-13.4212,-4.88858,-33.0886,9.12019,132.677,4.97607,-122.404,-648.602,-164.651
p11,1.905e+10,-1.01638e-09,-5.37393e-09,-1.36959e-09,-13.4076,-4.93473,-33.2647,9.07362,130.348,4.92812,-121.655,-643.231,-163.932
p11,1.91e+10,-1.00753e-09,-5.31588e-09,-1.36007e-09,-13.3933,-4.98083,-33.4407,9.02785,128.082,4.8809,-120.913,-637.953,-163.221
p11,1.915e+10,-9.98785e-10,-5.2589e-09,-1.35066e-09,-13.3785,-5.02686,-33.6167,8.98284,125.877,4.83438,-120.177,-632.766,-162.516
p11,1.92e+10,-9.9013e-10,-5.20295e-09,-1.34136e-09,-13.363,-5.07283,-33.7926,8.93858,123.731,4.78856,-119.446,-627.669,-161.818
p11,1.925e+10,-9.81569e-10,-5.148e-09,-1.33216e-09,-13.3469,-5.11875,-33.9685,8.89508,121.643,4.74341,-118.722,-622.657,-161.126
p11,1.93e+10,-9.73099e-10,-5.09404e-09,-1.32306e-09,-13.3302,-5.1646,-34.1443,8.85232,119.609,4.69892,-118.003,-617.731,-160.442
p11,1.935e+10,-9.6472e-10,-5.04103e-09,-1.31406e-09,-13.3129,-5.21039,-34.3201,8.81029,117.628,4.65509,-117.29,-612.887,-159.763
p11,1.94e+10,-9.56429e-10,-4.98896e-09,-1.30516e-09,-13.2949,-5.25612,-34.4959,8.76897,115.698,4.61189,-116.583,-608.123,-159.091
p11,1.945e+10,-9.48226e-10,-4.93779e-09,-1.29636e-09,-13.2763,-5.3018,-34.6716,8.72837,113.818,4.56932,-115.881,-603.437,-158.425
p11,1.95e+10,-9.40109e-10,-4.88752e-09,-1.28765e-09,-13.2571,-5.34741,-34.8473,8.68848,111.985,4.52735,-115.184,-598.829,-157.766
p11,1.955e+10,-9.32078e-10,-4.83811e-09,-1.27904e-09,-13.2373,-5.39297,-35.0229,8.64927,110.198,4.486,-114.493,-594.295,-157.112
p11,1.96e+10,-9.24129e-10,-4.78954e-09,-1.27052e-09,-13.2168,-5.43847,-35.1984,8.61076,108.456,4.44522,-113.807,-589.834,-156.465
p11,1.965e+10,-9.16263e-10,-4.7418e-09,-1.26209e-09,-13.1957,-5.48391,-35.374,8.57293,106.757,4.40503,-113.126,-585.445,-155.823
p11,1.97e+10,-9.08479e-10,-4.69487e-09,-1.25375e-09,-13.174,-5.5293,-35.5495,8.53576,105.099,4.36541,-112.45,-581.125,-155.188
p11,1.975e+10,-9.00774e-10,-4.64872e-09,-1.2455e-09,-13.1517,-5.57463,-35.7249,8.49923,103.482,4.32634,-111.78,-576.873,-154.558
p11,1.98e+10,-8.93148e-10,-4.60334e-09,-1.23734e-09,-13.1288,-5.6199,-35.9003,8.4634,101.904,4.28781,-111.114,-572.687,-153.934
p11,1.985e+10,-8.856e-10,-4.5587e-09,-1.22926e-09,-13.1052,-5.66511,-36.0756,8.42819,100.363,4.24982,-110.453,-568.567,-153.315
p11,1.99e+10,-8.78128e-10,-4.5148e-09,-1.22127e-09,-13.081,-5.71027,-36.2509,8.39362,98.8587,4.21236,-109.797,-564.51,-152.702
p11,1.995e+10,-8.70731e-10,-4.47161e-09,-1.21336e-09,-13.0562,-5.75538,-36.4262,8.35969,97.3898,4.17541,-109.146,-560.515,-152.094
p11,2e+10,-8.63409e-10,-4.42913e-09,-1.20553e-09,-13.0308,-5.80043,-36.6014,8.32638,95.9551,4.13896,-108.499,-556.58,-151.492
p11,2.005e+10,-8.5616e-10,-4.38732e-09,-1.19779e-09,-13.0048,-5.84542,-36.7765,8.29368,94.5535,4.10302,-107.857,-552.705,-150.895
p11,2.01e+10,-8.48984e-10,-4.34618e-09,-1.19012e-09,-12.9781,-5.89036,-36.9517,8.2616,93.1841,4.06756,-107.22,-548.888,-150.303
p11,2.015e+10,-8.41878e-10,-4.30569e-09,-1.18254e-09,-12.9509,-5.93525,-37.1267,8.2301,91.8458,4.03258,-106.587,-545.127,-149.716
p11,2.02e+10,-8.34843e-10,-4.26584e-09,-1.17503e-09,-12.923,-5.98008,-37.3017,8.1992,90.5376,3.99806,-105.959,-541.422,-149.135
p11,2.025e+10,-8.27877e-10,-4.22661e-09,-1.16759e-09,-12.8946,-6.02486,-37.4767,8.16889,89.2588,3.96401,-105.335,-537.771,-148.558
p11,2.03e+10,-8.20979e-10,-4.188e-09,-1.16024e-09,-12.8656,-6.06958,-37.6516,8.13915,88.0083,3.93041,-104.715,-534.173,-147.987
p11,2.035e+10,-8.14149e-10,-4.14997e-09,-1.15295e-09,-12.836,-6.11425,-37.8265,8.10997,86.7853,3.89726,-104.099,-530.627,-147.42
p11,2.04e+10,-8.07385e-10,-4.11253e-09,-1.14574e-09,-12.8058,-6.15887,-38.0013,8.08135,85.589,3.86454,-103.488,-527.132,-146.858
p11,2.045e+10,-8.00686e-10,-4.07566e-09,-1.1386e-09,-12.7751,-6.20344,-38.1761,8.05328,84.4187,3.83225,-102.881,-523.686,-146.301
p11,2.05e+10,-7.94052e-10,-4.03935e-09,-1.13154e-09,-12.7437,-6.24796,-38.3509,8.02575,83.2735,3.80039,-102.278,-520.29,-145.748
p11,2.055e+10,-7.87482e-10,-4.00358e-09,-1.12454e-09,-12.7119,-6.29242,-38.5255,7.99876,82.1528,3.76893,-101.679,-516.94,-145.2
p11,2.06e+10,-7.80975e-10,-3.96835e-09,-1.11761e-09,-12.6795,-6.33684,-38.7002,7.97228,81.0559,3.73788,-101.084,-513.638,-144.657
p11,2.065e+10,-7.74529e-10,-3.93364e-09,-1.11075e-09,-12.6465,-6.3812,-38.8748,7.94632,79.982,3.70724,-100.493,-510.381,-144.118
p11,2.07e+10,-7.68145e-10,-3.89944e-09,-1.10396e-09,-12.6131,-6.42551,-39.0493,7.92087,78.9305,3.67698,-99.9065,-507.169,-143.584
p11,2.075e+10,-7.61822e-10,-3.86574e-09,-1.09724e-09,-12.5791,-6.46977,-39.2238,7.8959,77.9008,3.64711,-99.3233,-504,-143.054
p11,2.08e+10,-7.55557e-10,-3.83253e-09,-1.09058e-09,-12.5446,-6.51398,-39.3982,7.87143,76.8922,3.61762,-98.744,-500.875,-142.528
p11,2.085e+10,-7.49352e-10,-3.79981e-09,-1.08398e-09,-12.5096,-6.55815,-39.5726,7.84743,75.9043,3.5885,-98.1684,-497.792,-142.006
p11,2.09e+10,-7.43205e-10,-3.76755e-09,-1.07745e-09,-12.4742,-6.60226,-39.747,7.8239,74.9364,3.55975,-97.5966,-494.749,-141.489
p11,2.095e+10,-7.37115e-10,-3.73576e-09,-1.07098e-09,-12.4382,-6.64632,-39.9213,7.80083,73.9879,3.53135,-97.0284,-491.748,-140.976
p11,2.1e+10,-7.31081e-10,-3.70441e-09,-1.06457e-09,-12.4018,-6.69034,-40.0955,7.7782,73.0584,3.50331,-96.4639,-488.786,-140.467
p11,2.105e+10,-7.25103e-10,-3.67351e-09,-1.05823e-09,-12.365,-6.7343,-40.2697,7.75602,72.1474,3.47562,-95.9029,-485.862,-139.962
p11,2.11e+10,-7.1918e-10,-3.64304e-09,-1.05194e-09,-12.3277,-6.77822,-40.4439,7.73426,71.2542,3.44827,-95.3455,-482.977,-139.462
p11,2.115e+10,-7.13312e-10,-3.613e-09,-1.04572e-09,-12.29,-6.82209,-40.618,7.71292,70.3786,3.42126,-94.7916,-480.129,-138.965
p11,2.12e+10,-7.07497e-10,-3.58337e-09,-1.03955e-09,-12.2519,-6.86591,-40.792,7.69198,69.5199,3.39458,-94.2411,-477.318,-138.472
p11,2.125e+10,-7.01735e-10,-3.55415e-09,-1.03344e-09,-12.2133,-6.90969,-40.966,7.67147,68.6778,3.36822,-93.694,-474.542,-137.983
p11,2.13e+10,-6.96025e-10,-3.52533e-09,-1.02739e-09,-12.1744,-6.95342,-41.14,7.65133,67.8518,3.34218,-93.1503,-471.802,-137.497
p11,2.135e+10,-6.90366e-10,-3.49691e-09,-1.02139e-09,-12.1351,-6.9971,-41.3139,7.63157,67.0415,3.31646,-92.6099,-469.096,-137.016
p11,2.14e+10,-6.84759e-10,-3.46887e-09,-1.01545e-09,-12.0954,-7.04073,-41.4878,7.61219,66.2466,3.29104,-92.0728,-466.424,-136.538
p11,2.145e+10,-6.79202e-10,-3.4412e-09,-1.00957e-09,-12.0554,-7.08432,-41.6616,7.59317,65.4665,3.26593,-91.5389,-463.786,-136.064
p11,2.15e+10,-6.73694e-10,-3.41391e-09,-1.00374e-09,-12.0151,-7.12786,-41.8353,7.5745,64.701,3.24112,-91.0083,-461.179,-135.594
p11,2.155e+10,-6.68235e-10,-3.38698e-09,-9.97962e-10,-11.9744,-7.17136,-42.009,7.55617,63.9496,3.21661,-90.4808,-458.605,-135.127
p11,2.16e+10,-6.62824e-10,-3.3604e-09,-9.92237e-10,-11.9334,-7.21481,-42.1827,7.53818,63.2121,3.19238,-89.9564,-456.063,-134.663
p11,2.165e+10,-6.57461e-10,-3.33418e-09,-9.86566e-10,-11.8921,-7.25821,-42.3563,7.52051,62.488,3.16844,-89.4351,-453.551,-134.203
p11,2.17e+10,-6.52145e-10,-3.30829e-09,-9.80945e-10,-11.8506,-7.30157,-42.5299,7.50316,61.777,3.14478,-88.9168,-451.07,-133.747
p11,2.175e+10,-6.46875e-10,-3.28275e-09,-9.75376e-10,-11.8087,-7.34489,-42.7034,7.48613,61.0789,3.1214,-88.4015,-448.618,-133.294
p11,2.18e+10,-6.41651e-10,-3.25753e-09,-9.69857e-10,-11.7666,-7.38816,-42.8768,7.46939,60.3933,3.09828,-87.8892,-446.195,-132.845
p11,2.185e+10,-6.36473e-10,-3.23264e-09,-9.64387e-10,-11.7242,-7.43139,-43.0503,7.45295,59.7199,3.07544,-87.3798,-443.801,-132.398
p11,2.19e+10,-6.31339e-10,-3.20807e-09,-9.58967e-10,-11.6816,-7.47457,-43.2236,7.43679,59.0583,3.05286,-86.8733,-441.436,-131.956
p11,2.195e+10,-6.26249e-10,-3.18381e-09,-9.53595e-10,-11.6387,-7.51771,-43.3969,7.4209,58.4084,3.03053,-86.3697,-439.098,-131.516
p11,2.2e+10,-6.21202e-10,-3.15985e-09,-9.4827e-10,-11.5956,-7.56081,-43.5702,7.40529,57.7699,3.00847,-85.8688,-436.787,-131.079
p11,2.205e+10,-6.16198e-10,-3.1362e-09,-9.42993e-10,-11.5523,-7.60386,-43.7434,7.38995,57.1424,2.98665,-85.3707,-434.502,-130.646
p11,2.21e+10,-6.11237e-10,-3.11284e-09,-9.37762e-10,-11.5088,-7.64687,-43.9166,7.37485,56.5257,2.96508,-84.8754,-432.244,-130.216
p11,2.215e+10,-6.06317e-10,-3.08978e-09,-9.32578e-10,-11.465,-7.68984,-44.0897,7.36001,55.9196,2.94376,-84.3827,-430.012,-129.789
p11,2.22e+10,-6.01439e-10,-3.067e-09,-9.27439e-10,-11.4211,-7.73276,-44.2627,7.34541,55.3238,2.92267,-83.8927,-427.805,-129.365
p11,2.225e+10,-5.96601e-10,-3.0445e-09,-9.22344e-10,-11.377,-7.77564,-44.4358,7.33105,54.738,2.90182,-83.4053,-425.623,-128.945
p11,2.23e+10,-5.91803e-10,-3.02227e-09,-9.17294e-10,-11.3327,-7.81848,-44.6087,7.31693,54.1621,2.8812,-82.9206,-423.466,-128.527
p11,2.235e+10,-5.87046e-10,-3.00032e-09,-9.12288e-10,-11.2882,-7.86128,-44.7816,7.30303,53.5959,2.86081,-82.4383,-421.332,-128.112
p11,2.24e+10,-5.82327e-10,-2.97863e-09,-9.07326e-10,-11.2436,-7.90404,-44.9545,7.28935,53.039,2.84065,-81.9586,-419.222,-127.7
p11,2.245e+10,-5.77646e-10,-2.9572e-09,-9.02406e-10,-11.1988,-7.94675,-45.1273,7.2759,52.4914,2.82071,-81.4814,-417.136,-127.291
p11,2.25e+10,-5.73004e-10,-2.93603e-09,-8.97528e-10,-11.1539,-7.98943,-45.3001,7.26265,51.9527,2.80099,-81.0066,-415.072,-126.885
p11,2.255e+10,-5.684e-10,-2.91512e-09,-8.92692e-10,-11.1087,-8.03206,-45.4728,7.24962,51.4228,2.78148,-80.5342,-413.031,-126.482
p11,2.26e+10,-5.63833e-10,-2.89445e-09,-8.87897e-10,-11.0635,-8.07466,-45.6455,7.2368,50.9015,2.76219,-80.0642,-411.012,-126.081
p11,2.265e+10,-5.59302e-10,-2.87402e-09,-8.83143e-10,-11.0181,-8.11721,-45.8181,7.22418,50.3885,2.7431,-79.5966,-409.014,-125.684
p11,2.27e+10,-5.54807e-10,-2.85384e-09,-8.78429e-10,-10.9725,-8.15972,-45.9907,7.21177,49.8839,2.72423,-79.1312,-407.038,-125.289
p11,2.275e+10,-5.50349e-10,-2.83389e-09,-8.73756e-10,-10.9268,-8.20219,-46.1632,7.19956,49.3872,2.70555,-78.6682,-405.083,-124.897
p11,2.28e+10,-5.45925e-10,-2.81417e-09,-8.69121e-10,-10.881,-8.24463,-46.3356,7.18755,48.8984,2.68707,-78.2074,-403.149,-124.507
p11,2.285e+10,-5.41537e-10,-2.79469e-09,-8.64525e-10,-10.835,-8.28702,-46.5081,7.17573,48.4173,2.6688,-77.7488,-401.235,-124.121
p11,2.29e+10,-5.37182e-10,-2.77542e-09,-8.59968e-10,-10.7888,-8.32937,-46.6804,7.16411,47.9437,2.65071,-77.2924,-399.341,-123.736
p11,2.295e+10,-5.32862e-10,-2.75638e-09,-8.55449e-10,-10.7426,-8.37169,-46.8528,7.15268,47.4775,2.63282,-76.8382,-397.467,-123.355
p11,2.3e+10,-5.28575e-10,-2.73755e-09,-8.50967e-10,-10.6961,-8.41396,-47.025,7.14146,47.0185,2.61512,-76.3861,-395.612,-122.976
p11,2.305e+10,-5.24321e-10,-2.71894e-09,-8.46522e-10,-10.6496,-8.4562,-47.1972,7.13042,46.5666,2.5976,-75.9361,-393.777,-122.6
p11,2.31e+10,-5.201e-10,-2.70053e-09,-8.42114e-10,-10.6029,-8.4984,-47.3694,7.11958,46.1216,2.58027,-75.4881,-391.96,-122.226
p11,2.315e+10,-5.15911e-10,-2.68234e-09,-8.37742e-10,-10.556,-8.54056,-47.5415,7.10894,45.6834,2.56311,-75.0422,-390.162,-121.854
p11,2.32e+10,-5.11754e-10,-2.66435e-09,-8.33406e-10,-10.509,-8.58269,-47.7136,7.09849,45.2517,2.54614,-74.5984,-388.381,-121.486
p11,2.325e+10,-5.07629e-10,-2.64655e-09,-8.29106e-10,-10.4619,-8.62477,-47.8856,7.08825,44.8266,2.52934,-74.1565,-386.619,-121.119
p11,2.33e+10,-5.03534e-10,-2.62896e-09,-8.2484e-10,-10.4146,-8.66682,-48.0576,7.07819,44.4079,2.51272,-73.7165,-384.875,-120.755
p11,2.335e+10,-4.99471e-10,-2.61156e-09,-8.20609e-10,-10.3671,-8.70883,-48.2295,7.06835,43.9953,2.49626,-73.2785,-383.148,-120.394
p11,2.34e+10,-4.95437e-10,-2.59435e-09,-8.16413e-10,-10.3195,-8.7508,-48.4014,7.0587,43.5889,2.47997,-72.8424,-381.438,-120.034
p11,2.345e+10,-4.91434e-10,-2.57732e-09,-8.1225e-10,-10.2718,-8.79274,-48.5732,7.04925,43.1885,2.46385,-72.4082,-379.745,-119.677
p11,2.35e+10,-4.8746e-10,-2.56049e-09,-8.0812e-10,-10.2238,-8.83464,-48.745,7.04002,42.7939,2.4479,-71.9759,-378.068,-119.323
p11,2.355e+10,-4.83516e-10,-2.54383e-09,-8.04024e-10,-10.1757,-8.8765,-48.9168,7.03098,42.405,2.4321,-71.5454,-376.408,-118.971
p11,2.36e+10,-4.796e-10,-2.52735e-09,-7.9996e-10,-10.1274,-8.91832,-49.0884,7.02217,42.0218,2.41647,-71.1167,-374.764,-118.621
p11,2.365e+10,-4.75713e-10,-2.51105e-09,-7.95929e-10,-10.079,-8.96011,-49.2601,7.01356,41.6441,2.40099,-70.6897,-373.136,-118.273
p11,2.37e+10,-4.71855e-10,-2.49493e-09,-7.9193e-10,-10.0304,-9.00187,-49.4316,7.00517,41.2718,2.38567,-70.2646,-371.524,-117.927
p11,2.375e+10,-4.68024e-10,-2.47897e-09,-7.87963e-10,-9.9816,-9.04359,-49.6032,6.997,40.9049,2.3705,-69.8412,-369.927,-117.584
p11,2.38e+10,-4.64221e-10,-2.46319e-09,-7.84026e-10,-9.93263,-9.08527,-49.7747,6.98904,40.5431,2.35548,-69.4195,-368.345,-117.243
p11,2.385e+10,-4.60445e-10,-2.44757e-09,-7.80121e-10,-9.88346,-9.12691,-49.9461,6.98131,40.1864,2.34061,-68.9996,-366.778,-116.904
p11,2.39e+10,-4.56697e-10,-2.43211e-09,-7.76246e-10,-9.83413,-9.16853,-50.1175,6.97381,39.8347,2.32588,-68.5813,-365.226,-116.567
p11,2.395e+10,-4.52975e-10,-2.41682e-09,-7.72402e-10,-9.7846,-9.2101,-50.2888,6.96653,39.488,2.31131,-68.1647,-363.688,-116.233
p11,2.4e+10,-4.49279e-10,-2.40168e-09,-7.68588e-10,-9.73489,-9.25164,-50.4601,6.95947,39.146,2.29687,-67.7497,-362.165,-115.9
p11,2.405e+10,-4.4561e-10,-2.3867e-09,-7.64803e-10,-9.68498,-9.29315,-50.6314,6.95266,38.8088,2.28257,-67.3364,-360.656,-115.57
p11,2.41e+10,-4.41967e-10,-2.37188e-09,-7.61048e-10,-9.63489,-9.33462,-50.8026,6.94608,38.4762,2.26842,-66.9247,-359.161,-115.241
p11,2.415e+10,-4.38349e-10,-2.3572e-09,-7.57321e-10,-9.5846,-9.37606,-50.9737,6.93974,38.1481,2.2544,-66.5146,-357.679,-114.915
p11,2.42e+10,-4.34756e-10,-2.34268e-09,-7.53623e-10,-9.53412,-9.41747,-51.1448,6.93363,37.8246,2.24052,-66.106,-356.211,-114.591
p11,2.425e+10,-4.31189e-10,-2.3283e-09,-7.49954e-10,-9.48346,-9.45884,-51.3158,6.92776,37.5054,2.22677,-65.6991,-354.757,-114.268
p11,2.43e+10,-4.27646e-10,-2.31407e-09,-7.46313e-10,-9.4326,-9.50017,-51.4868,6.92213,37.1904,2.21315,-65.2937,-353.316,-113.948
p11,2.435e+10,-4.24129e-10,-2.29998e-09,-7.42699e-10,-9.38154,-9.54147,-51.6578,6.91675,36.8798,2.19966,-64.8898,-351.887,-113.63
p11,2.44e+10,-4.20635e-10,-2.28604e-09,-7.39113e-10,-9.33031,-9.58274,-51.8287,6.91161,36.5732,2.1863,-64.4874,-350.472,-113.313
p11,2.445e+10,-4.17165e-10,-2.27223e-09,-7.35554e-10,-9.27888,-9.62398,-51.9996,6.90672,36.2707,2.17307,-64.0866,-349.069,-112.999
p11,2.45e+10,-4.1372e-10,-2.25856e-09,-7.32022e-10,-9.22726,-9.66518,-52.1704,6.90208,35.9722,2.15996,-63.6872,-347.678,-112.686
p11,2.455e+10,-4.10298e-10,-2.24502e-09,-7.28517e-10,-9.17546,-9.70635,-52.3411,6.89767,35.6777,2.14698,-63.2893,-346.3,-112.375
p11,2.46e+10,-4.06899e-10,-2.23162e-09,-7.25038e-10,-9.12348,-9.74749,-52.5118,6.89353,35.3869,2.13412,-62.8929,-344.934,-112.067
p11,2.465e+10,-4.03524e-10,-2.21835e-09,-7.21585e-10,-9.07133,-9.78859,-52.6825,6.88961,35.1,2.12138,-62.498,-343.58,-111.76
p11,2.47e+10,-4.00171e-10,-2.20521e-09,-7.18158e-10,-9.019,-9.82966,-52.8531,6.88596,34.8168,2.10876,-62.1045,-342.237,-111.454
p11,2.475e+10,-3.96842e-10,-2.1922e-09,-7.14757e-10,-8.96651,-9.8707,-53.0237,6.88254,34.5372,2.09625,-61.7124,-340.907,-111.151
p11,2.48e+10,-3.93535e-10,-2.17931e-09,-7.11381e-10,-8.91386,-9.91171,-53.1942,6.87937,34.2612,2.08386,-61.3217,-339.587,-110.849
p11,2.485e+10,-3.9025e-10,-2.16655e-09,-7.0803e-10,-8.86105,-9.95269,-53.3647,6.87644,33.9888,2.07159,-60.9325,-338.279,-110.55
p11,2.49e+10,-3.86987e-10,-2.15391e-09,-7.04703e-10,-8.80808,-9.99363,-53.5351,6.87376,33.7197,2.05943,-60.5446,-336.983,-110.252
p11,2.495e+10,-3.83746e-10,-2.1414e-09,-7.01401e-10,-8.75498,-10.0345,-53.7055,6.8713,33.4541,2.04738,-60.1581,-335.697,-109.955
p11,2.5e+10,-3.80527e-10,-2.129e-09,-6.98124e-10,-8.70174,-10.0754,-53.8758,6.86909,33.1919,2.03544,-59.773,-334.422,-109.661
p11,2.505e+10,-3.77329e-10,-2.11672e-09,-6.9487e-10,-8.64837,-10.1163,-54.0461,6.86711,32.9329,2.02361,-59.3893,-333.158,-109.368
p11,2.51e+10,-3.74153e-10,-2.10455e-09,-6.9164e-10,-8.59486,-10.1571,-54.2163,6.86537,32.6771,2.01189,-59.0069,-331.905,-109.077
p11,2.515e+10,-3.70998e-10,-2.0925e-09,-6.88434e-10,-8.54125,-10.1979,-54.3865,6.86385,32.4245,2.00027,-58.6259,-330.662,-108.788
p11,2.52e+10,-3.67864e-10,-2.08056e-09,-6.8525e-10,-8.48754,-10.2386,-54.5567,6.86255,32.1751,1.98876,-58.2462,-329.429,-108.5
p11,2.525e+10,-3.6475e-10,-2.06874e-09,-6.8209e-10,-8.43372,-10.2794,-54.7268,6.86147,31.9287,1.97735,-57.8678,-328.206,-108.214
p11,2.53e+10,-3.61657e-10,-2.05702e-09,-6.78953e-10,-8.37981,-10.3201,-54.8968,6.86062,31.6853,1.96604,-57.4907,-326.994,-107.93
p11,2.535e+10,-3.58585e-10,-2.04542e-09,-6.75839e-10,-8.32582,-10.3607,-55.0668,6.85997,31.4449,1.95484,-57.1149,-325.792,-107.647
p11,2.54e+10,-3.55532e-10,-2.03392e-09,-6.72746e-10,-8.27177,-10.4014,-55.2368,6.85953,31.2074,1.94373,-56.7404,-324.599,-107.366
p11,2.545e+10,-3.525e-10,-2.02252e-09,-6.69676e-10,-8.21764,-10.442,-55.4067,6.85929,30.9727,1.93273,-56.3672,-323.416,-107.086
p11,2.55e+10,-3.49487e-10,-2.01124e-09,-6.66628e-10,-8.16346,-10.4825,-55.5765,6.85925,30.7409,1.92182,-55.9952,-322.243,-106.808
p11,2.555e+10,-3.46494e-10,-2.00005e-09,-6.63602e-10,-8.10924,-10.5231,-55.7464,6.8594,30.5118,1.911,-55.6245,-321.079,-106.532
p11,2.56e+10,-3.4352e-10,-1.98896e-09,-6.60597e-10,-8.05499,-10.5636,-55.9161,6.85973,30.2855,1.90029,-55.2551,-319.924,-106.257
p11,2.565e+10,-3.40566e-10,-1.97798e-09,-6.57613e-10,-8.00071,-10.6041,-56.0859,6.86024,30.0619,1.88966,-54.8868,-318.779,-105.983
p11,2.57e+10,-3.3763e-10,-1.9671e-09,-6.54651e-10,-7.94641,-10.6445,-56.2555,6.86093,29.8409,1.87913,-54.5198,-317.642,-105.712
p11,2.575e+10,-3.34714e-10,-1.95631e-09,-6.51709e-10,-7.89212,-10.685,-56.4252,6.86178,29.6225,1.86869,-54.154,-316.515,-105.441
p11,2.58e+10,-3.31816e-10,-1.94562e-09,-6.48788e-10,-7.83782,-10.7254,-56.5947,6.8628,29.4066,1.85834,-53.7894,-315.397,-105.173
p11,2.585e+10,-3.28936e-10,-1.93502e-09,-6.45887e-10,-7.78353,-10.7657,-56.7643,6.86397,29.1933,1.84808,-53.426,-314.287,-104.905
p11,2.59e+10,-3.26075e-10,-1.92452e-09,-6.43007e-10,-7.72927,-10.8061,-56.9338,6.86529,28.9824,1.83791,-53.0637,-313.186,-104.639
p11,2.595e+10,-3.23232e-10,-1.91411e-09,-6.40147e-10,-7.67503,-10.8464,-57.1032,6.86676,28.774,1.82783,-52.7026,-312.094,-104.375
p11,2.6e+10,-3.20407e-10,-1.9038e-09,-6.37306e-10,-7.62084,-10.8867,-57.2726,6.86836,28.568,1.81783,-52.3426,-311.01,-104.112
p11,2.605e+10,-3.176e-10,-1.89357e-09,-6.34486e-10,-7.56669,-10.9269,-57.442,6.87008,28.3643,1.80792,-51.9838,-309.934,-103.851
p11,2.61e+10,-3.1481e-10,-1.88344e-09,-6.31685e-10,-7.51259,-10.9672,-57.6113,6.87193,28.1629,1.7981,-51.6261,-308.867,-103.591
p11,2.615e+10,-3.12038e-10,-1.87339e-09,-6.28903e-10,-7.45856,-11.0074,-57.7806,6.87391,27.9638,1.78835,-51.2694,-307.808,-103.332
p11,2.62e+10,-3.09282e-10,-1.86343e-09,-6.2614e-10,-7.4046,-11.0475,-57.9498,6.87599,27.767,1.77869,-50.9139,-306.757,-103.075
p11,2.625e+10,-3.06544e-10,-1.85356e-09,-6.23396e-10,-7.35071,-11.0877,-58.119,6.87817,27.5724,1.76911,-50.5594,-305.714,-102.819
p11,2.63e+10,-3.03823e-10,-1.84377e-09,-6.20671e-10,-7.2969,-11.1278,-58.2881,6.88046,27.38,1.75961,-50.206,-304.679,-102.565
p11,2.635e+10,-3.01118e-10,-1.83406e-09,-6.17965e-10,-7.24318,-11.1679,-58.4572,6.88284,27.1897,1.7502,-49.8537,-303.651,-102.311
p11,2.64e+10,-2.9843e-10,-1.82444e-09,-6.15277e-10,-7.18956,-11.2079,-58.6262,6.88531,27.0015,1.74085,-49.5023,-302.632,-102.06
p11,2.645e+10,-2.95757e-10,-1.8149e-09,-6.12607e-10,-7.13603,-11.248,-58.7952,6.88786,26.8155,1.73159,-49.152,-301.619,-101.809
p11,2.65e+10,-2.93101e-10,-1.80545e-09,-6.09956e-10,-7.08261,-11.288,-58.9642,6.89049,26.6314,1.72241,-48.8027,-300.615,-101.56
p11,2.655e+10,-2.90461e-10,-1.79607e-09,-6.07322e-10,-7.02929,-11.328,-59.1331,6.8932,26.4494,1.7133,-48.4543,-299.618,-101.313
p11,2.66e+10,-2.87837e-10,-1.78677e-09,-6.04706e-10,-6.97608,-11.3679,-59.3019,6.89598,26.2694,1.70426,-48.1069,-298.628,-101.066
p11,2.665e+10,-2.85227e-10,-1.77755e-09,-6.02107e-10,-6.92299,-11.4078,-59.4707,6.89882,26.0913,1.6953,-47.7605,-297.645,-100.821
p11,2.67e+10,-2.82634e-10,-1.76841e-09,-5.99526e-10,-6.87001,-11.4477,-59.6395,6.90173,25.9152,1.68642,-47.4149,-296.67,-100.577
p11,2.675e+10,-2.80055e-10,-1.75934e-09,-5.96963e-10,-6.81715,-11.4876,-59.8082,6.90469,25.7409,1.67761,-47.0703,-295.702,-100.335
p11,2.68e+10,-2.77491e-10,-1.75035e-09,-5.94416e-10,-6.76441,-11.5275,-59.9769,6.90771,25.5686,1.66886,-46.7266,-294.74,-100.093
p11,2.685e+10,-2.74942e-10,-1.74143e-09,-5.91886e-10,-6.71179,-11.5673,-60.1456,6.91079,25.398,1.66019,-46.3838,-293.786,-99.8533
p11,2.69e+10,-2.72408e-10,-1.73259e-09,-5.89373e-10,-6.65929,-11.6071,-60.3142,6.91392,25.2293,1.65159,-46.0418,-292.839,-99.6145
p11,2.695e+10,-2.69888e-10,-1.72382e-09,-5.86877e-10,-6.60691,-11.6468,-60.4827,6.9171,25.0624,1.64306,-45.7006,-291.898,-99.3769
p11,2.7e+10,-2.67382e-10,-1.71512e-09,-5.84397e-10,-6.55465,-11.6866,-60.6512,6.92033,24.8973,1.6346,-45.3603,-290.964,-99.1406
p11,2.705e+10,-2.6489e-10,-1.7065e-09,-5.81934e-10,-6.5025,-11.7263,-60.8197,6.92361,24.7339,1.62621,-45.0208,-290.037,-98.9055
p11,2.71e+10,-2.62412e-10,-1.69794e-09,-5.79486e-10,-6.45048,-11.766,-60.9881,6.92694,24.5722,1.61788,-44.6821,-289.116,-98.6716
p11,2.715e+10,-2.59948e-10,-1.68946e-09,-5.77055e-10,-6.39857,-11.8057,-61.1565,6.93032,24.4122,1.60962,-44.3442,-288.202,-98.4389
p11,2.72e+10,-2.57497e-10,-1.68104e-09,-5.74639e-10,-6.34677,-11.8453,-61.3248,6.93376,24.2538,1.60143,-44.007,-287.294,-98.2074
p11,2.725e+10,-2.5506e-10,-1.67269e-09,-5.7224e-10,-6.29509,-11.8849,-61.4931,6.93724,24.0971,1.5933,-43.6705,-286.392,-97.977
p11,2.73e+10,-2.52636e-10,-1.66441e-09,-5.69856e-10,-6.24351,-11.9245,-61.6613,6.94078,23.942,1.58524,-43.3348,-285.497,-97.7479
p11,2.735e+10,-2.50224e-10,-1.65619e-09,-5.67487e-10,-6.19203,-11.9641,-61.8295,6.94438,23.7886,1.57724,-42.9998,-284.608,-97.5199
p11,2.74e+10,-2.47826e-10,-1.64804e-09,-5.65134e-10,-6.14065,-12.0036,-61.9977,6.94804,23.6367,1.5693,-42.6655,-283.725,-97.293
p11,2.745e+10,-2.4544e-10,-1.63995e-09,-5.62796e-10,-6.08937,-12.0431,-62.1658,6.95176,23.4863,1.56143,-42.3319,-282.848,-97.0673
p11,2.75e+10,-2.43066e-10,-1.63193e-09,-5.60472e-10,-6.03818,-12.0826,-62.3339,6.95555,23.3375,1.55361,-41.9989,-281.978,-96.8427
p11,2.755e+10,-2.40705e-10,-1.62398e-09,-5.58164e-10,-5.98708,-12.1221,-62.5019,6.9594,23.1901,1.54586,-41.6665,-281.113,-96.6192
p11,2.76e+10,-2.38356e-10,-1.61608e-09,-5.55871e-10,-5.93606,-12.1615,-62.6699,6.96334,23.0443,1.53817,-41.3348,-280.254,-96.3969
p11,2.765e+10,-2.3602e-10,-1.60825e-09,-5.53592e-10,-5.88512,-12.2009,-62.8378,6.96735,22.8999,1.53054,-41.0037,-279.401,-96.1756
p11,2.77e+10,-2.33695e-10,-1.60048e-09,-5.51328e-10,-5.83424,-12.2403,-63.0057,6.97146,22.757,1.52296,-40.6732,-278.554,-95.9555
p11,2.775e+10,-2.31381e-10,-1.59277e-09,-5.49078e-10,-5.78344,-12.2797,-63.1736,6.97566,22.6155,1.51545,-40.3433,-277.712,-95.7364
p11,2.78e+10,-2.2908e-10,-1.58511e-09,-5.46843e-10,-5.73269,-12.3191,-63.3414,6.97996,22.4754,1.50799,-40.014,-276.876,-95.5184
p11,2.785e+10,-2.2679e-10,-1.57752e-09,-5.44621e-10,-5.682,-12.3584,-63.5092,6.98436,22.3367,1.50059,-39.6852,-276.046,-95.3015
p11,2.79e+10,-2.24511e-10,-1.56999e-09,-5.42414e-10,-5.63136,-12.3977,-63.6769,6.98888,22.1994,1.49325,-39.3569,-275.221,-95.0857
p11,2.795e+10,-2.22243e-10,-1.56252e-09,-5.40221e-10,-5.58078,-12.4369,-63.8446,6.99352,22.0634,1.48596,-39.0292,-274.401,-94.8709
p11,2.8e+10,-2.19987e-10,-1.5551e-09,-5.38041e-10,-5.53023,-12.4762,-64.0123,6.99828,21.9287,1.47873,-38.7021,-273.587,-94.6571
p11,2.805e+10,-2.17741e-10,-1.54774e-09,-5.35875e-10,-5.47972,-12.5154,-64.1799,7.00318,21.7954,1.47156,-38.3754,-272.779,-94.4444
p11,2.81e+10,-2.15506e-10,-1.54044e-09,-5.33723e-10,-5.42924,-12.5546,-64.3474,7.00822,21.6634,1.46444,-38.0493,-271.975,-94.2327
p11,2.815e+10,-2.13282e-10,-1.53319e-09,-5.31584e-10,-5.37878,-12.5938,-64.515,7.01341,21.5326,1.45737,-37.7236,-271.177,-94.0221
p11,2.82e+10,-2.11069e-10,-1.52599e-09,-5.29458e-10,-5.32835,-12.633,-64.6824,7.01876,21.4031,1.45035,-37.3984,-270.385,-93.8124
p11,2.825e+10,-2.08866e-10,-1.51886e-09,-5.27345e-10,-5.27794,-12.6721,-64.8499,7.02428,21.2748,1.44339,-37.0737,-269.597,-93.6038
p11,2.83e+10,-2.06674e-10,-1.51177e-09,-5.25246e-10,-5.22755,-12.7112,-65.0173,7.02997,21.1478,1.43648,-36.7495,-268.814,-93.3962
p11,2.835e+10,-2.04492e-10,-1.50474e-09,-5.2316e-10,-5.17717,-12.7503,-65.1846,7.03585,21.022,1.42962,-36.4258,-268.037,-93.1895
p11,2.84e+10,-2.0232e-10,-1.49776e-09,-5.21086e-10,-5.1268,-12.7894,-65.3519,7.04192,20.8973,1.42282,-36.1025,-267.264,-92.9839
p11,2.845e+10,-2.00158e-10,-1.49083e-09,-5.19025e-10,-5.07643,-12.8284,-65.5192,7.04819,20.7739,1.41606,-35.7796,-266.496,-92.7792
p11,2.85e+10,-1.98007e-10,-1.48396e-09,-5.16977e-10,-5.02608,-12.8674,-65.6865,7.05465,20.6516,1.40935,-35.4572,-265.734,-92.5755
p11,2.855e+10,-1.95865e-10,-1.47713e-09,-5.14941e-10,-4.97572,-12.9064,-65.8536,7.06134,20.5305,1.4027,-35.1353,-264.976,-92.3727
p11,2.86e+10,-1.93734e-10,-1.47036e-09,-5.12918e-10,-4.92538,-12.9454,-66.0208,7.06825,20.4105,1.39609,-34.8138,-264.223,-92.171
p11,2.865e+10,-1.91612e-10,-1.46364e-09,-5.10907e-10,-4.87503,-12.9844,-66.1879,7.07538,20.2916,1.38953,-34.4927,-263.474,-91.9701
p11,2.87e+10,-1.895e-10,-1.45696e-09,-5.08909e-10,-4.82469,-13.0233,-66.355,7.08275,20.1739,1.38302,-34.1721,-262.73,-91.7702
p11,2.875e+10,-1.87398e-10,-1.45034e-09,-5.06922e-10,-4.77435,-13.0622,-66.522,7.09036,20.0572,1.37656,-33.8519,-261.991,-91.5713
p11,2.88e+10,-1.85306e-10,-1.44376e-09,-5.04948e-10,-4.72401,-13.1011,-66.689,7.09823,19.9416,1.37014,-33.5321,-261.257,-91.3732
p11,2.885e+10,-1.83223e-10,-1.43723e-09,-5.02985e-10,-4.67369,-13.14,-66.8559,7.10633,19.8271,1.36377,-33.2128,-260.527,-91.1761
p11,2.89e+10,-1.81149e-10,-1.43075e-09,-5.01035e-10,-4.62336,-13.1788,-67.0229,7.1147,19.7136,1.35745,-32.8938,-259.802,-90.9799
p11,2.895e+10,-1.79086e-10,-1.42432e-09,-4.99096e-10,-4.57305,-13.2176,-67.1897,7.12333,19.6012,1.35117,-32.5754,-259.081,-90.7846
p11,2.9e+10,-1.77031e-10,-1.41793e-09,-4.97168e-10,-4.52275,-13.2564,-67.3565,7.13223,19.4897,1.34494,-32.2573,-258.365,-90.5902
p11,2.905e+10,-1.74987e-10,-1.41159e-09,-4.95253e-10,-4.47247,-13.2952,-67.5233,7.14139,19.3793,1.33875,-31.9397,-257.653,-90.3967
p11,2.91e+10,-1.72951e-10,-1.40529e-09,-4.93348e-10,-4.42221,-13.334,-67.6901,7.15083,19.2699,1.33261,-31.6225,-256.945,-90.2041
p11,2.915e+10,-1.70925e-10,-1.39904e-09,-4.91455e-10,-4.37198,-13.3727,-67.8568,7.16054,19.1615,1.32651,-31.3058,-256.241,-90.0124
p11,2.92e+10,-1.68908e-10,-1.39284e-09,-4.89574e-10,-4.32178,-13.4114,-68.0235,7.17053,19.0541,1.32045,-30.9895,-255.542,-89.8216
p11,2.925e+10,-1.66901e-10,-1.38667e-09,-4.87703e-10,-4.27161,-13.4501,-68.1901,7.1808,18.9476,1.31444,-30.6736,-254.847,-89.6316
p11,2.93e+10,-1.64903e-10,-1.38056e-09,-4.85843e-10,-4.22149,-13.4888,-68.3567,7.19134,18.842,1.30847,-30.3582,-254.157,-89.4425
p11,2.935e+10,-1.62914e-10,-1.37448e-09,-4.83995e-10,-4.17141,-13.5275,-68.5232,7.20216,18.7375,1.30254,-30.0432,-253.47,-89.2542
p11,2.94e+10,-1.60934e-10,-1.36845e-09,-4.82157e-10,-4.12139,-13.5661,-68.6897,7.21325,18.6338,1.29665,-29.7286,-252.788,-89.0668
p11,2.945e+10,-1.58963e-10,-1.36246e-09,-4.8033e-10,-4.07143,-13.6047,-68.8562,7.22462,18.531,1.29081,-29.4145,-252.109,-88.8803
p11,2.95e+10,-1.57002e-10,-1.35651e-09,-4.78514e-10,-4.02154,-13.6433,-69.0226,7.23625,18.4292,1.28501,-29.1009,-251.435,-88.6945
p11,2.955e+10,-1.55049e-10,-1.35061e-09,-4.76709e-10,-3.97173,-13.6819,-69.189,7.24816,18.3282,1.27924,-28.7877,-250.765,-88.5096
p11,2.96e+10,-1.53106e-10,-1.34474e-09,-4.74914e-10,-3.922,-13.7204,-69.3554,7.26032,18.2282,1.27352,-28.475,-250.098,-88.3256
p11,2.965e+10,-1.51172e-10,-1.33892e-09,-4.73129e-10,-3.87237,-13.759,-69.5217,7.27274,18.129,1.26784,-28.1627,-249.436,-88.1423
p11,2.97e+10,-1.49246e-10,-1.33314e-09,-4.71355e-10,-3.82284,-13.7975,-69.688,7.28541,18.0307,1.2622,-27.8509,-248.777,-87.9599
p11,2.975e+10,-1.4733e-10,-1.32739e-09,-4.69592e-10,-3.77341,-13.836,-69.8542,7.29833,17.9332,1.25659,-27.5396,-248.123,-87.7783
p11,2.98e+10,-1.45422e-10,-1.32169e-09,-4.67838e-10,-3.7241,-13.8744,-70.0204,7.31149,17.8365,1.25103,-27.2287,-247.472,-87.5975
p11,2.985e+10,-1.43524e-10,-1.31602e-09,-4.66095e-10,-3.67492,-13.9129,-70.1866,7.32487,17.7407,1.2455,-26.9183,-246.825,-87.4175
p11,2.99e+10,-1.41634e-10,-1.3104e-09,-4.64361e-10,-3.62587,-13.9513,-70.3527,7.33847,17.6457,1.24001,-26.6084,-246.181,-87.2383
p11,2.995e+10,-1.39753e-10,-1.30481e-09,-4.62638e-10,-3.57697,-13.9897,-70.5188,7.35229,17.5516,1.23456,-26.2989,-245.541,-87.0598
p11,3e+10,-1.37881e-10,-1.29926e-09,-4.60924e-10,-3.52821,-14.0281,-70.6848,7.36631,17.4582,1.22915,-25.9899,-244.905,-86.8822
