device_class,device_key,corner_label,temp_c,vctrl_v,status,srf_hz,c_1ghz_f,c_5ghz_f,c_10ghz_f,c_20ghz_f,q_1ghz,q_5ghz,q_10ghz,q_20ghz
mos,small,tt,-40,0.0,PASS,none,1.06445e-14,1.06392e-14,1.06227e-14,1.05573e-14,2.19826e+02,4.39654e+01,2.19827e+01,1.09914e+01
mos,mid,tt,-40,0.0,PASS,none,1.13172e-13,9.98845e-14,7.30736e-14,3.52388e-14,1.33945e+01,2.67891e+00,1.33946e+00,6.69733e-01
mos,large,tt,-40,0.0,PASS,none,4.95200e-13,7.95732e-14,2.19645e-14,5.63795e-15,1.89601e+00,3.79203e-01,1.89603e-01,9.48033e-02
mos,xlarge,tt,-40,0.0,PASS,none,1.98080e-12,3.18293e-13,8.78579e-14,2.25518e-14,1.89601e+00,3.79203e-01,1.89603e-01,9.48033e-02
mos,small,tt,-40,0.3,PASS,none,8.79281e-15,8.78987e-15,8.78063e-15,8.74384e-15,2.66860e+02,5.33723e+01,2.66862e+01,1.33431e+01
mos,mid,tt,-40,0.3,PASS,none,9.14564e-14,8.41651e-14,6.73786e-14,3.74788e-14,1.66145e+01,3.32290e+00,1.66145e+00,8.30730e-01
mos,large,tt,-40,0.3,PASS,none,4.27322e-13,9.34066e-14,2.71382e-14,7.07126e-15,2.39030e+00,4.78060e-01,2.39031e-01,1.19517e-01
mos,xlarge,tt,-40,0.3,PASS,none,1.70929e-12,3.73626e-13,1.08553e-13,2.82850e-14,2.39030e+00,4.78060e-01,2.39031e-01,1.19517e-01
mos,small,tt,-40,0.6,PASS,none,7.40384e-15,7.40210e-15,7.39661e-15,7.37472e-15,3.17808e+02,6.35617e+01,3.17809e+01,1.58904e+01
mos,mid,tt,-40,0.6,PASS,none,7.50910e-14,7.09560e-14,6.05382e-14,3.81397e-14,2.02690e+01,4.05381e+00,2.02691e+00,1.01346e+00
mos,large,tt,-40,0.6,PASS,none,3.62869e-13,1.05431e-13,3.27729e-14,8.72410e-15,2.97135e+00,5.94270e-01,2.97136e-01,1.48570e-01
mos,xlarge,tt,-40,0.6,PASS,none,1.45148e-12,4.21723e-13,1.31092e-13,3.48964e-14,2.97135e+00,5.94270e-01,2.97136e-01,1.48570e-01
mos,small,tt,-40,0.9,PASS,none,6.66517e-15,6.66392e-15,6.65993e-15,6.64400e-15,3.53669e+02,7.07341e+01,3.53671e+01,1.76835e+01
mos,mid,tt,-40,0.9,PASS,none,6.63657e-14,6.34796e-14,5.58847e-14,3.77965e-14,2.29536e+01,4.59074e+00,2.29537e+00,1.14769e+00
mos,large,tt,-40,0.9,PASS,none,3.23956e-13,1.11787e-13,3.66919e-14,9.95153e-15,3.41248e+00,6.82497e-01,3.41250e-01,1.70626e-01
mos,xlarge,tt,-40,0.9,PASS,none,1.29583e-12,4.47149e-13,1.46768e-13,3.98061e-14,3.41248e+00,6.82497e-01,3.41250e-01,1.70626e-01
mos,small,tt,-40,1.2,PASS,none,6.19519e-15,6.19419e-15,6.19099e-15,6.17823e-15,3.80996e+02,7.61994e+01,3.80998e+01,1.90498e+01
mos,mid,tt,-40,1.2,PASS,none,6.08072e-14,5.85734e-14,5.25414e-14,3.72126e-14,2.50658e+01,5.01316e+00,2.50658e+00,1.25329e+00
mos,large,tt,-40,1.2,PASS,none,2.97611e-13,1.15406e-13,3.96149e-14,1.09224e-14,3.76845e+00,7.53690e-01,3.76846e-01,1.88424e-01
mos,xlarge,tt,-40,1.2,PASS,none,1.19044e-12,4.61622e-13,1.58460e-13,4.36898e-14,3.76845e+00,7.53690e-01,3.76846e-01,1.88424e-01
mos,small,tt,-40,1.8,PASS,none,5.60999e-15,5.60925e-15,5.60689e-15,5.59744e-15,4.21497e+02,8.43001e+01,4.21501e+01,2.10750e+01
mos,mid,tt,-40,1.8,PASS,none,5.38793e-14,5.23145e-14,4.79616e-14,3.59850e-14,2.83088e+01,5.66176e+00,2.83088e+00,1.41544e+00
mos,large,tt,-40,1.8,PASS,none,2.63186e-13,1.18834e-13,4.37857e-14,1.24174e-14,4.33096e+00,8.66193e-01,4.33098e-01,2.16550e-01
mos,xlarge,tt,-40,1.8,PASS,none,1.05275e-12,4.75335e-13,1.75143e-13,4.96696e-14,4.33096e+00,8.66193e-01,4.33098e-01,2.16550e-01
mos,small,tt,-40,2.4,PASS,none,5.49944e-15,5.49875e-15,5.49652e-15,5.48763e-15,4.30129e+02,8.60260e+01,4.30131e+01,2.15065e+01
mos,mid,tt,-40,2.4,PASS,none,5.25698e-14,5.11146e-14,4.70451e-14,3.56819e-14,2.90179e+01,5.80358e+00,2.90180e+00,1.45090e+00
mos,large,tt,-40,2.4,PASS,none,2.56492e-13,1.19274e-13,4.46419e-14,1.27444e-14,4.45662e+00,8.91326e-01,4.45664e-01,2.22833e-01
mos,xlarge,tt,-40,2.4,PASS,none,1.02597e-12,4.77096e-13,1.78568e-13,5.09774e-14,4.45662e+00,8.91326e-01,4.45664e-01,2.22833e-01
mos,small,tt,-40,3.0,PASS,none,5.50580e-15,5.50510e-15,5.50287e-15,5.49394e-15,4.29621e+02,8.59249e+01,4.29625e+01,2.14812e+01
mos,mid,tt,-40,3.0,PASS,none,5.26451e-14,5.11838e-14,4.70982e-14,3.57000e-14,2.89761e+01,5.79523e+00,2.89762e+00,1.44881e+00
mos,large,tt,-40,3.0,PASS,none,2.56879e-13,1.19251e-13,4.45921e-14,1.27251e-14,4.44920e+00,8.89841e-01,4.44921e-01,2.22462e-01
mos,xlarge,tt,-40,3.0,PASS,none,1.02752e-12,4.77004e-13,1.78368e-13,5.09004e-14,4.44920e+00,8.89841e-01,4.44921e-01,2.22462e-01
mos,small,tt,-40,3.3,PASS,none,5.50955e-15,5.50886e-15,5.50662e-15,5.49767e-15,4.29322e+02,8.58652e+01,4.29327e+01,2.14663e+01
mos,mid,tt,-40,3.3,PASS,none,5.26896e-14,5.12246e-14,4.71296e-14,3.57106e-14,2.89515e+01,5.79032e+00,2.89516e+00,1.44758e+00
mos,large,tt,-40,3.3,PASS,none,2.57107e-13,1.19237e-13,4.45627e-14,1.27138e-14,4.44483e+00,8.88966e-01,4.44484e-01,2.22243e-01
mos,xlarge,tt,-40,3.3,PASS,none,1.02843e-12,4.76949e-13,1.78251e-13,5.08551e-14,4.44483e+00,8.88966e-01,4.44484e-01,2.22243e-01
mos,small,tt,27,0.0,PASS,none,1.04572e-14,1.04522e-14,1.04366e-14,1.03747e-14,2.23941e+02,4.47882e+01,2.23941e+01,1.11971e+01
mos,mid,tt,27,0.0,PASS,none,1.10982e-13,9.84006e-14,7.26598e-14,3.55069e-14,1.36640e+01,2.73281e+00,1.36641e+00,6.83208e-01
mos,large,tt,27,0.0,PASS,none,4.89264e-13,8.08404e-14,2.24020e-14,5.75665e-15,1.93658e+00,3.87317e-01,1.93660e-01,9.68319e-02
mos,xlarge,tt,27,0.0,PASS,none,1.95706e-12,3.23361e-13,8.96079e-14,2.30266e-14,1.93658e+00,3.87317e-01,1.93660e-01,9.68319e-02
mos,small,tt,27,0.3,PASS,none,8.78637e-15,8.78344e-15,8.77422e-15,8.73752e-15,2.67084e+02,5.34170e+01,2.67085e+01,1.33542e+01
mos,mid,tt,27,0.3,PASS,none,9.13807e-14,8.41069e-14,6.73532e-14,3.74856e-14,1.66288e+01,3.32575e+00,1.66288e+00,8.31443e-01
mos,large,tt,27,0.3,PASS,none,4.27051e-13,9.34609e-14,2.71605e-14,7.07759e-15,2.39248e+00,4.78497e-01,2.39250e-01,1.19627e-01
mos,xlarge,tt,27,0.3,PASS,none,1.70821e-12,3.73844e-13,1.08642e-13,2.83104e-14,2.39248e+00,4.78497e-01,2.39250e-01,1.19627e-01
mos,small,tt,27,0.6,PASS,none,7.42748e-15,7.42572e-15,7.42018e-15,7.39808e-15,3.16780e+02,6.33564e+01,3.16782e+01,1.58391e+01
mos,mid,tt,27,0.6,PASS,none,7.53700e-14,7.11903e-14,6.06752e-14,3.81410e-14,2.01935e+01,4.03870e+00,2.01935e+00,1.00968e+00
mos,large,tt,27,0.6,PASS,none,3.64062e-13,1.05222e-13,3.26596e-14,8.68969e-15,2.95910e+00,5.91822e-01,2.95912e-01,1.47958e-01
mos,xlarge,tt,27,0.6,PASS,none,1.45625e-12,4.20888e-13,1.30638e-13,3.47588e-14,2.95910e+00,5.91822e-01,2.95912e-01,1.47958e-01
mos,small,tt,27,0.9,PASS,none,6.67939e-15,6.67813e-15,6.67411e-15,6.65808e-15,3.52904e+02,7.05811e+01,3.52906e+01,1.76453e+01
mos,mid,tt,27,0.9,PASS,none,6.65338e-14,6.36262e-14,5.59812e-14,3.78093e-14,2.28953e+01,4.57907e+00,2.28954e+00,1.14477e+00
mos,large,tt,27,0.9,PASS,none,3.24735e-13,1.11670e-13,3.66091e-14,9.92476e-15,3.40276e+00,6.80553e-01,3.40278e-01,1.70140e-01
mos,xlarge,tt,27,0.9,PASS,none,1.29894e-12,4.46682e-13,1.46436e-13,3.96990e-14,3.40276e+00,6.80553e-01,3.40278e-01,1.70140e-01
mos,small,tt,27,1.2,PASS,none,6.20529e-15,6.20429e-15,6.20107e-15,6.18825e-15,3.80366e+02,7.60733e+01,3.80367e+01,1.90183e+01
mos,mid,tt,27,1.2,PASS,none,6.09268e-14,5.86800e-14,5.26164e-14,3.72287e-14,2.50163e+01,5.00327e+00,2.50164e+00,1.25082e+00
mos,large,tt,27,1.2,PASS,none,2.98189e-13,1.15334e-13,3.95482e-14,1.08997e-14,3.76002e+00,7.52004e-01,3.76003e-01,1.88003e-01
mos,xlarge,tt,27,1.2,PASS,none,1.19276e-12,4.61336e-13,1.58193e-13,4.35986e-14,3.76002e+00,7.52004e-01,3.76003e-01,1.88003e-01
mos,small,tt,27,1.8,PASS,none,5.63107e-15,5.63033e-15,5.62793e-15,5.61838e-15,4.19891e+02,8.39788e+01,4.19895e+01,2.09947e+01
mos,mid,tt,27,1.8,PASS,none,5.41290e-14,5.25427e-14,4.81346e-14,3.60401e-14,2.81775e+01,5.63550e+00,2.81775e+00,1.40888e+00
mos,large,tt,27,1.8,PASS,none,2.64456e-13,1.18741e-13,4.36248e-14,1.23569e-14,4.30780e+00,8.61560e-01,4.30781e-01,2.15391e-01
mos,xlarge,tt,27,1.8,PASS,none,1.05783e-12,4.74963e-13,1.74499e-13,4.94274e-14,4.30780e+00,8.61560e-01,4.30781e-01,2.15391e-01
mos,small,tt,27,2.4,PASS,none,5.56731e-15,5.56659e-15,5.56428e-15,5.55505e-15,4.24789e+02,8.49583e+01,4.24792e+01,2.12396e+01
mos,mid,tt,27,2.4,PASS,none,5.33738e-14,5.18519e-14,4.76097e-14,3.58709e-14,2.85784e+01,5.71568e+00,2.85785e+00,1.42892e+00
mos,large,tt,27,2.4,PASS,none,2.60609e-13,1.19013e-13,4.41137e-14,1.25417e-14,4.37862e+00,8.75726e-01,4.37864e-01,2.18933e-01
mos,xlarge,tt,27,2.4,PASS,none,1.04244e-12,4.76053e-13,1.76455e-13,5.01669e-14,4.37862e+00,8.75726e-01,4.37864e-01,2.18933e-01
mos,small,tt,27,3.0,PASS,none,5.56808e-15,5.56736e-15,5.56505e-15,5.55581e-15,4.24730e+02,8.49464e+01,4.24732e+01,2.12366e+01
mos,mid,tt,27,3.0,PASS,none,5.33829e-14,5.18603e-14,4.76161e-14,3.58729e-14,2.85735e+01,5.71470e+00,2.85736e+00,1.42868e+00
mos,large,tt,27,3.0,PASS,none,2.60656e-13,1.19010e-13,4.41077e-14,1.25395e-14,4.37776e+00,8.75552e-01,4.37777e-01,2.18889e-01
mos,xlarge,tt,27,3.0,PASS,none,1.04262e-12,4.76041e-13,1.76431e-13,5.01579e-14,4.37776e+00,8.75552e-01,4.37777e-01,2.18889e-01
mos,small,tt,27,3.3,PASS,none,5.56971e-15,5.56899e-15,5.56668e-15,5.55744e-15,4.24604e+02,8.49210e+01,4.24606e+01,2.12302e+01
mos,mid,tt,27,3.3,PASS,none,5.34022e-14,5.18780e-14,4.76296e-14,3.58774e-14,2.85631e+01,5.71262e+00,2.85631e+00,1.42816e+00
mos,large,tt,27,3.3,PASS,none,2.60755e-13,1.19004e-13,4.40951e-14,1.25347e-14,4.37591e+00,8.75183e-01,4.37593e-01,2.18797e-01
mos,xlarge,tt,27,3.3,PASS,none,1.04302e-12,4.76014e-13,1.76381e-13,5.01387e-14,4.37591e+00,8.75183e-01,4.37593e-01,2.18797e-01
mos,small,tt,125,0.0,PASS,none,1.02326e-14,1.02281e-14,1.02140e-14,1.01580e-14,2.32937e+02,4.65875e+01,2.32938e+01,1.16469e+01
mos,mid,tt,125,0.0,PASS,none,1.08358e-13,9.66733e-14,7.23075e-14,3.60067e-14,1.40559e+01,2.81118e+00,1.40559e+00,7.02795e-01
mos,large,tt,125,0.0,PASS,none,4.82118e-13,8.25786e-14,2.30042e-14,5.92016e-15,1.99008e+00,3.98016e-01,1.99008e-01,9.95039e-02
mos,xlarge,tt,125,0.0,PASS,none,1.92847e-12,3.30314e-13,9.20166e-14,2.36806e-14,1.99008e+00,3.98016e-01,1.99008e-01,9.95039e-02
mos,small,tt,125,0.3,PASS,none,8.75732e-15,8.75449e-15,8.74559e-15,8.71017e-15,2.71422e+02,5.42846e+01,2.71424e+01,1.35712e+01
mos,mid,tt,125,0.3,PASS,none,9.10409e-14,8.38846e-14,6.73425e-14,3.76468e-14,1.67429e+01,3.34858e+00,1.67429e+00,8.37146e-01
mos,large,tt,125,0.3,PASS,none,4.25949e-13,9.38566e-14,2.73125e-14,7.12002e-15,2.40477e+00,4.80954e-01,2.40477e-01,1.20238e-01
mos,xlarge,tt,125,0.3,PASS,none,1.70380e-12,3.75426e-13,1.09250e-13,2.84801e-14,2.40477e+00,4.80954e-01,2.40477e-01,1.20238e-01
mos,small,tt,125,0.6,PASS,none,7.46332e-15,7.46156e-15,7.45598e-15,7.43374e-15,3.16536e+02,6.33076e+01,3.16538e+01,1.58269e+01
mos,mid,tt,125,0.6,PASS,none,7.57934e-14,7.15537e-14,6.09066e-14,3.81815e-14,2.01008e+01,4.02017e+00,2.01009e+00,1.00504e+00
mos,large,tt,125,0.6,PASS,none,3.65893e-13,1.04961e-13,3.25105e-14,8.64401e-15,2.94179e+00,5.88358e-01,2.94180e-01,1.47091e-01
mos,xlarge,tt,125,0.6,PASS,none,1.46357e-12,4.19845e-13,1.30042e-13,3.45760e-14,2.94179e+00,5.88358e-01,2.94180e-01,1.47091e-01
mos,small,tt,125,0.9,PASS,none,6.70310e-15,6.70182e-15,6.69777e-15,6.68159e-15,3.51910e+02,7.03822e+01,3.51911e+01,1.75955e+01
mos,mid,tt,125,0.9,PASS,none,6.68141e-14,6.38718e-14,5.61452e-14,3.78368e-14,2.28033e+01,4.56067e+00,2.28034e+00,1.14017e+00
mos,large,tt,125,0.9,PASS,none,3.26034e-13,1.11486e-13,3.64763e-14,9.88180e-15,3.38691e+00,6.77383e-01,3.38693e-01,1.69347e-01
mos,xlarge,tt,125,0.9,PASS,none,1.30413e-12,4.45944e-13,1.45905e-13,3.95272e-14,3.38691e+00,6.77383e-01,3.38693e-01,1.69347e-01
mos,small,tt,125,1.2,PASS,none,6.22231e-15,6.22130e-15,6.21806e-15,6.20515e-15,3.79573e+02,7.59151e+01,3.79576e+01,1.89788e+01
mos,mid,tt,125,1.2,PASS,none,6.11282e-14,5.88604e-14,5.27453e-14,3.72609e-14,2.49381e+01,4.98763e+00,2.49382e+00,1.24691e+00
mos,large,tt,125,1.2,PASS,none,2.99166e-13,1.15223e-13,3.94410e-14,1.08629e-14,3.74616e+00,7.49232e-01,3.74617e-01,1.87309e-01
mos,xlarge,tt,125,1.2,PASS,none,1.19666e-12,4.60891e-13,1.57764e-13,4.34517e-14,3.74616e+00,7.49232e-01,3.74617e-01,1.87309e-01
mos,small,tt,125,1.8,PASS,none,5.73436e-15,5.73358e-15,5.73105e-15,5.72097e-15,4.12449e+02,8.24899e+01,4.12450e+01,2.06225e+01
mos,mid,tt,125,1.8,PASS,none,5.53523e-14,5.36586e-14,4.89754e-14,3.63020e-14,2.75560e+01,5.51121e+00,2.75561e+00,1.37780e+00
mos,large,tt,125,1.8,PASS,none,2.70649e-13,1.18255e-13,4.28529e-14,1.20695e-14,4.19806e+00,8.39613e-01,4.19807e-01,2.09904e-01
mos,xlarge,tt,125,1.8,PASS,none,1.08260e-12,4.73022e-13,1.71412e-13,4.82782e-14,4.19806e+00,8.39613e-01,4.19807e-01,2.09904e-01
mos,small,tt,125,2.4,PASS,none,5.69046e-15,5.68969e-15,5.68722e-15,5.67737e-15,4.15684e+02,8.31375e+01,4.15688e+01,2.07844e+01
mos,mid,tt,125,2.4,PASS,none,5.48324e-14,5.31851e-14,4.86205e-14,3.61949e-14,2.78188e+01,5.56376e+00,2.78188e+00,1.39094e+00
mos,large,tt,125,2.4,PASS,none,2.68024e-13,1.18473e-13,4.31807e-14,1.21907e-14,4.24412e+00,8.48826e-01,4.24414e-01,2.12208e-01
mos,xlarge,tt,125,2.4,PASS,none,1.07210e-12,4.73892e-13,1.72723e-13,4.87629e-14,4.24413e+00,8.48826e-01,4.24414e-01,2.12208e-01
mos,small,tt,125,3.0,PASS,none,5.68282e-15,5.68206e-15,5.67960e-15,5.66979e-15,4.16254e+02,8.32513e+01,4.16257e+01,2.08128e+01
mos,mid,tt,125,3.0,PASS,none,5.47419e-14,5.31027e-14,4.85585e-14,3.61759e-14,2.78650e+01,5.57301e+00,2.78651e+00,1.39325e+00
mos,large,tt,125,3.0,PASS,none,2.67566e-13,1.18510e-13,4.32381e-14,1.22120e-14,4.25224e+00,8.50450e-01,4.25226e-01,2.12614e-01
mos,xlarge,tt,125,3.0,PASS,none,1.07027e-12,4.74039e-13,1.72952e-13,4.88482e-14,4.25224e+00,8.50450e-01,4.25226e-01,2.12614e-01
mos,small,tt,125,3.3,PASS,none,5.68110e-15,5.68034e-15,5.67788e-15,5.66808e-15,4.16382e+02,8.32771e+01,4.16386e+01,2.08193e+01
mos,mid,tt,125,3.3,PASS,none,5.47215e-14,5.30841e-14,4.85445e-14,3.61717e-14,2.78754e+01,5.57510e+00,2.78755e+00,1.39378e+00
mos,large,tt,125,3.3,PASS,none,2.67463e-13,1.18518e-13,4.32510e-14,1.22169e-14,4.25408e+00,8.50816e-01,4.25409e-01,2.12705e-01
mos,xlarge,tt,125,3.3,PASS,none,1.06985e-12,4.74072e-13,1.73004e-13,4.88674e-14,4.25408e+00,8.50816e-01,4.25409e-01,2.12705e-01
mos,small,ss,-40,0.0,PASS,none,1.03628e-14,1.03579e-14,1.03427e-14,1.02824e-14,2.25886e+02,4.51774e+01,2.25887e+01,1.12943e+01
mos,mid,ss,-40,0.0,PASS,none,1.09925e-13,9.76719e-14,7.24390e-14,3.56252e-14,1.37954e+01,2.75907e+00,1.37954e+00,6.89774e-01
mos,large,ss,-40,0.0,PASS,none,4.86402e-13,8.14359e-14,2.26100e-14,5.81328e-15,1.95607e+00,3.91215e-01,1.95609e-01,9.78064e-02
mos,xlarge,ss,-40,0.0,PASS,none,1.94561e-12,3.25744e-13,9.04401e-14,2.32531e-14,1.95607e+00,3.91215e-01,1.95609e-01,9.78064e-02
mos,small,ss,-40,0.3,PASS,none,8.64186e-15,8.63907e-15,8.63030e-15,8.59538e-15,2.71595e+02,5.43192e+01,2.71596e+01,1.35798e+01
mos,mid,ss,-40,0.3,PASS,none,8.97184e-14,8.28157e-14,6.67637e-14,3.76069e-14,1.69394e+01,3.38788e+00,1.69394e+00,8.46975e-01
mos,large,ss,-40,0.3,PASS,none,4.21107e-13,9.46187e-14,2.76435e-14,7.21511e-15,2.44036e+00,4.88072e-01,2.44037e-01,1.22020e-01
mos,xlarge,ss,-40,0.3,PASS,none,1.68443e-12,3.78475e-13,1.10574e-13,2.88605e-14,2.44036e+00,4.88072e-01,2.44037e-01,1.22020e-01
mos,small,ss,-40,0.6,PASS,none,7.33028e-15,7.32860e-15,7.32327e-15,7.30204e-15,3.21051e+02,6.42104e+01,3.21052e+01,1.60526e+01
mos,mid,ss,-40,0.6,PASS,none,7.42523e-14,7.02497e-14,6.01221e-14,3.81326e-14,2.04997e+01,4.09994e+00,2.04997e+00,1.02499e+00
mos,large,ss,-40,0.6,PASS,none,3.59343e-13,1.06044e-13,3.31099e-14,8.82680e-15,3.00791e+00,6.01584e-01,3.00793e-01,1.50398e-01
mos,xlarge,ss,-40,0.6,PASS,none,1.43737e-12,4.24175e-13,1.32440e-13,3.53072e-14,3.00791e+00,6.01584e-01,3.00793e-01,1.50398e-01
mos,small,ss,-40,0.9,PASS,none,6.61822e-15,6.61699e-15,6.61308e-15,6.59749e-15,3.56224e+02,7.12449e+01,3.56225e+01,1.78112e+01
mos,mid,ss,-40,0.9,PASS,none,6.58356e-14,6.30163e-14,5.55786e-14,3.77544e-14,2.31397e+01,4.62795e+00,2.31398e+00,1.15699e+00
mos,large,ss,-40,0.9,PASS,none,3.21569e-13,1.12142e-13,3.69475e-14,1.00343e-14,3.44257e+00,6.88516e-01,3.44259e-01,1.72131e-01
mos,xlarge,ss,-40,0.9,PASS,none,1.28628e-12,4.48569e-13,1.47790e-13,4.01372e-14,3.44257e+00,6.88516e-01,3.44259e-01,1.72131e-01
mos,small,ss,-40,1.2,PASS,none,6.16090e-15,6.15992e-15,6.15677e-15,6.14422e-15,3.83155e+02,7.66312e+01,3.83156e+01,1.91578e+01
mos,mid,ss,-40,1.2,PASS,none,6.04236e-14,5.82308e-14,5.22997e-14,3.71600e-14,2.52259e+01,5.04519e+00,2.52260e+00,1.26130e+00
mos,large,ss,-40,1.2,PASS,none,2.95818e-13,1.15625e-13,3.98222e-14,1.09935e-14,3.79475e+00,7.58951e-01,3.79477e-01,1.89739e-01
mos,xlarge,ss,-40,1.2,PASS,none,1.18327e-12,4.62499e-13,1.59289e-13,4.39738e-14,3.79475e+00,7.58951e-01,3.79477e-01,1.89739e-01
mos,small,ss,-40,1.8,PASS,none,5.58742e-15,5.58670e-15,5.58436e-15,5.57503e-15,4.23232e+02,8.46467e+01,4.23234e+01,2.11617e+01
mos,mid,ss,-40,1.8,PASS,none,5.36305e-14,5.20869e-14,4.77887e-14,3.59293e-14,2.84408e+01,5.68817e+00,2.84409e+00,1.42204e+00
mos,large,ss,-40,1.8,PASS,none,2.61979e-13,1.18919e-13,4.39391e-14,1.24754e-14,4.35318e+00,8.70637e-01,4.35320e-01,2.17661e-01
mos,xlarge,ss,-40,1.8,PASS,none,1.04792e-12,4.75677e-13,1.75756e-13,4.99016e-14,4.35318e+00,8.70637e-01,4.35320e-01,2.17661e-01
mos,small,ss,-40,2.4,PASS,none,5.46427e-15,5.46360e-15,5.46141e-15,5.45269e-15,4.32947e+02,8.65898e+01,4.32950e+01,2.16474e+01
mos,mid,ss,-40,2.4,PASS,none,5.21708e-14,5.07480e-14,4.67627e-14,3.55847e-14,2.92410e+01,5.84821e+00,2.92411e+00,1.46205e+00
mos,large,ss,-40,2.4,PASS,none,2.54500e-13,1.19388e-13,4.48995e-14,1.28443e-14,4.49523e+00,8.99047e-01,4.49525e-01,2.24763e-01
mos,xlarge,ss,-40,2.4,PASS,none,1.01800e-12,4.77554e-13,1.79598e-13,5.13771e-14,4.49523e+00,8.99047e-01,4.49525e-01,2.24763e-01
mos,small,ss,-40,3.0,PASS,none,5.46919e-15,5.46851e-15,5.46632e-15,5.45757e-15,4.32549e+02,8.65106e+01,4.32554e+01,2.16276e+01
mos,mid,ss,-40,3.0,PASS,none,5.22291e-14,5.08016e-14,4.68040e-14,3.55990e-14,2.92082e+01,5.84165e+00,2.92083e+00,1.46041e+00
mos,large,ss,-40,3.0,PASS,none,2.54800e-13,1.19372e-13,4.48606e-14,1.28292e-14,4.48938e+00,8.97878e-01,4.48940e-01,2.24471e-01
mos,xlarge,ss,-40,3.0,PASS,none,1.01920e-12,4.77487e-13,1.79443e-13,5.13166e-14,4.48938e+00,8.97878e-01,4.48940e-01,2.24471e-01
mos,small,ss,-40,3.3,PASS,none,5.47252e-15,5.47185e-15,5.46965e-15,5.46089e-15,4.32281e+02,8.64569e+01,4.32285e+01,2.16142e+01
mos,mid,ss,-40,3.3,PASS,none,5.22686e-14,5.08379e-14,4.68321e-14,3.56087e-14,2.91860e+01,5.83720e+00,2.91861e+00,1.45930e+00
mos,large,ss,-40,3.3,PASS,none,2.55003e-13,1.19360e-13,4.48343e-14,1.28189e-14,4.48542e+00,8.97086e-01,4.48544e-01,2.24273e-01
mos,xlarge,ss,-40,3.3,PASS,none,1.02001e-12,4.77441e-13,1.79337e-13,5.12756e-14,4.48542e+00,8.97086e-01,4.48544e-01,2.24273e-01
mos,small,ss,27,0.0,PASS,none,1.01883e-14,1.01837e-14,1.01693e-14,1.01120e-14,2.29929e+02,4.59860e+01,2.29930e+01,1.14965e+01
mos,mid,ss,27,0.0,PASS,none,1.07881e-13,9.62567e-14,7.20090e-14,3.58679e-14,1.40617e+01,2.81233e+00,1.40617e+00,7.03088e-01
mos,large,ss,27,0.0,PASS,none,4.80593e-13,8.26592e-14,2.30410e-14,5.93081e-15,1.99631e+00,3.99264e-01,1.99633e-01,9.98184e-02
mos,xlarge,ss,27,0.0,PASS,none,1.92237e-12,3.30637e-13,9.21639e-14,2.37232e-14,1.99631e+00,3.99264e-01,1.99633e-01,9.98184e-02
mos,small,ss,27,0.3,PASS,none,8.63501e-15,8.63223e-15,8.62348e-15,8.58866e-15,2.71838e+02,5.43679e+01,2.71840e+01,1.35920e+01
mos,mid,ss,27,0.3,PASS,none,8.96378e-14,8.27530e-14,6.67353e-14,3.76135e-14,1.69551e+01,3.39103e+00,1.69552e+00,8.47762e-01
mos,large,ss,27,0.3,PASS,none,4.20813e-13,9.46772e-14,2.76681e-14,7.22213e-15,2.44278e+00,4.88557e-01,2.44280e-01,1.22142e-01
mos,xlarge,ss,27,0.3,PASS,none,1.68325e-12,3.78709e-13,1.10673e-13,2.88885e-14,2.44278e+00,4.88557e-01,2.44280e-01,1.22142e-01
mos,small,ss,27,0.6,PASS,none,7.35267e-15,7.35097e-15,7.34559e-15,7.32416e-15,3.20059e+02,6.40119e+01,3.20060e+01,1.60030e+01
mos,mid,ss,27,0.6,PASS,none,7.45167e-14,7.04727e-14,6.02540e-14,3.81354e-14,2.04264e+01,4.08529e+00,2.04265e+00,1.02133e+00
mos,large,ss,27,0.6,PASS,none,3.60484e-13,1.05846e-13,3.30006e-14,8.79342e-15,2.99602e+00,5.99205e-01,2.99604e-01,1.49803e-01
mos,xlarge,ss,27,0.6,PASS,none,1.44194e-12,4.23385e-13,1.32002e-13,3.51737e-14,2.99602e+00,5.99205e-01,2.99604e-01,1.49803e-01
mos,small,ss,27,0.9,PASS,none,6.63190e-15,6.63066e-15,6.62673e-15,6.61104e-15,3.55477e+02,7.10955e+01,3.55478e+01,1.77739e+01
mos,mid,ss,27,0.9,PASS,none,6.59974e-14,6.31578e-14,5.56723e-14,3.77675e-14,2.30826e+01,4.61653e+00,2.30827e+00,1.15413e+00
mos,large,ss,27,0.9,PASS,none,3.22322e-13,1.12031e-13,3.68667e-14,1.00081e-14,3.43305e+00,6.86610e-01,3.43306e-01,1.71654e-01
mos,xlarge,ss,27,0.9,PASS,none,1.28929e-12,4.48123e-13,1.47467e-13,4.00324e-14,3.43305e+00,6.86610e-01,3.43306e-01,1.71654e-01
mos,small,ss,27,1.2,PASS,none,6.17069e-15,6.16970e-15,6.16654e-15,6.15393e-15,3.82536e+02,7.65076e+01,3.82538e+01,1.91269e+01
mos,mid,ss,27,1.2,PASS,none,6.05394e-14,5.83343e-14,5.23728e-14,3.71761e-14,2.51773e+01,5.03547e+00,2.51774e+00,1.25887e+00
mos,large,ss,27,1.2,PASS,none,2.96381e-13,1.15556e-13,3.97570e-14,1.09711e-14,3.78646e+00,7.57293e-01,3.78648e-01,1.89325e-01
mos,xlarge,ss,27,1.2,PASS,none,1.18552e-12,4.62226e-13,1.59028e-13,4.38843e-14,3.78646e+00,7.57293e-01,3.78648e-01,1.89325e-01
mos,small,ss,27,1.8,PASS,none,5.60387e-15,5.60314e-15,5.60078e-15,5.59137e-15,4.21967e+02,8.43939e+01,4.21970e+01,2.10985e+01
mos,mid,ss,27,1.8,PASS,none,5.38254e-14,5.22652e-14,4.79242e-14,3.59730e-14,2.83373e+01,5.66746e+00,2.83373e+00,1.41687e+00
mos,large,ss,27,1.8,PASS,none,2.62972e-13,1.18849e-13,4.38128e-14,1.24277e-14,4.33488e+00,8.66978e-01,4.33490e-01,2.16746e-01
mos,xlarge,ss,27,1.8,PASS,none,1.05189e-12,4.75396e-13,1.75251e-13,4.97106e-14,4.33488e+00,8.66978e-01,4.33490e-01,2.16746e-01
mos,small,ss,27,2.4,PASS,none,5.53096e-15,5.53026e-15,5.52799e-15,5.51894e-15,4.27632e+02,8.55270e+01,4.27635e+01,2.13817e+01
mos,mid,ss,27,2.4,PASS,none,5.29612e-14,5.14738e-14,4.73208e-14,3.57750e-14,2.88022e+01,5.76045e+00,2.88023e+00,1.44011e+00
mos,large,ss,27,2.4,PASS,none,2.58559e-13,1.19147e-13,4.43762e-14,1.26420e-14,4.41718e+00,8.83438e-01,4.41720e-01,2.20861e-01
mos,xlarge,ss,27,2.4,PASS,none,1.03423e-12,4.76589e-13,1.77505e-13,5.05681e-14,4.41718e+00,8.83438e-01,4.41720e-01,2.20861e-01
mos,small,ss,27,3.0,PASS,none,5.53046e-15,5.52976e-15,5.52750e-15,5.51845e-15,4.27672e+02,8.55347e+01,4.27674e+01,2.13837e+01
mos,mid,ss,27,3.0,PASS,none,5.29554e-14,5.14685e-14,4.73167e-14,3.57737e-14,2.88054e+01,5.76109e+00,2.88055e+00,1.44027e+00
mos,large,ss,27,3.0,PASS,none,2.58529e-13,1.19149e-13,4.43800e-14,1.26435e-14,4.41775e+00,8.83551e-01,4.41777e-01,2.20889e-01
mos,xlarge,ss,27,3.0,PASS,none,1.03412e-12,4.76597e-13,1.77520e-13,5.05740e-14,4.41775e+00,8.83551e-01,4.41777e-01,2.20889e-01
mos,small,ss,27,3.3,PASS,none,5.53172e-15,5.53102e-15,5.52875e-15,5.51970e-15,4.27571e+02,8.55149e+01,4.27575e+01,2.13787e+01
mos,mid,ss,27,3.3,PASS,none,5.29703e-14,5.14822e-14,4.73271e-14,3.57772e-14,2.87973e+01,5.75946e+00,2.87973e+00,1.43987e+00
mos,large,ss,27,3.3,PASS,none,2.58605e-13,1.19144e-13,4.43702e-14,1.26397e-14,4.41630e+00,8.83261e-01,4.41632e-01,2.20817e-01
mos,xlarge,ss,27,3.3,PASS,none,1.03442e-12,4.76578e-13,1.77481e-13,5.05590e-14,4.41630e+00,8.83261e-01,4.41632e-01,2.20817e-01
mos,small,ss,125,0.0,PASS,none,9.97866e-15,9.97449e-15,9.96140e-15,9.90939e-15,2.38863e+02,4.77727e+01,2.38864e+01,1.19432e+01
mos,mid,ss,125,0.0,PASS,none,1.05428e-13,9.46065e-14,7.16296e-14,3.63332e-14,1.44503e+01,2.89006e+00,1.44503e+00,7.22515e-01
mos,large,ss,125,0.0,PASS,none,4.73603e-13,8.43432e-14,2.36358e-14,6.09311e-15,2.04944e+00,4.09888e-01,2.04944e-01,1.02472e-01
mos,xlarge,ss,125,0.0,PASS,none,1.89441e-12,3.37373e-13,9.45430e-14,2.43725e-14,2.04944e+00,4.09888e-01,2.04944e-01,1.02472e-01
mos,small,ss,125,0.3,PASS,none,8.60637e-15,8.60369e-15,8.59524e-15,8.56162e-15,2.76195e+02,5.52391e+01,2.76196e+01,1.38098e+01
mos,mid,ss,125,0.3,PASS,none,8.93025e-14,8.25291e-14,6.67159e-14,3.77689e-14,1.70712e+01,3.41425e+00,1.70713e+00,8.53561e-01
mos,large,ss,125,0.3,PASS,none,4.19694e-13,9.50721e-14,2.78226e-14,7.26545e-15,2.45537e+00,4.91075e-01,2.45538e-01,1.22769e-01
mos,xlarge,ss,125,0.3,PASS,none,1.67878e-12,3.80288e-13,1.11290e-13,2.90618e-14,2.45537e+00,4.91075e-01,2.45538e-01,1.22769e-01
mos,small,ss,125,0.6,PASS,none,7.38632e-15,7.38461e-15,7.37921e-15,7.35766e-15,3.19907e+02,6.39817e+01,3.19909e+01,1.59954e+01
mos,mid,ss,125,0.6,PASS,none,7.49145e-14,7.08158e-14,6.04759e-14,3.81783e-14,2.03387e+01,4.06775e+00,2.03388e+00,1.01694e+00
mos,large,ss,125,0.6,PASS,none,3.62219e-13,1.05606e-13,3.28593e-14,8.74989e-15,2.97941e+00,5.95882e-01,2.97942e-01,1.48971e-01
mos,xlarge,ss,125,0.6,PASS,none,1.44888e-12,4.22424e-13,1.31437e-13,3.49995e-14,2.97941e+00,5.95882e-01,2.97942e-01,1.48971e-01
mos,small,ss,125,0.9,PASS,none,6.65462e-15,6.65337e-15,6.64940e-15,6.63358e-15,3.54516e+02,7.09035e+01,3.54518e+01,1.77259e+01
mos,mid,ss,125,0.9,PASS,none,6.62662e-14,6.33938e-14,5.58310e-14,3.77954e-14,2.29931e+01,4.59862e+00,2.29931e+00,1.14966e+00
mos,large,ss,125,0.9,PASS,none,3.23573e-13,1.11856e-13,3.67380e-14,9.96628e-15,3.41758e+00,6.83517e-01,3.41760e-01,1.70881e-01
mos,xlarge,ss,125,0.9,PASS,none,1.29429e-12,4.47425e-13,1.46952e-13,3.98651e-14,3.41758e+00,6.83517e-01,3.41760e-01,1.70881e-01
mos,small,ss,125,1.2,PASS,none,6.18710e-15,6.18611e-15,6.18293e-15,6.17024e-15,3.81771e+02,7.63544e+01,3.81772e+01,1.90886e+01
mos,mid,ss,125,1.2,PASS,none,6.07338e-14,5.85087e-14,5.24980e-14,3.72082e-14,2.51010e+01,5.02021e+00,2.51011e+00,1.25505e+00
mos,large,ss,125,1.2,PASS,none,2.97326e-13,1.15451e-13,3.96528e-14,1.09352e-14,3.77290e+00,7.54580e-01,3.77291e-01,1.88647e-01
mos,xlarge,ss,125,1.2,PASS,none,1.18931e-12,4.61804e-13,1.58611e-13,4.37408e-14,3.77290e+00,7.54580e-01,3.77291e-01,1.88647e-01
mos,small,ss,125,1.8,PASS,none,5.69902e-15,5.69825e-15,5.69578e-15,5.68588e-15,4.15049e+02,8.30102e+01,4.15051e+01,2.07525e+01
mos,mid,ss,125,1.8,PASS,none,5.49530e-14,5.32950e-14,4.87030e-14,3.62201e-14,2.77574e+01,5.55148e+00,2.77574e+00,1.38787e+00
mos,large,ss,125,1.8,PASS,none,2.68695e-13,1.18418e-13,4.30966e-14,1.21595e-14,4.23226e+00,8.46453e-01,4.23228e-01,2.11615e-01
mos,xlarge,ss,125,1.8,PASS,none,1.07478e-12,4.73674e-13,1.72386e-13,4.86382e-14,4.23226e+00,8.46453e-01,4.23228e-01,2.11615e-01
mos,small,ss,125,2.4,PASS,none,5.65183e-15,5.65108e-15,5.64866e-15,5.63901e-15,4.18575e+02,8.37155e+01,4.18578e+01,2.09289e+01
mos,mid,ss,125,2.4,PASS,none,5.43937e-14,5.27850e-14,4.83191e-14,3.61017e-14,2.80443e+01,5.60888e+00,2.80444e+00,1.40222e+00
mos,large,ss,125,2.4,PASS,none,2.65863e-13,1.18643e-13,4.34522e-14,1.22919e-14,4.28268e+00,8.56538e-01,4.28270e-01,2.14136e-01
mos,xlarge,ss,125,2.4,PASS,none,1.06345e-12,4.74573e-13,1.73809e-13,4.91675e-14,4.28269e+00,8.56538e-01,4.28270e-01,2.14136e-01
mos,small,ss,125,3.0,PASS,none,5.64322e-15,5.64247e-15,5.64007e-15,5.63046e-15,4.19223e+02,8.38456e+01,4.19228e+01,2.09614e+01
mos,mid,ss,125,3.0,PASS,none,5.42917e-14,5.26919e-14,4.82488e-14,3.60797e-14,2.80973e+01,5.61947e+00,2.80974e+00,1.40487e+00
mos,large,ss,125,3.0,PASS,none,2.65345e-13,1.18683e-13,4.35175e-14,1.23163e-14,4.29201e+00,8.58403e-01,4.29203e-01,2.14602e-01
mos,xlarge,ss,125,3.0,PASS,none,1.06138e-12,4.74731e-13,1.74070e-13,4.92653e-14,4.29201e+00,8.58403e-01,4.29203e-01,2.14602e-01
mos,small,ss,125,3.3,PASS,none,5.64120e-15,5.64045e-15,5.63805e-15,5.62845e-15,4.19379e+02,8.38762e+01,4.19381e+01,2.09690e+01
mos,mid,ss,125,3.3,PASS,none,5.42677e-14,5.26700e-14,4.82323e-14,3.60745e-14,2.81098e+01,5.62197e+00,2.81099e+00,1.40549e+00
mos,large,ss,125,3.3,PASS,none,2.65224e-13,1.18692e-13,4.35328e-14,1.23221e-14,4.29421e+00,8.58842e-01,4.29422e-01,2.14712e-01
mos,xlarge,ss,125,3.3,PASS,none,1.06090e-12,4.74768e-13,1.74131e-13,4.92883e-14,4.29421e+00,8.58842e-01,4.29422e-01,2.14712e-01
mos,small,ff,-40,0.0,PASS,none,1.09600e-14,1.09543e-14,1.09363e-14,1.08649e-14,2.13413e+02,4.26826e+01,2.13413e+01,1.06707e+01
mos,mid,ff,-40,0.0,PASS,none,1.16756e-13,1.02269e-13,7.36945e-14,3.48007e-14,1.29779e+01,2.59559e+00,1.29780e+00,6.48902e-01
mos,large,ff,-40,0.0,PASS,none,5.04338e-13,7.76084e-14,2.12971e-14,5.45762e-15,1.83434e+00,3.66869e-01,1.83436e-01,9.17199e-02
mos,xlarge,ff,-40,0.0,PASS,none,2.01735e-12,3.10434e-13,8.51884e-14,2.18305e-14,1.83434e+00,3.66869e-01,1.83436e-01,9.17199e-02
mos,small,ff,-40,0.3,PASS,none,8.96058e-15,8.95746e-15,8.94767e-15,8.90873e-15,2.61788e+02,5.23578e+01,2.61789e+01,1.30894e+01
mos,mid,ff,-40,0.3,PASS,none,9.33500e-14,8.56204e-14,6.80199e-14,3.73274e-14,1.62742e+01,3.25485e+00,1.62743e+00,8.13717e-01
mos,large,ff,-40,0.3,PASS,none,4.33865e-13,9.21208e-14,2.66134e-14,6.92267e-15,2.33868e+00,4.67737e-01,2.33870e-01,1.16937e-01
mos,xlarge,ff,-40,0.3,PASS,none,1.73546e-12,3.68483e-13,1.06453e-13,2.76907e-14,2.33868e+00,4.67737e-01,2.33870e-01,1.16937e-01
mos,small,ff,-40,0.6,PASS,none,7.48598e-15,7.48418e-15,7.47850e-15,7.45587e-15,3.14262e+02,6.28526e+01,3.14264e+01,1.57132e+01
mos,mid,ff,-40,0.6,PASS,none,7.59998e-14,7.17180e-14,6.09816e-14,3.81419e-14,2.00248e+01,4.00497e+00,2.00249e+00,1.00125e+00
mos,large,ff,-40,0.6,PASS,none,3.66579e-13,1.04779e-13,3.24218e-14,8.61763e-15,2.93350e+00,5.86700e-01,2.93351e-01,1.46677e-01
mos,xlarge,ff,-40,0.6,PASS,none,1.46632e-12,4.19117e-13,1.29687e-13,3.44705e-14,2.93350e+00,5.86700e-01,2.93351e-01,1.46677e-01
mos,small,ff,-40,0.9,PASS,none,6.71855e-15,6.71726e-15,6.71317e-15,6.69686e-15,3.50811e+02,7.01624e+01,3.50812e+01,1.75406e+01
mos,mid,ff,-40,0.9,PASS,none,6.69457e-14,6.39852e-14,5.62165e-14,3.78395e-14,2.27535e+01,4.55070e+00,2.27536e+00,1.13768e+00
mos,large,ff,-40,0.9,PASS,none,3.26487e-13,1.11406e-13,3.64231e-14,9.86483e-15,3.38101e+00,6.76204e-01,3.38103e-01,1.69053e-01
mos,xlarge,ff,-40,0.9,PASS,none,1.30595e-12,4.45622e-13,1.45693e-13,3.94593e-14,3.38101e+00,6.76204e-01,3.38103e-01,1.69053e-01
mos,small,ff,-40,1.2,PASS,none,6.23491e-15,6.23389e-15,6.23063e-15,6.21762e-15,3.78525e+02,7.57053e+01,3.78527e+01,1.89263e+01
mos,mid,ff,-40,1.2,PASS,none,6.12323e-14,5.89523e-14,5.28075e-14,3.72690e-14,2.48907e+01,4.97815e+00,2.48908e+00,1.24454e+00
mos,large,ff,-40,1.2,PASS,none,2.99528e-13,1.15167e-13,3.93944e-14,1.08472e-14,3.74063e+00,7.48127e-01,3.74065e-01,1.87034e-01
mos,xlarge,ff,-40,1.2,PASS,none,1.19811e-12,4.60667e-13,1.57577e-13,4.33890e-14,3.74063e+00,7.48127e-01,3.74065e-01,1.87034e-01
mos,small,ff,-40,1.8,PASS,none,5.63715e-15,5.63641e-15,5.63400e-15,5.62442e-15,4.19430e+02,8.38864e+01,4.19433e+01,2.09716e+01
mos,mid,ff,-40,1.8,PASS,none,5.41637e-14,5.25744e-14,4.81586e-14,3.60477e-14,2.81593e+01,5.63186e+00,2.81594e+00,1.40797e+00
mos,large,ff,-40,1.8,PASS,none,2.64512e-13,1.18737e-13,4.36178e-14,1.23542e-14,4.30679e+00,8.61359e-01,4.30681e-01,2.15341e-01
mos,xlarge,ff,-40,1.8,PASS,none,1.05805e-12,4.74946e-13,1.74471e-13,4.94169e-14,4.30679e+00,8.61359e-01,4.30681e-01,2.15341e-01
mos,small,ff,-40,2.4,PASS,none,5.53981e-15,5.53911e-15,5.53683e-15,5.52774e-15,4.26937e+02,8.53876e+01,4.26938e+01,2.13469e+01
mos,mid,ff,-40,2.4,PASS,none,5.30120e-14,5.15204e-14,4.73564e-14,3.57869e-14,2.87745e+01,5.75490e+00,2.87746e+00,1.43873e+00
mos,large,ff,-40,2.4,PASS,none,2.58641e-13,1.19142e-13,4.43655e-14,1.26380e-14,4.41562e+00,8.83124e-01,4.41563e-01,2.20782e-01
mos,xlarge,ff,-40,2.4,PASS,none,1.03457e-12,4.76568e-13,1.77462e-13,5.05518e-14,4.41562e+00,8.83124e-01,4.41563e-01,2.20782e-01
mos,small,ff,-40,3.0,PASS,none,5.54771e-15,5.54700e-15,5.54472e-15,5.53558e-15,4.26318e+02,8.52638e+01,4.26320e+01,2.13159e+01
mos,mid,ff,-40,3.0,PASS,none,5.31054e-14,5.16061e-14,4.74219e-14,3.58088e-14,2.87236e+01,5.74472e+00,2.87237e+00,1.43618e+00
mos,large,ff,-40,3.0,PASS,none,2.59119e-13,1.19111e-13,4.43042e-14,1.26145e-14,4.40658e+00,8.81317e-01,4.40660e-01,2.20331e-01
mos,xlarge,ff,-40,3.0,PASS,none,1.03648e-12,4.76446e-13,1.77217e-13,5.04579e-14,4.40658e+00,8.81317e-01,4.40660e-01,2.20331e-01
mos,small,ff,-40,3.3,PASS,none,5.55192e-15,5.55121e-15,5.54892e-15,5.53977e-15,4.25988e+02,8.51979e+01,4.25990e+01,2.12995e+01
mos,mid,ff,-40,3.3,PASS,none,5.31553e-14,5.16517e-14,4.74569e-14,3.58204e-14,2.86965e+01,5.73931e+00,2.86966e+00,1.43483e+00
mos,large,ff,-40,3.3,PASS,none,2.59374e-13,1.19095e-13,4.42716e-14,1.26020e-14,4.40178e+00,8.80357e-01,4.40180e-01,2.20091e-01
mos,xlarge,ff,-40,3.3,PASS,none,1.03750e-12,4.76380e-13,1.77086e-13,5.04080e-14,4.40178e+00,8.80357e-01,4.40180e-01,2.20091e-01
mos,small,ff,27,0.0,PASS,none,1.07584e-14,1.07529e-14,1.07359e-14,1.06685e-14,2.17594e+02,4.35189e+01,2.17595e+01,1.08797e+01
mos,mid,ff,27,0.0,PASS,none,1.14403e-13,1.00713e-13,7.33030e-14,3.50961e-14,1.32503e+01,2.65007e+00,1.32504e+00,6.62523e-01
mos,large,ff,27,0.0,PASS,none,4.98294e-13,7.89196e-14,2.17408e-14,5.57738e-15,1.87520e+00,3.75042e-01,1.87522e-01,9.37630e-02
mos,xlarge,ff,27,0.0,PASS,none,1.99318e-12,3.15679e-13,8.69631e-14,2.23095e-14,1.87520e+00,3.75042e-01,1.87522e-01,9.37630e-02
mos,small,ff,27,0.3,PASS,none,8.95466e-15,8.95155e-15,8.94178e-15,8.90292e-15,2.61989e+02,5.23980e+01,2.61990e+01,1.30995e+01
mos,mid,ff,27,0.3,PASS,none,9.32805e-14,8.55676e-14,6.79978e-14,3.73342e-14,1.62869e+01,3.25738e+00,1.62869e+00,8.14348e-01
mos,large,ff,27,0.3,PASS,none,4.33622e-13,9.21701e-14,2.66332e-14,6.92826e-15,2.34061e+00,4.68122e-01,2.34062e-01,1.17033e-01
mos,xlarge,ff,27,0.3,PASS,none,1.73449e-12,3.68680e-13,1.06533e-13,2.77130e-14,2.34061e+00,4.68122e-01,2.34062e-01,1.17033e-01
mos,small,ff,27,0.6,PASS,none,7.51100e-15,7.50919e-15,7.50345e-15,7.48059e-15,3.13199e+02,6.26400e+01,3.13201e+01,1.56600e+01
mos,mid,ff,27,0.6,PASS,none,7.62947e-14,7.19647e-14,6.11239e-14,3.81415e-14,1.99469e+01,3.98938e+00,1.99469e+00,9.97348e-01
mos,large,ff,27,0.6,PASS,none,3.67830e-13,1.04559e-13,3.23044e-14,8.58213e-15,2.92089e+00,5.84179e-01,2.92091e-01,1.46047e-01
mos,xlarge,ff,27,0.6,PASS,none,1.47132e-12,4.18234e-13,1.29217e-13,3.43285e-14,2.92089e+00,5.84179e-01,2.92091e-01,1.46047e-01
mos,small,ff,27,0.9,PASS,none,6.73335e-15,6.73206e-15,6.72794e-15,6.71152e-15,3.50026e+02,7.00055e+01,3.50028e+01,1.75014e+01
mos,mid,ff,27,0.9,PASS,none,6.71205e-14,6.41374e-14,5.63159e-14,3.78519e-14,2.26938e+01,4.53877e+00,2.26939e+00,1.13470e+00
mos,large,ff,27,0.9,PASS,none,3.27292e-13,1.11283e-13,3.63381e-14,9.83747e-15,3.37109e+00,6.74219e-01,3.37111e-01,1.68557e-01
mos,xlarge,ff,27,0.9,PASS,none,1.30917e-12,4.45133e-13,1.45352e-13,3.93499e-14,3.37109e+00,6.74219e-01,3.37111e-01,1.68557e-01
mos,small,ff,27,1.2,PASS,none,6.24535e-15,6.24433e-15,6.24105e-15,6.22797e-15,3.77882e+02,7.55765e+01,3.77883e+01,1.88941e+01
mos,mid,ff,27,1.2,PASS,none,6.13558e-14,5.90622e-14,5.28845e-14,3.72850e-14,2.48403e+01,4.96807e+00,2.48404e+00,1.24202e+00
mos,large,ff,27,1.2,PASS,none,3.00124e-13,1.15092e-13,3.93261e-14,1.08240e-14,3.73206e+00,7.46413e-01,3.73207e-01,1.86605e-01
mos,xlarge,ff,27,1.2,PASS,none,1.20049e-12,4.60367e-13,1.57304e-13,4.32962e-14,3.73206e+00,7.46413e-01,3.73207e-01,1.86605e-01
mos,small,ff,27,1.8,PASS,none,5.66417e-15,5.66341e-15,5.66098e-15,5.65125e-15,4.17393e+02,8.34791e+01,4.17396e+01,2.08698e+01
mos,mid,ff,27,1.8,PASS,none,5.44834e-14,5.28663e-14,4.83790e-14,3.61168e-14,2.79931e+01,5.59864e+00,2.79932e+00,1.39966e+00
mos,large,ff,27,1.8,PASS,none,2.66133e-13,1.18613e-13,4.34132e-14,1.22776e-14,4.27753e+00,8.55507e-01,4.27754e-01,2.13878e-01
mos,xlarge,ff,27,1.8,PASS,none,1.06453e-12,4.74454e-13,1.73653e-13,4.91104e-14,4.27753e+00,8.55507e-01,4.27754e-01,2.13878e-01
mos,small,ff,27,2.4,PASS,none,5.60899e-15,5.60825e-15,5.60589e-15,5.59645e-15,4.21575e+02,8.43155e+01,4.21578e+01,2.10789e+01
mos,mid,ff,27,2.4,PASS,none,5.38305e-14,5.22699e-14,4.79278e-14,3.59742e-14,2.83346e+01,5.66692e+00,2.83347e+00,1.41673e+00
mos,large,ff,27,2.4,PASS,none,2.62818e-13,1.18860e-13,4.38325e-14,1.24351e-14,4.33772e+00,8.67546e-01,4.33774e-01,2.16888e-01
mos,xlarge,ff,27,2.4,PASS,none,1.05127e-12,4.75441e-13,1.75330e-13,4.97403e-14,4.33772e+00,8.67546e-01,4.33774e-01,2.16888e-01
mos,small,ff,27,3.0,PASS,none,5.61111e-15,5.61037e-15,5.60801e-15,5.59855e-15,4.21413e+02,8.42831e+01,4.21416e+01,2.10708e+01
mos,mid,ff,27,3.0,PASS,none,5.38556e-14,5.22928e-14,4.79452e-14,3.59798e-14,2.83213e+01,5.66427e+00,2.83214e+00,1.41607e+00
mos,large,ff,27,3.0,PASS,none,2.62945e-13,1.18851e-13,4.38163e-14,1.24290e-14,4.33538e+00,8.67077e-01,4.33540e-01,2.16771e-01
mos,xlarge,ff,27,3.0,PASS,none,1.05178e-12,4.75404e-13,1.75265e-13,4.97158e-14,4.33538e+00,8.67077e-01,4.33540e-01,2.16771e-01
mos,small,ff,27,3.3,PASS,none,5.61315e-15,5.61241e-15,5.61004e-15,5.60058e-15,4.21256e+02,8.42518e+01,4.21260e+01,2.10629e+01
mos,mid,ff,27,3.3,PASS,none,5.38797e-14,5.23149e-14,4.79619e-14,3.59851e-14,2.83085e+01,5.66171e+00,2.83086e+00,1.41543e+00
mos,large,ff,27,3.3,PASS,none,2.63068e-13,1.18842e-13,4.38007e-14,1.24231e-14,4.33312e+00,8.66626e-01,4.33314e-01,2.16658e-01
mos,xlarge,ff,27,3.3,PASS,none,1.05227e-12,4.75369e-13,1.75203e-13,4.96923e-14,4.33313e+00,8.66626e-01,4.33314e-01,2.16658e-01
mos,small,ff,125,0.0,PASS,none,1.05168e-14,1.05120e-14,1.04966e-14,1.04358e-14,2.26645e+02,4.53290e+01,2.26645e+01,1.13322e+01
mos,mid,ff,125,0.0,PASS,none,1.11586e-13,9.89054e-14,7.29858e-14,3.56331e-14,1.36451e+01,2.72902e+00,1.36451e+00,6.82255e-01
mos,large,ff,125,0.0,PASS,none,4.91012e-13,8.07124e-14,2.23500e-14,5.74197e-15,1.92903e+00,3.85806e-01,1.92903e-01,9.64515e-02
mos,xlarge,ff,125,0.0,PASS,none,1.96405e-12,3.22850e-13,8.93999e-14,2.29679e-14,1.92903e+00,3.85806e-01,1.92903e-01,9.64515e-02
mos,small,ff,125,0.3,PASS,none,8.92520e-15,8.92221e-15,8.91278e-15,8.87529e-15,2.66304e+02,5.32610e+01,2.66306e+01,1.33153e+01
mos,mid,ff,125,0.3,PASS,none,9.29367e-14,8.53480e-14,6.79971e-14,3.75016e-14,1.63988e+01,3.27977e+00,1.63989e+00,8.19942e-01
mos,large,ff,125,0.3,PASS,none,4.32541e-13,9.25656e-14,2.67823e-14,6.96968e-15,2.35255e+00,4.70510e-01,2.35255e-01,1.17628e-01
mos,xlarge,ff,125,0.3,PASS,none,1.73016e-12,3.70262e-13,1.07129e-13,2.78787e-14,2.35255e+00,4.70510e-01,2.35256e-01,1.17628e-01
mos,small,ff,125,0.6,PASS,none,7.54927e-15,7.54745e-15,7.54167e-15,7.51865e-15,3.12858e+02,6.25719e+01,3.12860e+01,1.56430e+01
mos,mid,ff,125,0.6,PASS,none,7.67463e-14,7.23501e-14,6.13654e-14,3.81791e-14,1.98491e+01,3.96982e+00,1.98491e+00,9.92455e-01
mos,large,ff,125,0.6,PASS,none,3.69762e-13,1.04276e-13,3.21470e-14,8.53421e-15,2.90284e+00,5.80569e-01,2.90285e-01,1.45143e-01
mos,xlarge,ff,125,0.6,PASS,none,1.47905e-12,4.17102e-13,1.28588e-13,3.41368e-14,2.90284e+00,5.80569e-01,2.90285e-01,1.45143e-01
mos,small,ff,125,0.9,PASS,none,6.75816e-15,6.75685e-15,6.75270e-15,6.73612e-15,3.48996e+02,6.97994e+01,3.48997e+01,1.74498e+01
mos,mid,ff,125,0.9,PASS,none,6.74135e-14,6.43934e-14,5.64856e-14,3.78788e-14,2.25993e+01,4.51986e+00,2.25993e+00,1.12997e+00
mos,large,ff,125,0.9,PASS,none,3.28642e-13,1.11088e-13,3.62010e-14,9.79333e-15,3.35484e+00,6.70970e-01,3.35486e-01,1.67744e-01
mos,xlarge,ff,125,0.9,PASS,none,1.31457e-12,4.44354e-13,1.44804e-13,3.91733e-14,3.35484e+00,6.70970e-01,3.35486e-01,1.67744e-01
mos,small,ff,125,1.2,PASS,none,6.26304e-15,6.26201e-15,6.25871e-15,6.24554e-15,3.77066e+02,7.54131e+01,3.77066e+01,1.88533e+01
mos,mid,ff,125,1.2,PASS,none,6.15649e-14,5.92492e-14,5.30173e-14,3.73173e-14,2.47602e+01,4.95205e+00,2.47603e+00,1.23801e+00
mos,large,ff,125,1.2,PASS,none,3.01134e-13,1.14974e-13,3.92158e-14,1.07864e-14,3.71789e+00,7.43578e-01,3.71790e-01,1.85896e-01
mos,xlarge,ff,125,1.2,PASS,none,1.20453e-12,4.59897e-13,1.56863e-13,4.31456e-14,3.71789e+00,7.43578e-01,3.71790e-01,1.85896e-01
mos,small,ff,125,1.8,PASS,none,5.77531e-15,5.77451e-15,5.77193e-15,5.76162e-15,4.09474e+02,8.18950e+01,4.09476e+01,2.04737e+01
mos,mid,ff,125,1.8,PASS,none,5.57981e-14,5.40639e-14,4.92776e-14,3.63910e-14,2.73346e+01,5.46693e+00,2.73347e+00,1.36673e+00
mos,large,ff,125,1.8,PASS,none,2.72767e-13,1.18071e-13,4.25901e-14,1.19731e-14,4.16149e+00,8.32300e-01,4.16151e-01,2.08076e-01
mos,xlarge,ff,125,1.8,PASS,none,1.09107e-12,4.72286e-13,1.70360e-13,4.78925e-14,4.16150e+00,8.32300e-01,4.16151e-01,2.08076e-01
mos,small,ff,125,2.4,PASS,none,5.73464e-15,5.73386e-15,5.73133e-15,5.72124e-15,4.12428e+02,8.24860e+01,4.12431e+01,2.06215e+01
mos,mid,ff,125,2.4,PASS,none,5.53171e-14,5.36265e-14,4.89514e-14,3.62949e-14,2.75737e+01,5.51474e+00,2.75738e+00,1.37869e+00
mos,large,ff,125,2.4,PASS,none,2.70347e-13,1.18281e-13,4.28905e-14,1.20834e-14,4.20332e+00,8.40664e-01,4.20333e-01,2.10167e-01
mos,xlarge,ff,125,2.4,PASS,none,1.08139e-12,4.73124e-13,1.71562e-13,4.83336e-14,4.20332e+00,8.40664e-01,4.20333e-01,2.10167e-01
mos,small,ff,125,3.0,PASS,none,5.72805e-15,5.72726e-15,5.72475e-15,5.71470e-15,4.12912e+02,8.25828e+01,4.12915e+01,2.06457e+01
mos,mid,ff,125,3.0,PASS,none,5.52391e-14,5.35555e-14,4.88983e-14,3.62790e-14,2.76129e+01,5.52258e+00,2.76129e+00,1.38065e+00
mos,large,ff,125,3.0,PASS,none,2.69954e-13,1.18314e-13,4.29395e-14,1.21015e-14,4.21018e+00,8.42036e-01,4.21019e-01,2.10510e-01
mos,xlarge,ff,125,3.0,PASS,none,1.07982e-12,4.73257e-13,1.71758e-13,4.84058e-14,4.21018e+00,8.42036e-01,4.21019e-01,2.10510e-01
mos,small,ff,125,3.3,PASS,none,5.72665e-15,5.72587e-15,5.72335e-15,5.71331e-15,4.13015e+02,8.26034e+01,4.13017e+01,2.06508e+01
mos,mid,ff,125,3.3,PASS,none,5.52226e-14,5.35405e-14,4.88871e-14,3.62757e-14,2.76212e+01,5.52424e+00,2.76212e+00,1.38106e+00
mos,large,ff,125,3.3,PASS,none,2.69871e-13,1.18321e-13,4.29499e-14,1.21053e-14,4.21163e+00,8.42327e-01,4.21165e-01,2.10583e-01
mos,xlarge,ff,125,3.3,PASS,none,1.07948e-12,4.73285e-13,1.71799e-13,4.84212e-14,4.21163e+00,8.42327e-01,4.21165e-01,2.10583e-01
mos,small,sf,-40,0.0,PASS,none,1.04656e-14,1.04606e-14,1.04450e-14,1.03828e-14,2.23635e+02,4.47272e+01,2.23636e+01,1.11818e+01
mos,mid,sf,-40,0.0,PASS,none,1.11178e-13,9.85319e-14,7.26923e-14,3.54774e-14,1.36379e+01,2.72758e+00,1.36379e+00,6.81899e-01
mos,large,sf,-40,0.0,PASS,none,4.89969e-13,8.06838e-14,2.23478e-14,5.74195e-15,1.93162e+00,3.86326e-01,1.93164e-01,9.65841e-02
mos,xlarge,sf,-40,0.0,PASS,none,1.95988e-12,3.22735e-13,8.93912e-14,2.29678e-14,1.93162e+00,3.86326e-01,1.93164e-01,9.65841e-02
mos,small,sf,-40,0.3,PASS,none,8.67925e-15,8.67642e-15,8.66753e-15,8.63216e-15,2.70407e+02,5.40816e+01,2.70408e+01,1.35204e+01
mos,mid,sf,-40,0.3,PASS,none,9.01965e-14,8.31882e-14,6.69354e-14,3.75727e-14,1.68488e+01,3.36976e+00,1.68488e+00,8.42444e-01
mos,large,sf,-40,0.3,PASS,none,4.22943e-13,9.42617e-14,2.74936e-14,7.17234e-15,2.42546e+00,4.85094e-01,2.42548e-01,1.21276e-01
mos,xlarge,sf,-40,0.3,PASS,none,1.69177e-12,3.77047e-13,1.09974e-13,2.86894e-14,2.42546e+00,4.85094e-01,2.42548e-01,1.21276e-01
mos,small,sf,-40,0.6,PASS,none,7.34439e-15,7.34269e-15,7.33734e-15,7.31598e-15,3.20423e+02,6.40850e+01,3.20425e+01,1.60212e+01
mos,mid,sf,-40,0.6,PASS,none,7.44485e-14,7.04152e-14,6.02201e-14,3.81347e-14,2.04452e+01,4.08905e+00,2.04453e+00,1.02227e+00
mos,large,sf,-40,0.6,PASS,none,3.60272e-13,1.05883e-13,3.30209e-14,8.79962e-15,2.99823e+00,5.99647e-01,2.99824e-01,1.49914e-01
mos,xlarge,sf,-40,0.6,PASS,none,1.44109e-12,4.23532e-13,1.32083e-13,3.51985e-14,2.99823e+00,5.99647e-01,2.99824e-01,1.49914e-01
mos,small,sf,-40,0.9,PASS,none,6.62575e-15,6.62452e-15,6.62060e-15,6.60495e-15,3.55810e+02,7.11625e+01,3.55813e+01,1.77906e+01
mos,mid,sf,-40,0.9,PASS,none,6.59498e-14,6.31162e-14,5.56447e-14,3.77637e-14,2.30994e+01,4.61988e+00,2.30994e+00,1.15497e+00
mos,large,sf,-40,0.9,PASS,none,3.22175e-13,1.12053e-13,3.68825e-14,1.00132e-14,3.43490e+00,6.86982e-01,3.43492e-01,1.71747e-01
mos,xlarge,sf,-40,0.9,PASS,none,1.28870e-12,4.48211e-13,1.47530e-13,4.00529e-14,3.43490e+00,6.86982e-01,3.43492e-01,1.71747e-01
mos,small,sf,-40,1.2,PASS,none,6.16549e-15,6.16450e-15,6.16135e-15,6.14877e-15,3.82865e+02,7.65731e+01,3.82866e+01,1.91433e+01
mos,mid,sf,-40,1.2,PASS,none,6.05001e-14,5.82991e-14,5.23480e-14,3.71707e-14,2.51938e+01,5.03877e+00,2.51939e+00,1.25969e+00
mos,large,sf,-40,1.2,PASS,none,2.96258e-13,1.15571e-13,3.97712e-14,1.09759e-14,3.78826e+00,7.57654e-01,3.78828e-01,1.89415e-01
mos,xlarge,sf,-40,1.2,PASS,none,1.18503e-12,4.62285e-13,1.59085e-13,4.39038e-14,3.78826e+00,7.57654e-01,3.78828e-01,1.89415e-01
mos,small,sf,-40,1.8,PASS,none,5.58959e-15,5.58887e-15,5.58653e-15,5.57719e-15,4.23063e+02,8.46132e+01,4.23067e+01,2.11533e+01
mos,mid,sf,-40,1.8,PASS,none,5.36747e-14,5.21274e-14,4.78195e-14,3.59392e-14,2.84173e+01,5.68346e+00,2.84173e+00,1.42087e+00
mos,large,sf,-40,1.8,PASS,none,2.62265e-13,1.18899e-13,4.39027e-14,1.24616e-14,4.34790e+00,8.69582e-01,4.34792e-01,2.17397e-01
mos,xlarge,sf,-40,1.8,PASS,none,1.04906e-12,4.75597e-13,1.75611e-13,4.98466e-14,4.34790e+00,8.69582e-01,4.34792e-01,2.17397e-01
mos,small,sf,-40,2.4,PASS,none,5.47580e-15,5.47512e-15,5.47292e-15,5.46414e-15,4.32017e+02,8.64042e+01,4.32022e+01,2.16010e+01
mos,mid,sf,-40,2.4,PASS,none,5.23252e-14,5.08900e-14,4.68722e-14,3.56226e-14,2.91542e+01,5.83085e+00,2.91543e+00,1.45771e+00
mos,large,sf,-40,2.4,PASS,none,2.55353e-13,1.19340e-13,4.47891e-14,1.28013e-14,4.47864e+00,8.95728e-01,4.47865e-01,2.23933e-01
mos,xlarge,sf,-40,2.4,PASS,none,1.02141e-12,4.77362e-13,1.79156e-13,5.12054e-14,4.47864e+00,8.95728e-01,4.47865e-01,2.23933e-01
mos,small,sf,-40,3.0,PASS,none,5.48146e-15,5.48078e-15,5.47857e-15,5.46977e-15,4.31563e+02,8.63134e+01,4.31567e+01,2.15783e+01
mos,mid,sf,-40,3.0,PASS,none,5.23924e-14,5.09517e-14,4.69197e-14,3.56389e-14,2.91167e+01,5.82334e+00,2.91168e+00,1.45584e+00
mos,large,sf,-40,3.0,PASS,none,2.55698e-13,1.19321e-13,4.47445e-14,1.27840e-14,4.47195e+00,8.94391e-01,4.47196e-01,2.23599e-01
mos,xlarge,sf,-40,3.0,PASS,none,1.02279e-12,4.77282e-13,1.78978e-13,5.11362e-14,4.47195e+00,8.94391e-01,4.47196e-01,2.23599e-01
mos,small,sf,-40,3.3,PASS,none,5.48499e-15,5.48431e-15,5.48210e-15,5.47328e-15,4.31280e+02,8.62568e+01,4.31284e+01,2.15642e+01
mos,mid,sf,-40,3.3,PASS,none,5.24342e-14,5.09901e-14,4.69493e-14,3.56491e-14,2.90933e+01,5.81867e+00,2.90934e+00,1.45467e+00
mos,large,sf,-40,3.3,PASS,none,2.55913e-13,1.19308e-13,4.47167e-14,1.27733e-14,4.46779e+00,8.93558e-01,4.46780e-01,2.23391e-01
mos,xlarge,sf,-40,3.3,PASS,none,1.02365e-12,4.77233e-13,1.78867e-13,5.10931e-14,4.46779e+00,8.93558e-01,4.46780e-01,2.23391e-01
mos,small,sf,27,0.0,PASS,none,1.02865e-14,1.02817e-14,1.02669e-14,1.02079e-14,2.27705e+02,4.55411e+01,2.27706e+01,1.13853e+01
mos,mid,sf,27,0.0,PASS,none,1.09080e-13,9.70905e-14,7.22682e-14,3.57297e-14,1.39053e+01,2.78106e+00,1.39054e+00,6.95271e-01
mos,large,sf,27,0.0,PASS,none,4.84112e-13,8.19238e-14,2.27811e-14,5.85986e-15,1.97197e+00,3.94395e-01,1.97199e-01,9.86011e-02
mos,xlarge,sf,27,0.0,PASS,none,1.93645e-12,3.27695e-13,9.11242e-14,2.34394e-14,1.97197e+00,3.94395e-01,1.97199e-01,9.86011e-02
mos,small,sf,27,0.3,PASS,none,8.67449e-15,8.67167e-15,8.66280e-15,8.62749e-15,2.70581e+02,5.41165e+01,2.70583e+01,1.35291e+01
mos,mid,sf,27,0.3,PASS,none,9.01405e-14,8.31449e-14,6.69161e-14,3.75777e-14,1.68597e+01,3.37194e+00,1.68598e+00,8.42990e-01
mos,large,sf,27,0.3,PASS,none,4.22739e-13,9.43026e-14,2.75106e-14,7.17719e-15,2.42713e+00,4.85428e-01,2.42715e-01,1.21359e-01
mos,xlarge,sf,27,0.3,PASS,none,1.69096e-12,3.77210e-13,1.10042e-13,2.87088e-14,2.42713e+00,4.85428e-01,2.42715e-01,1.21359e-01
mos,small,sf,27,0.6,PASS,none,7.36717e-15,7.36546e-15,7.36006e-15,7.33850e-15,3.19417e+02,6.38838e+01,3.19419e+01,1.59709e+01
mos,mid,sf,27,0.6,PASS,none,7.47178e-14,7.06420e-14,6.03539e-14,3.81372e-14,2.03711e+01,4.07422e+00,2.03711e+00,1.01856e+00
mos,large,sf,27,0.6,PASS,none,3.61431e-13,1.05682e-13,3.29100e-14,8.76582e-15,2.98619e+00,5.97239e-01,2.98621e-01,1.49312e-01
mos,xlarge,sf,27,0.6,PASS,none,1.44572e-12,4.22727e-13,1.31640e-13,3.50633e-14,2.98619e+00,5.97239e-01,2.98621e-01,1.49312e-01
mos,small,sf,27,0.9,PASS,none,6.63959e-15,6.63835e-15,6.63440e-15,6.61866e-15,3.55057e+02,7.10117e+01,3.55059e+01,1.77529e+01
mos,mid,sf,27,0.9,PASS,none,6.61135e-14,6.32593e-14,5.57394e-14,3.77768e-14,2.30418e+01,4.60836e+00,2.30419e+00,1.15209e+00
mos,large,sf,27,0.9,PASS,none,3.22936e-13,1.11940e-13,3.68010e-14,9.98680e-15,3.42530e+00,6.85060e-01,3.42531e-01,1.71267e-01
mos,xlarge,sf,27,0.9,PASS,none,1.29174e-12,4.47758e-13,1.47204e-13,3.99472e-14,3.42530e+00,6.85060e-01,3.42531e-01,1.71267e-01
mos,small,sf,27,1.2,PASS,none,6.17537e-15,6.17438e-15,6.17122e-15,6.15858e-15,3.82241e+02,7.64485e+01,3.82243e+01,1.91121e+01
mos,mid,sf,27,1.2,PASS,none,6.06171e-14,5.84037e-14,5.24218e-14,3.71868e-14,2.51449e+01,5.02898e+00,2.51449e+00,1.25725e+00
mos,large,sf,27,1.2,PASS,none,2.96827e-13,1.15502e-13,3.97054e-14,1.09534e-14,3.77991e+00,7.55983e-01,3.77993e-01,1.88998e-01
mos,xlarge,sf,27,1.2,PASS,none,1.18731e-12,4.62008e-13,1.58822e-13,4.38136e-14,3.77991e+00,7.55983e-01,3.77993e-01,1.88998e-01
mos,small,sf,27,1.8,PASS,none,5.60904e-15,5.60831e-15,5.60594e-15,5.59650e-15,4.21571e+02,8.43147e+01,4.21574e+01,2.10787e+01
mos,mid,sf,27,1.8,PASS,none,5.39053e-14,5.23383e-14,4.79797e-14,3.59908e-14,2.82950e+01,5.65901e+00,2.82951e+00,1.41476e+00
mos,large,sf,27,1.8,PASS,none,2.63440e-13,1.18815e-13,4.37535e-14,1.24053e-14,4.32632e+00,8.65266e-01,4.32634e-01,2.16318e-01
mos,xlarge,sf,27,1.8,PASS,none,1.05376e-12,4.75261e-13,1.75014e-13,4.96212e-14,4.32632e+00,8.65266e-01,4.32634e-01,2.16318e-01
mos,small,sf,27,2.4,PASS,none,5.54289e-15,5.54219e-15,5.53990e-15,5.53080e-15,4.26693e+02,8.53394e+01,4.26698e+01,2.13348e+01
mos,mid,sf,27,2.4,PASS,none,5.31209e-14,5.16202e-14,4.74328e-14,3.58124e-14,2.87152e+01,5.74304e+00,2.87153e+00,1.43576e+00
mos,large,sf,27,2.4,PASS,none,2.59436e-13,1.19091e-13,4.42638e-14,1.25990e-14,4.40062e+00,8.80126e-01,4.40064e-01,2.20033e-01
mos,xlarge,sf,27,2.4,PASS,none,1.03774e-12,4.76364e-13,1.77055e-13,5.03960e-14,4.40062e+00,8.80126e-01,4.40064e-01,2.20033e-01
mos,small,sf,27,3.0,PASS,none,5.54308e-15,5.54237e-15,5.54009e-15,5.53098e-15,4.26679e+02,8.53366e+01,4.26683e+01,2.13341e+01
mos,mid,sf,27,3.0,PASS,none,5.31230e-14,5.16222e-14,4.74343e-14,3.58129e-14,2.87140e+01,5.74281e+00,2.87141e+00,1.43570e+00
mos,large,sf,27,3.0,PASS,none,2.59447e-13,1.19090e-13,4.42623e-14,1.25984e-14,4.40041e+00,8.80084e-01,4.40043e-01,2.20022e-01
mos,xlarge,sf,27,3.0,PASS,none,1.03779e-12,4.76361e-13,1.77049e-13,5.03938e-14,4.40042e+00,8.80084e-01,4.40043e-01,2.20022e-01
mos,small,sf,27,3.3,PASS,none,5.54452e-15,5.54381e-15,5.54153e-15,5.53241e-15,4.26568e+02,8.53140e+01,4.26570e+01,2.13285e+01
mos,mid,sf,27,3.3,PASS,none,5.31401e-14,5.16379e-14,4.74463e-14,3.58169e-14,2.87047e+01,5.74095e+00,2.87048e+00,1.43524e+00
mos,large,sf,27,3.3,PASS,none,2.59534e-13,1.19085e-13,4.42511e-14,1.25942e-14,4.39877e+00,8.79755e-01,4.39878e-01,2.19940e-01
mos,xlarge,sf,27,3.3,PASS,none,1.03814e-12,4.76338e-13,1.77005e-13,5.03766e-14,4.39877e+00,8.79755e-01,4.39878e-01,2.19940e-01
mos,small,sf,125,0.0,PASS,none,1.00714e-14,1.00671e-14,1.00537e-14,1.00002e-14,2.36660e+02,4.73321e+01,2.36661e+01,1.18330e+01
mos,mid,sf,125,0.0,PASS,none,1.06563e-13,9.54115e-14,7.18992e-14,3.62081e-14,1.42950e+01,2.85899e+00,1.42950e+00,7.14748e-01
mos,large,sf,125,0.0,PASS,none,4.77065e-13,8.36280e-14,2.33782e-14,6.02247e-15,2.02518e+00,4.05037e-01,2.02519e-01,1.01259e-01
mos,xlarge,sf,125,0.0,PASS,none,1.90826e-12,3.34512e-13,9.35127e-14,2.40899e-14,2.02518e+00,4.05037e-01,2.02519e-01,1.01259e-01
mos,small,sf,125,0.3,PASS,none,8.64815e-15,8.64543e-15,8.63686e-15,8.60273e-15,2.74838e+02,5.49679e+01,2.74840e+01,1.37420e+01
mos,mid,sf,125,0.3,PASS,none,8.98321e-14,8.29433e-14,6.69090e-14,3.77321e-14,1.69696e+01,3.39392e+00,1.69696e+00,8.48479e-01
mos,large,sf,125,0.3,PASS,none,4.21729e-13,9.46768e-14,2.76555e-14,7.21775e-15,2.43878e+00,4.87756e-01,2.43878e-01,1.21939e-01
mos,xlarge,sf,125,0.3,PASS,none,1.68691e-12,3.78707e-13,1.10622e-13,2.88710e-14,2.43878e+00,4.87756e-01,2.43878e-01,1.21939e-01
mos,small,sf,125,0.6,PASS,none,7.40172e-15,7.40000e-15,7.39456e-15,7.37286e-15,3.19191e+02,6.38383e+01,3.19192e+01,1.59596e+01
mos,mid,sf,125,0.6,PASS,none,7.51263e-14,7.09936e-14,6.05797e-14,3.81785e-14,2.02803e+01,4.05607e+00,2.02804e+00,1.01402e+00
mos,large,sf,125,0.6,PASS,none,3.63208e-13,1.05431e-13,3.27644e-14,8.72103e-15,2.96918e+00,5.93836e-01,2.96919e-01,1.48460e-01
mos,xlarge,sf,125,0.6,PASS,none,1.45283e-12,4.21725e-13,1.31058e-13,3.48841e-14,2.96918e+00,5.93836e-01,2.96919e-01,1.48460e-01
mos,small,sf,125,0.9,PASS,none,6.66262e-15,6.66137e-15,6.65739e-15,6.64151e-15,3.54082e+02,7.08169e+01,3.54085e+01,1.77042e+01
mos,mid,sf,125,0.9,PASS,none,6.63862e-14,6.34986e-14,5.59001e-14,3.78047e-14,2.29512e+01,4.59025e+00,2.29513e+00,1.14757e+00
mos,large,sf,125,0.9,PASS,none,3.24204e-13,1.11762e-13,3.66707e-14,9.94450e-15,3.40967e+00,6.81935e-01,3.40969e-01,1.70485e-01
mos,xlarge,sf,125,0.9,PASS,none,1.29682e-12,4.47047e-13,1.46683e-13,3.97780e-14,3.40967e+00,6.81935e-01,3.40969e-01,1.70485e-01
mos,small,sf,125,1.2,PASS,none,6.19199e-15,6.19100e-15,6.18781e-15,6.17508e-15,3.81464e+02,7.62931e+01,3.81466e+01,1.90733e+01
mos,mid,sf,125,1.2,PASS,none,6.08141e-14,5.85803e-14,5.25484e-14,3.72191e-14,2.50677e+01,5.01355e+00,2.50678e+00,1.25339e+00
mos,large,sf,125,1.2,PASS,none,2.97784e-13,1.15395e-13,3.96000e-14,1.09171e-14,3.76621e+00,7.53244e-01,3.76623e-01,1.88312e-01
mos,xlarge,sf,125,1.2,PASS,none,1.19114e-12,4.61579e-13,1.58400e-13,4.36686e-14,3.76621e+00,7.53244e-01,3.76623e-01,1.88312e-01
mos,small,sf,125,1.8,PASS,none,5.70930e-15,5.70852e-15,5.70603e-15,5.69608e-15,4.14288e+02,8.28582e+01,4.14292e+01,2.07145e+01
mos,mid,sf,125,1.8,PASS,none,5.50940e-14,5.34234e-14,4.87994e-14,3.62493e-14,2.76859e+01,5.53719e+00,2.76860e+00,1.38430e+00
mos,large,sf,125,1.8,PASS,none,2.69470e-13,1.18355e-13,4.29998e-14,1.21237e-14,4.21865e+00,8.43730e-01,4.21866e-01,2.10934e-01
mos,xlarge,sf,125,1.8,PASS,none,1.07788e-12,4.73418e-13,1.71999e-13,4.84950e-14,4.21865e+00,8.43730e-01,4.21866e-01,2.10934e-01
mos,small,sf,125,2.4,PASS,none,5.66458e-15,5.66382e-15,5.66139e-15,5.65167e-15,4.17617e+02,8.35239e+01,4.17620e+01,2.08810e+01
mos,mid,sf,125,2.4,PASS,none,5.45638e-14,5.29402e-14,4.84362e-14,3.61382e-14,2.79565e+01,5.59130e+00,2.79565e+00,1.39783e+00
mos,large,sf,125,2.4,PASS,none,2.66787e-13,1.18571e-13,4.33359e-14,1.22485e-14,4.26613e+00,8.53227e-01,4.26614e-01,2.13308e-01
mos,xlarge,sf,125,2.4,PASS,none,1.06715e-12,4.74286e-13,1.73344e-13,4.89939e-14,4.26613e+00,8.53227e-01,4.26614e-01,2.13308e-01
mos,small,sf,125,3.0,PASS,none,5.65653e-15,5.65578e-15,5.65335e-15,5.64368e-15,4.18220e+02,8.36449e+01,4.18225e+01,2.09112e+01
mos,mid,sf,125,3.0,PASS,none,5.44683e-14,5.28531e-14,4.83705e-14,3.61178e-14,2.80057e+01,5.60115e+00,2.80058e+00,1.40029e+00
mos,large,sf,125,3.0,PASS,none,2.66303e-13,1.18609e-13,4.33968e-14,1.22712e-14,4.27479e+00,8.54958e-01,4.27480e-01,2.13741e-01
mos,xlarge,sf,125,3.0,PASS,none,1.06521e-12,4.74437e-13,1.73587e-13,4.90847e-14,4.27479e+00,8.54958e-01,4.27480e-01,2.13741e-01
mos,small,sf,125,3.3,PASS,none,5.65467e-15,5.65392e-15,5.65150e-15,5.64183e-15,4.18362e+02,8.36730e+01,4.18366e+01,2.09182e+01
mos,mid,sf,125,3.3,PASS,none,5.44463e-14,5.28330e-14,4.83554e-14,3.61131e-14,2.80171e+01,5.60343e+00,2.80172e+00,1.40086e+00
mos,large,sf,125,3.3,PASS,none,2.66191e-13,1.18618e-13,4.34109e-14,1.22765e-14,4.27679e+00,8.55360e-01,4.27681e-01,2.13841e-01
mos,xlarge,sf,125,3.3,PASS,none,1.06476e-12,4.74472e-13,1.73644e-13,4.91058e-14,4.27680e+00,8.55360e-01,4.27681e-01,2.13841e-01
mos,small,fs,-40,0.0,PASS,none,1.08307e-14,1.08251e-14,1.08078e-14,1.07389e-14,2.15996e+02,4.31993e+01,2.15997e+01,1.07998e+01
mos,mid,fs,-40,0.0,PASS,none,1.15247e-13,1.01272e-13,7.34429e-14,3.49865e-14,1.31502e+01,2.63005e+00,1.31503e+00,6.57517e-01
mos,large,fs,-40,0.0,PASS,none,5.00482e-13,7.84416e-14,2.15785e-14,5.53354e-15,1.86029e+00,3.72059e-01,1.86031e-01,9.30174e-02
mos,xlarge,fs,-40,0.0,PASS,none,2.00193e-12,3.13767e-13,8.63140e-14,2.21342e-14,1.86029e+00,3.72059e-01,1.86031e-01,9.30174e-02
mos,small,fs,-40,0.3,PASS,none,8.91076e-15,8.90770e-15,8.89808e-15,8.85978e-15,2.63274e+02,5.26550e+01,2.63275e+01,1.31637e+01
mos,mid,fs,-40,0.3,PASS,none,9.27650e-14,8.51725e-14,6.78250e-14,3.73754e-14,1.63779e+01,3.27558e+00,1.63779e+00,8.18899e-01
mos,large,fs,-40,0.3,PASS,none,4.31805e-13,9.25266e-14,2.67778e-14,6.96913e-15,2.35481e+00,4.70963e-01,2.35483e-01,1.17743e-01
mos,xlarge,fs,-40,0.3,PASS,none,1.72722e-12,3.70106e-13,1.07111e-13,2.78765e-14,2.35481e+00,4.70963e-01,2.35483e-01,1.17743e-01
mos,small,fs,-40,0.6,PASS,none,7.46460e-15,7.46282e-15,7.45720e-15,7.43476e-15,3.15177e+02,6.30356e+01,3.15178e+01,1.57589e+01
mos,mid,fs,-40,0.6,PASS,none,7.57479e-14,7.15071e-14,6.08594e-14,3.81419e-14,2.00919e+01,4.01839e+00,2.00920e+00,1.00460e+00
mos,large,fs,-40,0.6,PASS,none,3.65509e-13,1.04968e-13,3.25227e-14,8.64818e-15,2.94435e+00,5.88871e-01,2.94437e-01,1.47220e-01
mos,xlarge,fs,-40,0.6,PASS,none,1.46204e-12,4.19872e-13,1.30091e-13,3.45927e-14,2.94435e+00,5.88871e-01,2.94437e-01,1.47220e-01
mos,small,fs,-40,0.9,PASS,none,6.70518e-15,6.70390e-15,6.69984e-15,6.68362e-15,3.51522e+02,7.03047e+01,3.51524e+01,1.75762e+01
mos,mid,fs,-40,0.9,PASS,none,6.67879e-14,6.38478e-14,5.61265e-14,3.78281e-14,2.28076e+01,4.56153e+00,2.28077e+00,1.14039e+00
mos,large,fs,-40,0.9,PASS,none,3.25759e-13,1.11516e-13,3.65003e-14,9.88966e-15,3.39002e+00,6.78005e-01,3.39004e-01,1.69503e-01
mos,xlarge,fs,-40,0.9,PASS,none,1.30304e-12,4.46064e-13,1.46001e-13,3.95586e-14,3.39002e+00,6.78005e-01,3.39004e-01,1.69503e-01
mos,small,fs,-40,1.2,PASS,none,6.22523e-15,6.22421e-15,6.22097e-15,6.20802e-15,3.79123e+02,7.58251e+01,3.79126e+01,1.89563e+01
mos,mid,fs,-40,1.2,PASS,none,6.11179e-14,5.88504e-14,5.27361e-14,3.72540e-14,2.49376e+01,4.98752e+00,2.49376e+00,1.24688e+00
mos,large,fs,-40,1.2,PASS,none,2.98976e-13,1.15236e-13,3.94578e-14,1.08688e-14,3.74861e+00,7.49723e-01,3.74863e-01,1.87432e-01
mos,xlarge,fs,-40,1.2,PASS,none,1.19590e-12,4.60944e-13,1.57831e-13,4.34753e-14,3.74861e+00,7.49723e-01,3.74863e-01,1.87432e-01
mos,small,fs,-40,1.8,PASS,none,5.63057e-15,5.62983e-15,5.62744e-15,5.61789e-15,4.19927e+02,8.39862e+01,4.19932e+01,2.09965e+01
mos,mid,fs,-40,1.8,PASS,none,5.40859e-14,5.25033e-14,4.81048e-14,3.60307e-14,2.82000e+01,5.64001e+00,2.82001e+00,1.41000e+00
mos,large,fs,-40,1.8,PASS,none,2.64116e-13,1.18766e-13,4.36678e-14,1.23730e-14,4.31398e+00,8.62796e-01,4.31399e-01,2.15700e-01
mos,xlarge,fs,-40,1.8,PASS,none,1.05647e-12,4.75063e-13,1.74671e-13,4.94921e-14,4.31398e+00,8.62796e-01,4.31399e-01,2.15700e-01
mos,small,fs,-40,2.4,PASS,none,5.52343e-15,5.52273e-15,5.52047e-15,5.51146e-15,4.28225e+02,8.56456e+01,4.28228e+01,2.14114e+01
mos,mid,fs,-40,2.4,PASS,none,5.28181e-14,5.13425e-14,4.72201e-14,3.57412e-14,2.88807e+01,5.77615e+00,2.88808e+00,1.44404e+00
mos,large,fs,-40,2.4,PASS,none,2.57649e-13,1.19204e-13,4.44930e-14,1.26869e-14,4.43448e+00,8.86897e-01,4.43450e-01,2.21726e-01
mos,xlarge,fs,-40,2.4,PASS,none,1.03059e-12,4.76817e-13,1.77972e-13,5.07477e-14,4.43448e+00,8.86897e-01,4.43450e-01,2.21726e-01
mos,small,fs,-40,3.0,PASS,none,5.53051e-15,5.52981e-15,5.52755e-15,5.51850e-15,4.27665e+02,8.55338e+01,4.27670e+01,2.13834e+01
mos,mid,fs,-40,3.0,PASS,none,5.29019e-14,5.14195e-14,4.72791e-14,3.57611e-14,2.88347e+01,5.76694e+00,2.88348e+00,1.44174e+00
mos,large,fs,-40,3.0,PASS,none,2.58078e-13,1.19178e-13,4.44378e-14,1.26657e-14,4.42630e+00,8.85261e-01,4.42632e-01,2.21317e-01
mos,xlarge,fs,-40,3.0,PASS,none,1.03231e-12,4.76710e-13,1.77751e-13,5.06628e-14,4.42630e+00,8.85261e-01,4.42632e-01,2.21317e-01
mos,small,fs,-40,3.3,PASS,none,5.53450e-15,5.53380e-15,5.53153e-15,5.52246e-15,4.27352e+02,8.54710e+01,4.27356e+01,2.13677e+01
mos,mid,fs,-40,3.3,PASS,none,5.29491e-14,5.14628e-14,4.73123e-14,3.57722e-14,2.88088e+01,5.76177e+00,2.88089e+00,1.44044e+00
mos,large,fs,-40,3.3,PASS,none,2.58320e-13,1.19162e-13,4.44068e-14,1.26538e-14,4.42171e+00,8.84344e-01,4.42173e-01,2.21087e-01
mos,xlarge,fs,-40,3.3,PASS,none,1.03328e-12,4.76650e-13,1.77627e-13,5.06152e-14,4.42171e+00,8.84344e-01,4.42173e-01,2.21087e-01
mos,small,fs,27,0.0,PASS,none,1.06350e-14,1.06297e-14,1.06133e-14,1.05481e-14,2.20152e+02,4.40305e+01,2.20153e+01,1.10076e+01
mos,mid,fs,27,0.0,PASS,none,1.12962e-13,9.97458e-14,7.30414e-14,3.52706e-14,1.34216e+01,2.68433e+00,1.34217e+00,6.71087e-01
mos,large,fs,27,0.0,PASS,none,4.94476e-13,7.97354e-14,2.20200e-14,5.65296e-15,1.90107e+00,3.80215e-01,1.90109e-01,9.50562e-02
mos,xlarge,fs,27,0.0,PASS,none,1.97790e-12,3.18942e-13,8.80798e-14,2.26119e-14,1.90107e+00,3.80215e-01,1.90109e-01,9.50562e-02
mos,small,fs,27,0.3,PASS,none,8.90245e-15,8.89940e-15,8.88980e-15,8.85162e-15,2.63549e+02,5.27101e+01,2.63551e+01,1.31775e+01
mos,mid,fs,27,0.3,PASS,none,9.26674e-14,8.50980e-14,6.77930e-14,3.73844e-14,1.63957e+01,3.27914e+00,1.63957e+00,8.19789e-01
mos,large,fs,27,0.3,PASS,none,4.31461e-13,9.25957e-14,2.68058e-14,6.97705e-15,2.35754e+00,4.71510e-01,2.35756e-01,1.17880e-01
mos,xlarge,fs,27,0.3,PASS,none,1.72585e-12,3.70383e-13,1.07223e-13,2.79082e-14,2.35754e+00,4.71510e-01,2.35756e-01,1.17880e-01
mos,small,fs,27,0.6,PASS,none,7.48914e-15,7.48734e-15,7.48166e-15,7.45900e-15,3.14129e+02,6.28260e+01,3.14130e+01,1.57065e+01
mos,mid,fs,27,0.6,PASS,none,7.60371e-14,7.17493e-14,6.09997e-14,3.81419e-14,2.00150e+01,4.00300e+00,2.00150e+00,1.00075e+00
mos,large,fs,27,0.6,PASS,none,3.66738e-13,1.04752e-13,3.24069e-14,8.61313e-15,2.93190e+00,5.86381e-01,2.93191e-01,1.46597e-01
mos,xlarge,fs,27,0.6,PASS,none,1.46695e-12,4.19006e-13,1.29628e-13,3.44525e-14,2.93190e+00,5.86381e-01,2.93191e-01,1.46597e-01
mos,small,fs,27,0.9,PASS,none,6.71979e-15,6.71850e-15,6.71441e-15,6.69809e-15,3.50745e+02,7.01493e+01,3.50747e+01,1.75373e+01
mos,mid,fs,27,0.9,PASS,none,6.69604e-14,6.39980e-14,5.62249e-14,3.78406e-14,2.27485e+01,4.54970e+00,2.27485e+00,1.13743e+00
mos,large,fs,27,0.9,PASS,none,3.26555e-13,1.11395e-13,3.64160e-14,9.86253e-15,3.38018e+00,6.76037e-01,3.38020e-01,1.69011e-01
mos,xlarge,fs,27,0.9,PASS,none,1.30622e-12,4.45581e-13,1.45664e-13,3.94501e-14,3.38018e+00,6.76037e-01,3.38020e-01,1.69011e-01
mos,small,fs,27,1.2,PASS,none,6.23556e-15,6.23454e-15,6.23127e-15,6.21826e-15,3.78486e+02,7.56974e+01,3.78488e+01,1.89243e+01
mos,mid,fs,27,1.2,PASS,none,6.12400e-14,5.89591e-14,5.28123e-14,3.72700e-14,2.48876e+01,4.97752e+00,2.48876e+00,1.24438e+00
mos,large,fs,27,1.2,PASS,none,2.99565e-13,1.15162e-13,3.93901e-14,1.08458e-14,3.74010e+00,7.48021e-01,3.74012e-01,1.87007e-01
mos,xlarge,fs,27,1.2,PASS,none,1.19826e-12,4.60649e-13,1.57561e-13,4.33832e-14,3.74010e+00,7.48021e-01,3.74012e-01,1.87007e-01
mos,small,fs,27,1.8,PASS,none,5.65343e-15,5.65267e-15,5.65025e-15,5.64058e-15,4.18200e+02,8.36406e+01,4.18204e+01,2.09101e+01
mos,mid,fs,27,1.8,PASS,none,5.43563e-14,5.27503e-14,4.82915e-14,3.60895e-14,2.80590e+01,5.61180e+00,2.80590e+00,1.40295e+00
mos,large,fs,27,1.8,PASS,none,2.65489e-13,1.18663e-13,4.34944e-14,1.23080e-14,4.28912e+00,8.57824e-01,4.28913e-01,2.14458e-01
mos,xlarge,fs,27,1.8,PASS,none,1.06195e-12,4.74652e-13,1.73978e-13,4.92318e-14,4.28912e+00,8.57824e-01,4.28913e-01,2.14458e-01
mos,small,fs,27,2.4,PASS,none,5.59209e-15,5.59136e-15,5.58902e-15,5.57966e-15,4.22872e+02,8.45750e+01,4.22876e+01,2.11437e+01
mos,mid,fs,27,2.4,PASS,none,5.36305e-14,5.20870e-14,4.77887e-14,3.59293e-14,2.84408e+01,5.68817e+00,2.84409e+00,1.42204e+00
mos,large,fs,27,2.4,PASS,none,2.61799e-13,1.18932e-13,4.39619e-14,1.24841e-14,4.35650e+00,8.71301e-01,4.35652e-01,2.17827e-01
mos,xlarge,fs,27,2.4,PASS,none,1.04720e-12,4.75728e-13,1.75848e-13,4.99363e-14,4.35650e+00,8.71301e-01,4.35652e-01,2.17827e-01
mos,small,fs,27,3.0,PASS,none,5.59347e-15,5.59274e-15,5.59040e-15,5.58103e-15,4.22764e+02,8.45537e+01,4.22769e+01,2.11384e+01
mos,mid,fs,27,3.0,PASS,none,5.36469e-14,5.21019e-14,4.78001e-14,3.59330e-14,2.84321e+01,5.68642e+00,2.84322e+00,1.42161e+00
mos,large,fs,27,3.0,PASS,none,2.61883e-13,1.18926e-13,4.39513e-14,1.24800e-14,4.35496e+00,8.70992e-01,4.35497e-01,2.17750e-01
mos,xlarge,fs,27,3.0,PASS,none,1.04753e-12,4.75704e-13,1.75805e-13,4.99202e-14,4.35496e+00,8.70992e-01,4.35497e-01,2.17750e-01
mos,small,fs,27,3.3,PASS,none,5.59531e-15,5.59458e-15,5.59223e-15,5.58286e-15,4.22624e+02,8.45254e+01,4.22628e+01,2.11313e+01
mos,mid,fs,27,3.3,PASS,none,5.36686e-14,5.21218e-14,4.78153e-14,3.59379e-14,2.84205e+01,5.68411e+00,2.84206e+00,1.42103e+00
mos,large,fs,27,3.3,PASS,none,2.61994e-13,1.18918e-13,4.39372e-14,1.24747e-14,4.35291e+00,8.70583e-01,4.35293e-01,2.17647e-01
mos,xlarge,fs,27,3.3,PASS,none,1.04797e-12,4.75673e-13,1.75749e-13,4.98988e-14,4.35291e+00,8.70583e-01,4.35293e-01,2.17647e-01
mos,small,fs,125,0.0,PASS,none,1.04003e-14,1.03956e-14,1.03808e-14,1.03219e-14,2.29186e+02,4.58373e+01,2.29187e+01,1.14593e+01
mos,mid,fs,125,0.0,PASS,none,1.10224e-13,9.79698e-14,7.27084e-14,3.57924e-14,1.38155e+01,2.76311e+00,1.38156e+00,6.90777e-01
mos,large,fs,125,0.0,PASS,none,4.87239e-13,8.15073e-14,2.26269e-14,5.81729e-15,1.95482e+00,3.90964e-01,1.95482e-01,9.77410e-02
mos,xlarge,fs,125,0.0,PASS,none,1.94896e-12,3.26029e-13,9.05077e-14,2.32692e-14,1.95482e+00,3.90964e-01,1.95482e-01,9.77410e-02
mos,small,fs,125,0.3,PASS,none,8.87043e-15,8.86749e-15,8.85824e-15,8.82144e-15,2.67972e+02,5.35945e+01,2.67973e+01,1.33986e+01
mos,mid,fs,125,0.3,PASS,none,9.22933e-14,8.48533e-14,6.77789e-14,3.75529e-14,1.65143e+01,3.30286e+00,1.65143e+00,8.25715e-01
mos,large,fs,125,0.3,PASS,none,4.30262e-13,9.30140e-14,2.69651e-14,7.02142e-15,2.37050e+00,4.74100e-01,2.37050e-01,1.18525e-01
mos,xlarge,fs,125,0.3,PASS,none,1.72105e-12,3.72056e-13,1.07860e-13,2.80857e-14,2.37050e+00,4.74100e-01,2.37050e-01,1.18525e-01
mos,small,fs,125,0.6,PASS,none,7.52636e-15,7.52456e-15,7.51883e-15,7.49603e-15,3.13866e+02,6.27736e+01,3.13868e+01,1.56934e+01
mos,mid,fs,125,0.6,PASS,none,7.64763e-14,7.21250e-14,6.12369e-14,3.81814e-14,1.99203e+01,3.98407e+00,1.99204e+00,9.96019e-01
mos,large,fs,125,0.6,PASS,none,3.68624e-13,1.04480e-13,3.22542e-14,8.56652e-15,2.91427e+00,5.82854e-01,2.91428e-01,1.45715e-01
mos,xlarge,fs,125,0.6,PASS,none,1.47449e-12,4.17919e-13,1.29017e-13,3.42661e-14,2.91427e+00,5.82854e-01,2.91428e-01,1.45715e-01
mos,small,fs,125,0.9,PASS,none,6.74420e-15,6.74291e-15,6.73877e-15,6.72230e-15,3.49730e+02,6.99462e+01,3.49731e+01,1.74865e+01
mos,mid,fs,125,0.9,PASS,none,6.72487e-14,6.42501e-14,5.63923e-14,3.78676e-14,2.26550e+01,4.53101e+00,2.26551e+00,1.13275e+00
mos,large,fs,125,0.9,PASS,none,3.27885e-13,1.11204e-13,3.62807e-14,9.81889e-15,3.36410e+00,6.72822e-01,3.36412e-01,1.68207e-01
mos,xlarge,fs,125,0.9,PASS,none,1.31154e-12,4.44818e-13,1.45123e-13,3.92756e-14,3.36410e+00,6.72822e-01,3.36412e-01,1.68207e-01
mos,small,fs,125,1.2,PASS,none,6.25299e-15,6.25197e-15,6.24868e-15,6.23557e-15,3.77679e+02,7.55363e+01,3.77682e+01,1.88841e+01
mos,mid,fs,125,1.2,PASS,none,6.14461e-14,5.91435e-14,5.29435e-14,3.73022e-14,2.48083e+01,4.96167e+00,2.48084e+00,1.24042e+00
mos,large,fs,125,1.2,PASS,none,3.00562e-13,1.15047e-13,3.92811e-14,1.08086e-14,3.72607e+00,7.45215e-01,3.72609e-01,1.86305e-01
mos,xlarge,fs,125,1.2,PASS,none,1.20225e-12,4.60188e-13,1.57124e-13,4.32343e-14,3.72607e+00,7.45215e-01,3.72609e-01,1.86305e-01
mos,small,fs,125,1.8,PASS,none,5.75977e-15,5.75897e-15,5.75641e-15,5.74619e-15,4.10597e+02,8.21198e+01,4.10599e+01,2.05299e+01
mos,mid,fs,125,1.8,PASS,none,5.56143e-14,5.38969e-14,4.91532e-14,3.63546e-14,2.74255e+01,5.48510e+00,2.74256e+00,1.37128e+00
mos,large,fs,125,1.8,PASS,none,2.71843e-13,1.18153e-13,4.27045e-14,1.20150e-14,4.17738e+00,8.35476e-01,4.17739e-01,2.08870e-01
mos,xlarge,fs,125,1.8,PASS,none,1.08737e-12,4.72610e-13,1.70818e-13,4.80601e-14,4.17738e+00,8.35476e-01,4.17739e-01,2.08870e-01
mos,small,fs,125,2.4,PASS,none,5.71672e-15,5.71594e-15,5.71344e-15,5.70345e-15,4.13742e+02,8.27490e+01,4.13746e+01,2.06872e+01
mos,mid,fs,125,2.4,PASS,none,5.51051e-14,5.34335e-14,4.88070e-14,3.62516e-14,2.76803e+01,5.53608e+00,2.76804e+00,1.38402e+00
mos,large,fs,125,2.4,PASS,none,2.69278e-13,1.18370e-13,4.30238e-14,1.21326e-14,4.22201e+00,8.44403e-01,4.22203e-01,2.11102e-01
mos,xlarge,fs,125,2.4,PASS,none,1.07711e-12,4.73482e-13,1.72095e-13,4.85304e-14,4.22201e+00,8.44403e-01,4.22203e-01,2.11102e-01
mos,small,fs,125,3.0,PASS,none,5.70952e-15,5.70874e-15,5.70625e-15,5.69630e-15,4.14274e+02,8.28554e+01,4.14277e+01,2.07138e+01
mos,mid,fs,125,3.0,PASS,none,5.50199e-14,5.33559e-14,4.87488e-14,3.62340e-14,2.77235e+01,5.54470e+00,2.77235e+00,1.38618e+00
mos,large,fs,125,3.0,PASS,none,2.68848e-13,1.18406e-13,4.30775e-14,1.21525e-14,4.22957e+00,8.45915e-01,4.22959e-01,2.11480e-01
mos,xlarge,fs,125,3.0,PASS,none,1.07539e-12,4.73624e-13,1.72310e-13,4.86099e-14,4.22957e+00,8.45915e-01,4.22959e-01,2.11480e-01
mos,small,fs,125,3.3,PASS,none,5.70795e-15,5.70717e-15,5.70468e-15,5.69474e-15,4.14390e+02,8.28787e+01,4.14394e+01,2.07197e+01
mos,mid,fs,125,3.3,PASS,none,5.50013e-14,5.33390e-14,4.87361e-14,3.62302e-14,2.77329e+01,5.54659e+00,2.77330e+00,1.38665e+00
mos,large,fs,125,3.3,PASS,none,2.68754e-13,1.18414e-13,4.30893e-14,1.21568e-14,4.23123e+00,8.46246e-01,4.23124e-01,2.11563e-01
mos,xlarge,fs,125,3.3,PASS,none,1.07502e-12,4.73655e-13,1.72357e-13,4.86273e-14,4.23123e+00,8.46246e-01,4.23124e-01,2.11563e-01
diode,dasm,tt,-40,0.0,PASS,none,1.56577e-15,1.68764e-16,5.46266e-17,1.51395e-17,8.93471e-01,2.64550e-01,1.57062e-01,8.39937e-02
diode,dalg,tt,-40,0.0,PASS,none,1.43945e-13,1.00937e-14,2.69136e-15,6.90561e-16,8.33125e-01,1.76340e-01,9.14600e-02,4.65231e-02
diode,dpsm,tt,-40,0.0,PASS,none,2.05934e-15,2.37727e-16,6.53302e-17,1.67869e-17,1.29416e+00,2.90912e-01,1.49290e-01,7.52514e-02
diode,dplg,tt,-40,0.0,PASS,none,1.83596e-13,1.74560e-14,4.58426e-15,1.16122e-15,1.21230e+00,2.46346e-01,1.23695e-01,6.19328e-02
diode,dasm,tt,-40,0.3,PASS,none,1.58418e-15,1.77370e-16,5.70478e-17,1.57778e-17,9.78593e-01,2.79606e-01,1.64291e-01,8.75740e-02
diode,dalg,tt,-40,0.3,PASS,none,1.45868e-13,1.09630e-14,2.92502e-15,7.50203e-16,9.15447e-01,1.92588e-01,9.95435e-02,5.05597e-02
diode,dpsm,tt,-40,0.3,PASS,none,2.00679e-15,2.55209e-16,7.08542e-17,1.82648e-17,1.42687e+00,3.16919e-01,1.62593e-01,8.19659e-02
diode,dplg,tt,-40,0.3,PASS,none,1.79297e-13,1.90384e-14,5.04542e-15,1.28121e-15,1.34121e+00,2.72061e-01,1.36592e-01,6.83896e-02
diode,dasm,tt,-40,0.6,PASS,none,1.58990e-15,1.84395e-16,5.90385e-17,1.63026e-17,1.04942e+00,2.92113e-01,1.70262e-01,9.05205e-02
diode,dalg,tt,-40,0.6,PASS,none,1.46489e-13,1.16708e-14,3.11749e-15,7.99461e-16,9.83588e-01,2.06037e-01,1.06230e-01,5.38970e-02
diode,dpsm,tt,-40,0.6,PASS,none,1.95710e-15,2.68943e-16,7.53073e-17,1.94647e-17,1.53673e+00,3.38215e-01,1.73437e-01,8.74331e-02
diode,dplg,tt,-40,0.6,PASS,none,1.75016e-13,2.02976e-14,5.42245e-15,1.37998e-15,1.44780e+00,2.93297e-01,1.47235e-01,7.37177e-02
diode,dasm,tt,-40,0.9,PASS,none,1.58913e-15,1.90341e-16,6.07368e-17,1.67506e-17,1.11040e+00,3.02868e-01,1.75377e-01,9.30388e-02
diode,dalg,tt,-40,0.9,PASS,none,1.46444e-13,1.22721e-14,3.28273e-15,8.41858e-16,1.04234e+00,2.17631e-01,1.11992e-01,5.67721e-02
diode,dpsm,tt,-40,0.9,PASS,none,1.91169e-15,2.80287e-16,7.90734e-17,2.04861e-17,1.63150e+00,3.56468e-01,1.82699e-01,9.20987e-02
diode,dplg,tt,-40,0.9,PASS,none,1.71009e-13,2.13466e-14,5.74435e-15,1.46484e-15,1.53971e+00,3.11595e-01,1.56401e-01,7.83055e-02
diode,dasm,tt,-40,1.2,PASS,none,1.58480e-15,1.95504e-16,6.22230e-17,1.71430e-17,1.16416e+00,3.12342e-01,1.79870e-01,9.52471e-02
diode,dalg,tt,-40,1.2,PASS,none,1.46028e-13,1.27970e-14,3.42841e-15,8.79327e-16,1.09434e+00,2.27892e-01,1.17089e-01,5.93153e-02
diode,dpsm,tt,-40,1.2,PASS,none,1.87043e-15,2.89956e-16,8.23556e-17,2.13816e-17,1.71543e+00,3.72565e-01,1.90845e-01,9.61986e-02
diode,dplg,tt,-40,1.2,PASS,none,1.67320e-13,2.22464e-14,6.02688e-15,1.53976e-15,1.62109e+00,3.27789e-01,1.64511e-01,8.23639e-02
diode,dasm,tt,-40,1.8,PASS,none,1.57107e-15,2.04120e-16,6.47315e-17,1.78068e-17,1.25569e+00,3.28462e-01,1.87492e-01,9.89865e-02
diode,dalg,tt,-40,1.8,PASS,none,1.44643e-13,1.36859e-14,3.67844e-15,9.43839e-16,1.18404e+00,2.45592e-01,1.25879e-01,6.36993e-02
diode,dpsm,tt,-40,1.8,PASS,none,1.79861e-15,3.05839e-16,8.79134e-17,2.29102e-17,1.86032e+00,4.00244e-01,2.04807e-01,1.03220e-01
diode,dplg,tt,-40,1.8,PASS,none,1.60822e-13,2.37348e-14,6.50901e-15,1.66864e-15,1.76160e+00,3.55738e-01,1.78501e-01,8.93644e-02
diode,dasm,tt,-40,2.4,PASS,none,1.55516e-15,2.10997e-16,6.67645e-17,1.83465e-17,1.33051e+00,3.41636e-01,1.93709e-01,1.02032e-01
diode,dalg,tt,-40,2.4,PASS,none,1.42942e-13,1.44249e-14,3.88984e-15,9.98613e-16,1.26037e+00,2.60651e-01,1.33355e-01,6.74270e-02
diode,dpsm,tt,-40,2.4,PASS,none,1.73810e-15,3.18580e-16,9.25463e-17,2.41974e-17,1.98374e+00,4.23747e-01,2.16622e-01,1.09154e-01
diode,dplg,tt,-40,2.4,PASS,none,1.55296e-13,2.49371e-14,6.91404e-15,1.77800e-15,1.88136e+00,3.79550e-01,1.90415e-01,9.53251e-02
diode,dasm,tt,-40,3.0,PASS,none,1.54016e-15,2.16364e-16,6.83758e-17,1.87762e-17,1.39009e+00,3.52134e-01,1.98665e-01,1.04461e-01
diode,dalg,tt,-40,3.0,PASS,none,1.41154e-13,1.50594e-14,4.07415e-15,1.04655e-15,1.32729e+00,2.73855e-01,1.39909e-01,7.06939e-02
diode,dpsm,tt,-40,3.0,PASS,none,1.68618e-15,3.29182e-16,9.65410e-17,2.53176e-17,2.09210e+00,4.44347e-01,2.26949e-01,1.14337e-01
diode,dplg,tt,-40,3.0,PASS,none,1.50529e-13,2.59426e-14,7.26531e-15,1.87373e-15,1.98658e+00,4.00470e-01,2.00878e-01,1.00559e-01
diode,dasm,tt,-40,3.3,PASS,none,1.53376e-15,2.18450e-16,6.90108e-17,1.89465e-17,1.41354e+00,3.56275e-01,2.00627e-01,1.05425e-01
diode,dalg,tt,-40,3.3,PASS,none,1.40260e-13,1.53461e-14,4.15837e-15,1.06852e-15,1.35800e+00,2.79912e-01,1.42915e-01,7.21922e-02
diode,dpsm,tt,-40,3.3,PASS,none,1.66281e-15,3.33872e-16,9.83541e-17,2.58294e-17,2.14188e+00,4.53804e-01,2.31683e-01,1.16711e-01
diode,dplg,tt,-40,3.3,PASS,none,1.48376e-13,2.63890e-14,7.42531e-15,1.91762e-15,2.03496e+00,4.10088e-01,2.05687e-01,1.02965e-01
diode,dasm,tt,27,0.0,PASS,none,1.54631e-15,1.63201e-16,5.30569e-17,1.47231e-17,8.39366e-01,2.54939e-01,1.52387e-01,8.16598e-02
diode,dalg,tt,27,0.0,PASS,none,1.41938e-13,9.53606e-15,2.54273e-15,6.52680e-16,7.81029e-01,1.66053e-01,8.63355e-02,4.39615e-02
diode,dpsm,tt,27,0.0,PASS,none,2.08959e-15,2.24988e-16,6.13191e-17,1.57144e-17,1.20494e+00,2.72505e-01,1.39708e-01,7.03890e-02
diode,dplg,tt,27,0.0,PASS,none,1.85687e-13,1.63506e-14,4.26851e-15,1.07948e-15,1.12547e+00,2.28924e-01,1.14934e-01,5.75423e-02
diode,dasm,tt,27,0.3,PASS,none,1.57441e-15,1.72055e-16,5.55503e-17,1.53830e-17,9.25811e-01,2.70274e-01,1.59816e-01,8.53590e-02
diode,dalg,tt,27,0.3,PASS,none,1.44992e-13,1.04892e-14,2.79723e-15,7.17546e-16,8.70402e-01,1.83696e-01,9.51178e-02,4.83488e-02
diode,dpsm,tt,27,0.3,PASS,none,2.04021e-15,2.44888e-16,6.75129e-17,1.73641e-17,1.34963e+00,3.01311e-01,1.54511e-01,7.78693e-02
diode,dplg,tt,27,0.3,PASS,none,1.81961e-13,1.81231e-14,4.77640e-15,1.21105e-15,1.26623e+00,2.57053e-01,1.29051e-01,6.46116e-02
diode,dasm,tt,27,0.6,PASS,none,1.58650e-15,1.79304e-16,5.75985e-17,1.59237e-17,9.97962e-01,2.83036e-01,1.65943e-01,8.83932e-02
diode,dalg,tt,27,0.6,PASS,none,1.46211e-13,1.12463e-14,3.00172e-15,7.69803e-16,9.42591e-01,1.97945e-01,1.02205e-01,5.18872e-02
diode,dpsm,tt,27,0.6,PASS,none,1.99074e-15,2.59995e-16,7.23356e-17,1.86579e-17,1.46626e+00,3.24133e-01,1.66171e-01,8.37531e-02
diode,dplg,tt,27,0.6,PASS,none,1.77831e-13,1.94937e-14,5.18000e-15,1.31633e-15,1.37949e+00,2.79641e-01,1.40378e-01,7.02824e-02
diode,dasm,tt,27,0.9,PASS,none,1.59002e-15,1.85226e-16,5.92841e-17,1.63690e-17,1.05788e+00,2.93624e-01,1.71005e-01,9.08945e-02
diode,dalg,tt,27,0.9,PASS,none,1.46529e-13,1.18798e-14,3.17466e-15,8.14108e-16,1.00391e+00,2.10047e-01,1.08221e-01,5.48899e-02
diode,dpsm,tt,27,0.9,PASS,none,1.94471e-15,2.72236e-16,7.63359e-17,1.97379e-17,1.56532e+00,3.43332e-01,1.75941e-01,8.86777e-02
diode,dplg,tt,27,0.9,PASS,none,1.73839e-13,2.06167e-14,5.51896e-15,1.40531e-15,1.47560e+00,2.98788e-01,1.49974e-01,7.50858e-02
diode,dasm,tt,27,1.2,PASS,none,1.58911e-15,1.90167e-16,6.07015e-17,1.67439e-17,1.10859e+00,3.02579e-01,1.75278e-01,9.30029e-02
diode,dalg,tt,27,1.2,PASS,none,1.46356e-13,1.24273e-14,3.32562e-15,8.52869e-16,1.05765e+00,2.20651e-01,1.13490e-01,5.75193e-02
diode,dpsm,tt,27,1.2,PASS,none,1.90261e-15,2.82544e-16,7.97790e-17,2.06731e-17,1.65215e+00,3.60062e-01,1.84427e-01,9.29518e-02
diode,dplg,tt,27,1.2,PASS,none,1.70117e-13,2.15699e-14,5.81330e-15,1.48303e-15,1.55982e+00,3.15555e-01,1.58373e-01,7.92896e-02
diode,dasm,tt,27,1.8,PASS,none,1.58172e-15,1.97756e-16,6.29052e-17,1.73289e-17,1.18784e+00,3.16580e-01,1.81955e-01,9.62968e-02
diode,dalg,tt,27,1.8,PASS,none,1.45267e-13,1.33453e-14,3.58207e-15,9.18932e-16,1.14941e+00,2.38758e-01,1.22485e-01,6.20059e-02
diode,dpsm,tt,27,1.8,PASS,none,1.82908e-15,2.99290e-16,8.55420e-17,2.22509e-17,1.80058e+00,3.88510e-01,1.98805e-01,1.00186e-01
diode,dplg,tt,27,1.8,PASS,none,1.63513e-13,2.31311e-14,6.31050e-15,1.61535e-15,1.70377e+00,3.44200e-01,1.72714e-01,8.64666e-02
diode,dasm,tt,27,2.4,PASS,none,1.57347e-15,2.02672e-16,6.43630e-17,1.77194e-17,1.24012e+00,3.25845e-01,1.86402e-01,9.84995e-02
diode,dalg,tt,27,2.4,PASS,none,1.43742e-13,1.41011e-14,3.79677e-15,9.74466e-16,1.22672e+00,2.54012e-01,1.30059e-01,6.57830e-02
diode,dpsm,tt,27,2.4,PASS,none,1.76709e-15,3.12599e-16,9.02980e-17,2.35661e-17,1.92593e+00,4.12429e-01,2.10849e-01,1.06238e-01
diode,dplg,tt,27,2.4,PASS,none,1.57878e-13,2.43817e-14,6.72451e-15,1.72664e-15,1.82539e+00,3.68387e-01,1.84818e-01,9.25229e-02
diode,dasm,tt,27,3.0,PASS,none,1.56891e-15,2.04813e-16,6.50328e-17,1.79047e-17,1.26313e+00,3.29991e-01,1.88470e-01,9.95489e-02
diode,dalg,tt,27,3.0,PASS,none,1.42075e-13,1.47449e-14,3.98243e-15,1.02267e-15,1.29395e+00,2.67276e-01,1.36643e-01,6.90656e-02
diode,dpsm,tt,27,3.0,PASS,none,1.71392e-15,3.23612e-16,9.43732e-17,2.47033e-17,2.03537e+00,4.33264e-01,2.21310e-01,1.11490e-01
diode,dplg,tt,27,3.0,PASS,none,1.53012e-13,2.54226e-14,7.08158e-15,1.82349e-15,1.93164e+00,3.89514e-01,1.95387e-01,9.78102e-02
diode,dasm,tt,27,3.3,PASS,none,1.56895e-15,2.04687e-16,6.50262e-17,1.79086e-17,1.26177e+00,3.29819e-01,1.88469e-01,9.95739e-02
diode,dalg,tt,27,3.3,PASS,none,1.41231e-13,1.50340e-14,4.06670e-15,1.04461e-15,1.32459e+00,2.73321e-01,1.39643e-01,7.05612e-02
diode,dpsm,tt,27,3.3,PASS,none,1.69000e-15,3.28471e-16,9.62166e-17,2.52210e-17,2.08549e+00,4.42796e-01,2.26087e-01,1.13887e-01
diode,dplg,tt,27,3.3,PASS,none,1.50815e-13,2.58835e-14,7.24374e-15,1.86776e-15,1.98034e+00,3.99196e-01,2.00229e-01,1.00232e-01
diode,dasm,tt,125,0.0,PASS,none,1.50975e-15,1.55730e-16,5.09125e-17,1.41463e-17,7.67830e-01,2.42128e-01,1.46002e-01,7.84254e-02
diode,dalg,tt,125,0.0,PASS,none,1.38166e-13,8.78707e-15,2.34422e-15,6.02092e-16,7.11865e-01,1.52390e-01,7.95095e-02,4.05428e-02
diode,dpsm,tt,125,0.0,PASS,none,2.11572e-15,2.07812e-16,5.60395e-17,1.43133e-17,1.09042e+00,2.48523e-01,1.27215e-01,6.40522e-02
diode,dplg,tt,125,0.0,PASS,none,1.86942e-13,1.48870e-14,3.85863e-15,9.73915e-16,1.01377e+00,2.06468e-01,1.03639e-01,5.18823e-02
diode,dasm,tt,125,0.3,PASS,none,1.54631e-15,1.63300e-16,5.31454e-17,1.47572e-17,8.40249e-01,2.55210e-01,1.52680e-01,8.18560e-02
diode,dalg,tt,125,0.3,PASS,none,1.43518e-13,9.95865e-15,2.65514e-15,6.81303e-16,8.20457e-01,1.73837e-01,9.02096e-02,4.58968e-02
diode,dpsm,tt,125,0.3,PASS,none,2.06869e-15,2.34235e-16,6.42073e-17,1.64847e-17,1.26984e+00,2.85782e-01,1.46596e-01,7.38798e-02
diode,dplg,tt,125,0.3,PASS,none,1.84249e-13,1.71570e-14,4.49811e-15,1.13887e-15,1.18865e+00,2.41588e-01,1.21299e-01,6.07312e-02
diode,dasm,tt,125,0.6,PASS,none,1.56972e-15,1.70361e-16,5.51477e-17,1.52900e-17,9.09053e-01,2.67450e-01,1.58653e-01,8.48442e-02
diode,dalg,tt,125,0.6,PASS,none,1.45670e-13,1.08347e-14,2.89029e-15,7.41314e-16,9.03208e-01,1.90172e-01,9.83395e-02,4.99578e-02
diode,dpsm,tt,125,0.6,PASS,none,2.01557e-15,2.52538e-16,7.00099e-17,1.80390e-17,1.40581e+00,3.12889e-01,1.60552e-01,8.09390e-02
diode,dplg,tt,125,0.6,PASS,none,1.80052e-13,1.87921e-14,4.97286e-15,1.26228e-15,1.32076e+00,2.67992e-01,1.34554e-01,6.73700e-02
diode,dasm,tt,125,0.9,PASS,none,1.58056e-15,1.75456e-16,5.66052e-17,1.56789e-17,9.59405e-01,2.76407e-01,1.63019e-01,8.70275e-02
diode,dalg,tt,125,0.9,PASS,none,1.46435e-13,1.15448e-14,3.08306e-15,7.90635e-16,9.71383e-01,2.03628e-01,1.05031e-01,5.32987e-02
diode,dpsm,tt,125,0.9,PASS,none,1.96525e-15,2.66726e-16,7.46184e-17,1.92820e-17,1.51761e+00,3.34796e-01,1.71763e-01,8.66010e-02
diode,dplg,tt,125,0.9,PASS,none,1.75788e-13,2.00828e-14,5.35783e-15,1.36304e-15,1.42923e+00,2.89628e-01,1.45405e-01,7.28035e-02
diode,dasm,tt,125,1.2,PASS,none,1.58543e-15,1.79088e-16,5.76580e-17,1.59614e-17,9.95682e-01,2.82874e-01,1.66187e-01,8.86161e-02
diode,dalg,tt,125,1.2,PASS,none,1.46493e-13,1.21460e-14,3.24794e-15,8.32926e-16,1.02995e+00,2.15186e-01,1.10777e-01,5.61662e-02
diode,dpsm,tt,125,1.2,PASS,none,1.91925e-15,2.78357e-16,7.84841e-17,2.03313e-17,1.61367e+00,3.53438e-01,1.81261e-01,9.13929e-02
diode,dplg,tt,125,1.2,PASS,none,1.71771e-13,2.11529e-14,5.68494e-15,1.44920e-15,1.52235e+00,3.08183e-01,1.54706e-01,7.74596e-02
diode,dasm,tt,125,1.8,PASS,none,1.58793e-15,1.82829e-16,5.87861e-17,1.62714e-17,1.03338e+00,2.89670e-01,1.69610e-01,9.03638e-02
diode,dalg,tt,125,1.8,PASS,none,1.45598e-13,1.31332e-14,3.52252e-15,9.03584e-16,1.12802e+00,2.34538e-01,1.20392e-01,6.09630e-02
diode,dpsm,tt,125,1.8,PASS,none,1.83955e-15,2.96795e-16,8.48068e-17,2.20620e-17,1.77489e+00,3.84476e-01,1.97003e-01,9.93239e-02
diode,dplg,tt,125,1.8,PASS,none,1.64656e-13,2.28676e-14,6.22662e-15,1.59309e-15,1.67858e+00,3.39287e-01,1.70286e-01,8.52579e-02
diode,dasm,tt,125,2.4,PASS,none,1.58709e-15,1.82447e-16,5.87697e-17,1.62842e-17,1.02947e+00,2.89159e-01,1.69613e-01,9.04446e-02
diode,dalg,tt,125,2.4,PASS,none,1.44131e-13,1.39295e-14,3.74784e-15,9.61813e-16,1.20902e+00,2.50522e-01,1.28330e-01,6.49220e-02
diode,dpsm,tt,125,2.4,PASS,none,1.77311e-15,3.11142e-16,8.99245e-17,2.34777e-17,1.90892e+00,4.10123e-01,2.09951e-01,1.05838e-01
diode,dplg,tt,125,2.4,PASS,none,1.58634e-13,2.42151e-14,6.67009e-15,1.71213e-15,1.80850e+00,3.65133e-01,1.83225e-01,9.17327e-02
diode,dasm,tt,125,3.0,PASS,none,1.58249e-15,1.78220e-16,5.76971e-17,1.60246e-17,9.86855e-01,2.81857e-01,1.66461e-01,8.89975e-02
diode,dalg,tt,125,3.0,PASS,none,1.42487e-13,1.45958e-14,3.93932e-15,1.01149e-15,1.27826e+00,2.64183e-01,1.35112e-01,6.83039e-02
diode,dpsm,tt,125,3.0,PASS,none,1.71667e-15,3.22853e-16,9.42570e-17,2.46877e-17,2.02481e+00,4.32226e-01,2.21070e-01,1.11426e-01
diode,dplg,tt,125,3.0,PASS,none,1.53476e-13,2.53225e-14,7.04847e-15,1.81467e-15,1.92089e+00,3.87485e-01,1.94409e-01,9.73288e-02
diode,dasm,tt,125,3.3,PASS,none,1.57673e-15,1.74749e-16,5.67949e-17,1.58009e-17,9.52202e-01,2.75859e-01,1.63798e-01,8.77487e-02
diode,dalg,tt,125,3.3,PASS,none,1.41654e-13,1.48909e-14,4.02505e-15,1.03379e-15,1.30939e+00,2.70324e-01,1.38160e-01,6.98237e-02
diode,dpsm,tt,125,3.3,PASS,none,1.69143e-15,3.27980e-16,9.62039e-17,2.52351e-17,2.07761e+00,4.42280e-01,2.26118e-01,1.13961e-01
diode,dplg,tt,125,3.3,PASS,none,1.51160e-13,2.58093e-14,7.21929e-15,1.86128e-15,1.97213e+00,3.97672e-01,1.99505e-01,9.98784e-02
diode,dasm,ss,-40,0.0,PASS,none,1.56577e-15,1.68764e-16,5.46266e-17,1.51395e-17,8.93471e-01,2.64550e-01,1.57062e-01,8.39937e-02
diode,dalg,ss,-40,0.0,PASS,none,1.43945e-13,1.00937e-14,2.69136e-15,6.90561e-16,8.33125e-01,1.76340e-01,9.14600e-02,4.65231e-02
diode,dpsm,ss,-40,0.0,PASS,none,2.05934e-15,2.37727e-16,6.53302e-17,1.67869e-17,1.29416e+00,2.90912e-01,1.49290e-01,7.52514e-02
diode,dplg,ss,-40,0.0,PASS,none,1.83596e-13,1.74560e-14,4.58426e-15,1.16122e-15,1.21230e+00,2.46346e-01,1.23695e-01,6.19328e-02
diode,dasm,ss,-40,0.3,PASS,none,1.58418e-15,1.77370e-16,5.70478e-17,1.57778e-17,9.78593e-01,2.79606e-01,1.64291e-01,8.75740e-02
diode,dalg,ss,-40,0.3,PASS,none,1.45868e-13,1.09630e-14,2.92502e-15,7.50203e-16,9.15447e-01,1.92588e-01,9.95435e-02,5.05597e-02
diode,dpsm,ss,-40,0.3,PASS,none,2.00679e-15,2.55209e-16,7.08542e-17,1.82648e-17,1.42687e+00,3.16919e-01,1.62593e-01,8.19659e-02
diode,dplg,ss,-40,0.3,PASS,none,1.79297e-13,1.90384e-14,5.04542e-15,1.28121e-15,1.34121e+00,2.72061e-01,1.36592e-01,6.83896e-02
diode,dasm,ss,-40,0.6,PASS,none,1.58990e-15,1.84395e-16,5.90385e-17,1.63026e-17,1.04942e+00,2.92113e-01,1.70262e-01,9.05205e-02
diode,dalg,ss,-40,0.6,PASS,none,1.46489e-13,1.16708e-14,3.11749e-15,7.99461e-16,9.83588e-01,2.06037e-01,1.06230e-01,5.38970e-02
diode,dpsm,ss,-40,0.6,PASS,none,1.95710e-15,2.68943e-16,7.53073e-17,1.94647e-17,1.53673e+00,3.38215e-01,1.73437e-01,8.74331e-02
diode,dplg,ss,-40,0.6,PASS,none,1.75016e-13,2.02976e-14,5.42245e-15,1.37998e-15,1.44780e+00,2.93297e-01,1.47235e-01,7.37177e-02
diode,dasm,ss,-40,0.9,PASS,none,1.58913e-15,1.90341e-16,6.07368e-17,1.67506e-17,1.11040e+00,3.02868e-01,1.75377e-01,9.30388e-02
diode,dalg,ss,-40,0.9,PASS,none,1.46444e-13,1.22721e-14,3.28273e-15,8.41858e-16,1.04234e+00,2.17631e-01,1.11992e-01,5.67721e-02
diode,dpsm,ss,-40,0.9,PASS,none,1.91169e-15,2.80287e-16,7.90734e-17,2.04861e-17,1.63150e+00,3.56468e-01,1.82699e-01,9.20987e-02
diode,dplg,ss,-40,0.9,PASS,none,1.71009e-13,2.13466e-14,5.74435e-15,1.46484e-15,1.53971e+00,3.11595e-01,1.56401e-01,7.83055e-02
diode,dasm,ss,-40,1.2,PASS,none,1.58480e-15,1.95504e-16,6.22230e-17,1.71430e-17,1.16416e+00,3.12342e-01,1.79870e-01,9.52471e-02
diode,dalg,ss,-40,1.2,PASS,none,1.46028e-13,1.27970e-14,3.42841e-15,8.79327e-16,1.09434e+00,2.27892e-01,1.17089e-01,5.93153e-02
diode,dpsm,ss,-40,1.2,PASS,none,1.87043e-15,2.89956e-16,8.23556e-17,2.13816e-17,1.71543e+00,3.72565e-01,1.90845e-01,9.61986e-02
diode,dplg,ss,-40,1.2,PASS,none,1.67320e-13,2.22464e-14,6.02688e-15,1.53976e-15,1.62109e+00,3.27789e-01,1.64511e-01,8.23639e-02
diode,dasm,ss,-40,1.8,PASS,none,1.57107e-15,2.04120e-16,6.47315e-17,1.78068e-17,1.25569e+00,3.28462e-01,1.87492e-01,9.89865e-02
diode,dalg,ss,-40,1.8,PASS,none,1.44643e-13,1.36859e-14,3.67844e-15,9.43839e-16,1.18404e+00,2.45592e-01,1.25879e-01,6.36993e-02
diode,dpsm,ss,-40,1.8,PASS,none,1.79861e-15,3.05839e-16,8.79134e-17,2.29102e-17,1.86032e+00,4.00244e-01,2.04807e-01,1.03220e-01
diode,dplg,ss,-40,1.8,PASS,none,1.60822e-13,2.37348e-14,6.50901e-15,1.66864e-15,1.76160e+00,3.55738e-01,1.78501e-01,8.93644e-02
diode,dasm,ss,-40,2.4,PASS,none,1.55516e-15,2.10997e-16,6.67645e-17,1.83465e-17,1.33051e+00,3.41636e-01,1.93709e-01,1.02032e-01
diode,dalg,ss,-40,2.4,PASS,none,1.42942e-13,1.44249e-14,3.88984e-15,9.98613e-16,1.26037e+00,2.60651e-01,1.33355e-01,6.74270e-02
diode,dpsm,ss,-40,2.4,PASS,none,1.73810e-15,3.18580e-16,9.25463e-17,2.41974e-17,1.98374e+00,4.23747e-01,2.16622e-01,1.09154e-01
diode,dplg,ss,-40,2.4,PASS,none,1.55296e-13,2.49371e-14,6.91404e-15,1.77800e-15,1.88136e+00,3.79550e-01,1.90415e-01,9.53251e-02
diode,dasm,ss,-40,3.0,PASS,none,1.54016e-15,2.16364e-16,6.83758e-17,1.87762e-17,1.39009e+00,3.52134e-01,1.98665e-01,1.04461e-01
diode,dalg,ss,-40,3.0,PASS,none,1.41154e-13,1.50594e-14,4.07415e-15,1.04655e-15,1.32729e+00,2.73855e-01,1.39909e-01,7.06939e-02
diode,dpsm,ss,-40,3.0,PASS,none,1.68618e-15,3.29182e-16,9.65410e-17,2.53176e-17,2.09210e+00,4.44347e-01,2.26949e-01,1.14337e-01
diode,dplg,ss,-40,3.0,PASS,none,1.50529e-13,2.59426e-14,7.26531e-15,1.87373e-15,1.98658e+00,4.00470e-01,2.00878e-01,1.00559e-01
diode,dasm,ss,-40,3.3,PASS,none,1.53376e-15,2.18450e-16,6.90108e-17,1.89465e-17,1.41354e+00,3.56275e-01,2.00627e-01,1.05425e-01
diode,dalg,ss,-40,3.3,PASS,none,1.40260e-13,1.53461e-14,4.15837e-15,1.06852e-15,1.35800e+00,2.79912e-01,1.42915e-01,7.21922e-02
diode,dpsm,ss,-40,3.3,PASS,none,1.66281e-15,3.33872e-16,9.83541e-17,2.58294e-17,2.14188e+00,4.53804e-01,2.31683e-01,1.16711e-01
diode,dplg,ss,-40,3.3,PASS,none,1.48376e-13,2.63890e-14,7.42531e-15,1.91762e-15,2.03496e+00,4.10088e-01,2.05687e-01,1.02965e-01
diode,dasm,ss,27,0.0,PASS,none,1.54631e-15,1.63201e-16,5.30569e-17,1.47231e-17,8.39366e-01,2.54939e-01,1.52387e-01,8.16598e-02
diode,dalg,ss,27,0.0,PASS,none,1.41938e-13,9.53606e-15,2.54273e-15,6.52680e-16,7.81029e-01,1.66053e-01,8.63355e-02,4.39615e-02
diode,dpsm,ss,27,0.0,PASS,none,2.08959e-15,2.24988e-16,6.13191e-17,1.57144e-17,1.20494e+00,2.72505e-01,1.39708e-01,7.03890e-02
diode,dplg,ss,27,0.0,PASS,none,1.85687e-13,1.63506e-14,4.26851e-15,1.07948e-15,1.12547e+00,2.28924e-01,1.14934e-01,5.75423e-02
diode,dasm,ss,27,0.3,PASS,none,1.57441e-15,1.72055e-16,5.55503e-17,1.53830e-17,9.25811e-01,2.70274e-01,1.59816e-01,8.53590e-02
diode,dalg,ss,27,0.3,PASS,none,1.44992e-13,1.04892e-14,2.79723e-15,7.17546e-16,8.70402e-01,1.83696e-01,9.51178e-02,4.83488e-02
diode,dpsm,ss,27,0.3,PASS,none,2.04021e-15,2.44888e-16,6.75129e-17,1.73641e-17,1.34963e+00,3.01311e-01,1.54511e-01,7.78693e-02
diode,dplg,ss,27,0.3,PASS,none,1.81961e-13,1.81231e-14,4.77640e-15,1.21105e-15,1.26623e+00,2.57053e-01,1.29051e-01,6.46116e-02
diode,dasm,ss,27,0.6,PASS,none,1.58650e-15,1.79304e-16,5.75985e-17,1.59237e-17,9.97962e-01,2.83036e-01,1.65943e-01,8.83932e-02
diode,dalg,ss,27,0.6,PASS,none,1.46211e-13,1.12463e-14,3.00172e-15,7.69803e-16,9.42591e-01,1.97945e-01,1.02205e-01,5.18872e-02
diode,dpsm,ss,27,0.6,PASS,none,1.99074e-15,2.59995e-16,7.23356e-17,1.86579e-17,1.46626e+00,3.24133e-01,1.66171e-01,8.37531e-02
diode,dplg,ss,27,0.6,PASS,none,1.77831e-13,1.94937e-14,5.18000e-15,1.31633e-15,1.37949e+00,2.79641e-01,1.40378e-01,7.02824e-02
diode,dasm,ss,27,0.9,PASS,none,1.59002e-15,1.85226e-16,5.92841e-17,1.63690e-17,1.05788e+00,2.93624e-01,1.71005e-01,9.08945e-02
diode,dalg,ss,27,0.9,PASS,none,1.46529e-13,1.18798e-14,3.17466e-15,8.14108e-16,1.00391e+00,2.10047e-01,1.08221e-01,5.48899e-02
diode,dpsm,ss,27,0.9,PASS,none,1.94471e-15,2.72236e-16,7.63359e-17,1.97379e-17,1.56532e+00,3.43332e-01,1.75941e-01,8.86777e-02
diode,dplg,ss,27,0.9,PASS,none,1.73839e-13,2.06167e-14,5.51896e-15,1.40531e-15,1.47560e+00,2.98788e-01,1.49974e-01,7.50858e-02
diode,dasm,ss,27,1.2,PASS,none,1.58911e-15,1.90167e-16,6.07015e-17,1.67439e-17,1.10859e+00,3.02579e-01,1.75278e-01,9.30029e-02
diode,dalg,ss,27,1.2,PASS,none,1.46356e-13,1.24273e-14,3.32562e-15,8.52869e-16,1.05765e+00,2.20651e-01,1.13490e-01,5.75193e-02
diode,dpsm,ss,27,1.2,PASS,none,1.90261e-15,2.82544e-16,7.97790e-17,2.06731e-17,1.65215e+00,3.60062e-01,1.84427e-01,9.29518e-02
diode,dplg,ss,27,1.2,PASS,none,1.70117e-13,2.15699e-14,5.81330e-15,1.48303e-15,1.55982e+00,3.15555e-01,1.58373e-01,7.92896e-02
diode,dasm,ss,27,1.8,PASS,none,1.58172e-15,1.97756e-16,6.29052e-17,1.73289e-17,1.18784e+00,3.16580e-01,1.81955e-01,9.62968e-02
diode,dalg,ss,27,1.8,PASS,none,1.45267e-13,1.33453e-14,3.58207e-15,9.18932e-16,1.14941e+00,2.38758e-01,1.22485e-01,6.20059e-02
diode,dpsm,ss,27,1.8,PASS,none,1.82908e-15,2.99290e-16,8.55420e-17,2.22509e-17,1.80058e+00,3.88510e-01,1.98805e-01,1.00186e-01
diode,dplg,ss,27,1.8,PASS,none,1.63513e-13,2.31311e-14,6.31050e-15,1.61535e-15,1.70377e+00,3.44200e-01,1.72714e-01,8.64666e-02
diode,dasm,ss,27,2.4,PASS,none,1.57347e-15,2.02672e-16,6.43630e-17,1.77194e-17,1.24012e+00,3.25845e-01,1.86402e-01,9.84995e-02
diode,dalg,ss,27,2.4,PASS,none,1.43742e-13,1.41011e-14,3.79677e-15,9.74466e-16,1.22672e+00,2.54012e-01,1.30059e-01,6.57830e-02
diode,dpsm,ss,27,2.4,PASS,none,1.76709e-15,3.12599e-16,9.02980e-17,2.35661e-17,1.92593e+00,4.12429e-01,2.10849e-01,1.06238e-01
diode,dplg,ss,27,2.4,PASS,none,1.57878e-13,2.43817e-14,6.72451e-15,1.72664e-15,1.82539e+00,3.68387e-01,1.84818e-01,9.25229e-02
diode,dasm,ss,27,3.0,PASS,none,1.56891e-15,2.04813e-16,6.50328e-17,1.79047e-17,1.26313e+00,3.29991e-01,1.88470e-01,9.95489e-02
diode,dalg,ss,27,3.0,PASS,none,1.42075e-13,1.47449e-14,3.98243e-15,1.02267e-15,1.29395e+00,2.67276e-01,1.36643e-01,6.90656e-02
diode,dpsm,ss,27,3.0,PASS,none,1.71392e-15,3.23612e-16,9.43732e-17,2.47033e-17,2.03537e+00,4.33264e-01,2.21310e-01,1.11490e-01
diode,dplg,ss,27,3.0,PASS,none,1.53012e-13,2.54226e-14,7.08158e-15,1.82349e-15,1.93164e+00,3.89514e-01,1.95387e-01,9.78102e-02
diode,dasm,ss,27,3.3,PASS,none,1.56895e-15,2.04687e-16,6.50262e-17,1.79086e-17,1.26177e+00,3.29819e-01,1.88469e-01,9.95739e-02
diode,dalg,ss,27,3.3,PASS,none,1.41231e-13,1.50340e-14,4.06670e-15,1.04461e-15,1.32459e+00,2.73321e-01,1.39643e-01,7.05612e-02
diode,dpsm,ss,27,3.3,PASS,none,1.69000e-15,3.28471e-16,9.62166e-17,2.52210e-17,2.08549e+00,4.42796e-01,2.26087e-01,1.13887e-01
diode,dplg,ss,27,3.3,PASS,none,1.50815e-13,2.58835e-14,7.24374e-15,1.86776e-15,1.98034e+00,3.99196e-01,2.00229e-01,1.00232e-01
diode,dasm,ss,125,0.0,PASS,none,1.50975e-15,1.55730e-16,5.09125e-17,1.41463e-17,7.67830e-01,2.42128e-01,1.46002e-01,7.84254e-02
diode,dalg,ss,125,0.0,PASS,none,1.38166e-13,8.78707e-15,2.34422e-15,6.02092e-16,7.11865e-01,1.52390e-01,7.95095e-02,4.05428e-02
diode,dpsm,ss,125,0.0,PASS,none,2.11572e-15,2.07812e-16,5.60395e-17,1.43133e-17,1.09042e+00,2.48523e-01,1.27215e-01,6.40522e-02
diode,dplg,ss,125,0.0,PASS,none,1.86942e-13,1.48870e-14,3.85863e-15,9.73915e-16,1.01377e+00,2.06468e-01,1.03639e-01,5.18823e-02
diode,dasm,ss,125,0.3,PASS,none,1.54631e-15,1.63300e-16,5.31454e-17,1.47572e-17,8.40249e-01,2.55210e-01,1.52680e-01,8.18560e-02
diode,dalg,ss,125,0.3,PASS,none,1.43518e-13,9.95865e-15,2.65514e-15,6.81303e-16,8.20457e-01,1.73837e-01,9.02096e-02,4.58968e-02
diode,dpsm,ss,125,0.3,PASS,none,2.06869e-15,2.34235e-16,6.42073e-17,1.64847e-17,1.26984e+00,2.85782e-01,1.46596e-01,7.38798e-02
diode,dplg,ss,125,0.3,PASS,none,1.84249e-13,1.71570e-14,4.49811e-15,1.13887e-15,1.18865e+00,2.41588e-01,1.21299e-01,6.07312e-02
diode,dasm,ss,125,0.6,PASS,none,1.56972e-15,1.70361e-16,5.51477e-17,1.52900e-17,9.09053e-01,2.67450e-01,1.58653e-01,8.48442e-02
diode,dalg,ss,125,0.6,PASS,none,1.45670e-13,1.08347e-14,2.89029e-15,7.41314e-16,9.03208e-01,1.90172e-01,9.83395e-02,4.99578e-02
diode,dpsm,ss,125,0.6,PASS,none,2.01557e-15,2.52538e-16,7.00099e-17,1.80390e-17,1.40581e+00,3.12889e-01,1.60552e-01,8.09390e-02
diode,dplg,ss,125,0.6,PASS,none,1.80052e-13,1.87921e-14,4.97286e-15,1.26228e-15,1.32076e+00,2.67992e-01,1.34554e-01,6.73700e-02
diode,dasm,ss,125,0.9,PASS,none,1.58056e-15,1.75456e-16,5.66052e-17,1.56789e-17,9.59405e-01,2.76407e-01,1.63019e-01,8.70275e-02
diode,dalg,ss,125,0.9,PASS,none,1.46435e-13,1.15448e-14,3.08306e-15,7.90635e-16,9.71383e-01,2.03628e-01,1.05031e-01,5.32987e-02
diode,dpsm,ss,125,0.9,PASS,none,1.96525e-15,2.66726e-16,7.46184e-17,1.92820e-17,1.51761e+00,3.34796e-01,1.71763e-01,8.66010e-02
diode,dplg,ss,125,0.9,PASS,none,1.75788e-13,2.00828e-14,5.35783e-15,1.36304e-15,1.42923e+00,2.89628e-01,1.45405e-01,7.28035e-02
diode,dasm,ss,125,1.2,PASS,none,1.58543e-15,1.79088e-16,5.76580e-17,1.59614e-17,9.95682e-01,2.82874e-01,1.66187e-01,8.86161e-02
diode,dalg,ss,125,1.2,PASS,none,1.46493e-13,1.21460e-14,3.24794e-15,8.32926e-16,1.02995e+00,2.15186e-01,1.10777e-01,5.61662e-02
diode,dpsm,ss,125,1.2,PASS,none,1.91925e-15,2.78357e-16,7.84841e-17,2.03313e-17,1.61367e+00,3.53438e-01,1.81261e-01,9.13929e-02
diode,dplg,ss,125,1.2,PASS,none,1.71771e-13,2.11529e-14,5.68494e-15,1.44920e-15,1.52235e+00,3.08183e-01,1.54706e-01,7.74596e-02
diode,dasm,ss,125,1.8,PASS,none,1.58793e-15,1.82829e-16,5.87861e-17,1.62714e-17,1.03338e+00,2.89670e-01,1.69610e-01,9.03638e-02
diode,dalg,ss,125,1.8,PASS,none,1.45598e-13,1.31332e-14,3.52252e-15,9.03584e-16,1.12802e+00,2.34538e-01,1.20392e-01,6.09630e-02
diode,dpsm,ss,125,1.8,PASS,none,1.83955e-15,2.96795e-16,8.48068e-17,2.20620e-17,1.77489e+00,3.84476e-01,1.97003e-01,9.93239e-02
diode,dplg,ss,125,1.8,PASS,none,1.64656e-13,2.28676e-14,6.22662e-15,1.59309e-15,1.67858e+00,3.39287e-01,1.70286e-01,8.52579e-02
diode,dasm,ss,125,2.4,PASS,none,1.58709e-15,1.82447e-16,5.87697e-17,1.62842e-17,1.02947e+00,2.89159e-01,1.69613e-01,9.04446e-02
diode,dalg,ss,125,2.4,PASS,none,1.44131e-13,1.39295e-14,3.74784e-15,9.61813e-16,1.20902e+00,2.50522e-01,1.28330e-01,6.49220e-02
diode,dpsm,ss,125,2.4,PASS,none,1.77311e-15,3.11142e-16,8.99245e-17,2.34777e-17,1.90892e+00,4.10123e-01,2.09951e-01,1.05838e-01
diode,dplg,ss,125,2.4,PASS,none,1.58634e-13,2.42151e-14,6.67009e-15,1.71213e-15,1.80850e+00,3.65133e-01,1.83225e-01,9.17327e-02
diode,dasm,ss,125,3.0,PASS,none,1.58249e-15,1.78220e-16,5.76971e-17,1.60246e-17,9.86855e-01,2.81857e-01,1.66461e-01,8.89975e-02
diode,dalg,ss,125,3.0,PASS,none,1.42487e-13,1.45958e-14,3.93932e-15,1.01149e-15,1.27826e+00,2.64183e-01,1.35112e-01,6.83039e-02
diode,dpsm,ss,125,3.0,PASS,none,1.71667e-15,3.22853e-16,9.42570e-17,2.46877e-17,2.02481e+00,4.32226e-01,2.21070e-01,1.11426e-01
diode,dplg,ss,125,3.0,PASS,none,1.53476e-13,2.53225e-14,7.04847e-15,1.81467e-15,1.92089e+00,3.87485e-01,1.94409e-01,9.73288e-02
diode,dasm,ss,125,3.3,PASS,none,1.57673e-15,1.74749e-16,5.67949e-17,1.58009e-17,9.52202e-01,2.75859e-01,1.63798e-01,8.77487e-02
diode,dalg,ss,125,3.3,PASS,none,1.41654e-13,1.48909e-14,4.02505e-15,1.03379e-15,1.30939e+00,2.70324e-01,1.38160e-01,6.98237e-02
diode,dpsm,ss,125,3.3,PASS,none,1.69143e-15,3.27980e-16,9.62039e-17,2.52351e-17,2.07761e+00,4.42280e-01,2.26118e-01,1.13961e-01
diode,dplg,ss,125,3.3,PASS,none,1.51160e-13,2.58093e-14,7.21929e-15,1.86128e-15,1.97213e+00,3.97672e-01,1.99505e-01,9.98784e-02
diode,dasm,ff,-40,0.0,PASS,none,1.56577e-15,1.68764e-16,5.46266e-17,1.51395e-17,8.93471e-01,2.64550e-01,1.57062e-01,8.39937e-02
diode,dalg,ff,-40,0.0,PASS,none,1.43945e-13,1.00937e-14,2.69136e-15,6.90561e-16,8.33125e-01,1.76340e-01,9.14600e-02,4.65231e-02
diode,dpsm,ff,-40,0.0,PASS,none,2.05934e-15,2.37727e-16,6.53302e-17,1.67869e-17,1.29416e+00,2.90912e-01,1.49290e-01,7.52514e-02
diode,dplg,ff,-40,0.0,PASS,none,1.83596e-13,1.74560e-14,4.58426e-15,1.16122e-15,1.21230e+00,2.46346e-01,1.23695e-01,6.19328e-02
diode,dasm,ff,-40,0.3,PASS,none,1.58418e-15,1.77370e-16,5.70478e-17,1.57778e-17,9.78593e-01,2.79606e-01,1.64291e-01,8.75740e-02
diode,dalg,ff,-40,0.3,PASS,none,1.45868e-13,1.09630e-14,2.92502e-15,7.50203e-16,9.15447e-01,1.92588e-01,9.95435e-02,5.05597e-02
diode,dpsm,ff,-40,0.3,PASS,none,2.00679e-15,2.55209e-16,7.08542e-17,1.82648e-17,1.42687e+00,3.16919e-01,1.62593e-01,8.19659e-02
diode,dplg,ff,-40,0.3,PASS,none,1.79297e-13,1.90384e-14,5.04542e-15,1.28121e-15,1.34121e+00,2.72061e-01,1.36592e-01,6.83896e-02
diode,dasm,ff,-40,0.6,PASS,none,1.58990e-15,1.84395e-16,5.90385e-17,1.63026e-17,1.04942e+00,2.92113e-01,1.70262e-01,9.05205e-02
diode,dalg,ff,-40,0.6,PASS,none,1.46489e-13,1.16708e-14,3.11749e-15,7.99461e-16,9.83588e-01,2.06037e-01,1.06230e-01,5.38970e-02
diode,dpsm,ff,-40,0.6,PASS,none,1.95710e-15,2.68943e-16,7.53073e-17,1.94647e-17,1.53673e+00,3.38215e-01,1.73437e-01,8.74331e-02
diode,dplg,ff,-40,0.6,PASS,none,1.75016e-13,2.02976e-14,5.42245e-15,1.37998e-15,1.44780e+00,2.93297e-01,1.47235e-01,7.37177e-02
diode,dasm,ff,-40,0.9,PASS,none,1.58913e-15,1.90341e-16,6.07368e-17,1.67506e-17,1.11040e+00,3.02868e-01,1.75377e-01,9.30388e-02
diode,dalg,ff,-40,0.9,PASS,none,1.46444e-13,1.22721e-14,3.28273e-15,8.41858e-16,1.04234e+00,2.17631e-01,1.11992e-01,5.67721e-02
diode,dpsm,ff,-40,0.9,PASS,none,1.91169e-15,2.80287e-16,7.90734e-17,2.04861e-17,1.63150e+00,3.56468e-01,1.82699e-01,9.20987e-02
diode,dplg,ff,-40,0.9,PASS,none,1.71009e-13,2.13466e-14,5.74435e-15,1.46484e-15,1.53971e+00,3.11595e-01,1.56401e-01,7.83055e-02
diode,dasm,ff,-40,1.2,PASS,none,1.58480e-15,1.95504e-16,6.22230e-17,1.71430e-17,1.16416e+00,3.12342e-01,1.79870e-01,9.52471e-02
diode,dalg,ff,-40,1.2,PASS,none,1.46028e-13,1.27970e-14,3.42841e-15,8.79327e-16,1.09434e+00,2.27892e-01,1.17089e-01,5.93153e-02
diode,dpsm,ff,-40,1.2,PASS,none,1.87043e-15,2.89956e-16,8.23556e-17,2.13816e-17,1.71543e+00,3.72565e-01,1.90845e-01,9.61986e-02
diode,dplg,ff,-40,1.2,PASS,none,1.67320e-13,2.22464e-14,6.02688e-15,1.53976e-15,1.62109e+00,3.27789e-01,1.64511e-01,8.23639e-02
diode,dasm,ff,-40,1.8,PASS,none,1.57107e-15,2.04120e-16,6.47315e-17,1.78068e-17,1.25569e+00,3.28462e-01,1.87492e-01,9.89865e-02
diode,dalg,ff,-40,1.8,PASS,none,1.44643e-13,1.36859e-14,3.67844e-15,9.43839e-16,1.18404e+00,2.45592e-01,1.25879e-01,6.36993e-02
diode,dpsm,ff,-40,1.8,PASS,none,1.79861e-15,3.05839e-16,8.79134e-17,2.29102e-17,1.86032e+00,4.00244e-01,2.04807e-01,1.03220e-01
diode,dplg,ff,-40,1.8,PASS,none,1.60822e-13,2.37348e-14,6.50901e-15,1.66864e-15,1.76160e+00,3.55738e-01,1.78501e-01,8.93644e-02
diode,dasm,ff,-40,2.4,PASS,none,1.55516e-15,2.10997e-16,6.67645e-17,1.83465e-17,1.33051e+00,3.41636e-01,1.93709e-01,1.02032e-01
diode,dalg,ff,-40,2.4,PASS,none,1.42942e-13,1.44249e-14,3.88984e-15,9.98613e-16,1.26037e+00,2.60651e-01,1.33355e-01,6.74270e-02
diode,dpsm,ff,-40,2.4,PASS,none,1.73810e-15,3.18580e-16,9.25463e-17,2.41974e-17,1.98374e+00,4.23747e-01,2.16622e-01,1.09154e-01
diode,dplg,ff,-40,2.4,PASS,none,1.55296e-13,2.49371e-14,6.91404e-15,1.77800e-15,1.88136e+00,3.79550e-01,1.90415e-01,9.53251e-02
diode,dasm,ff,-40,3.0,PASS,none,1.54016e-15,2.16364e-16,6.83758e-17,1.87762e-17,1.39009e+00,3.52134e-01,1.98665e-01,1.04461e-01
diode,dalg,ff,-40,3.0,PASS,none,1.41154e-13,1.50594e-14,4.07415e-15,1.04655e-15,1.32729e+00,2.73855e-01,1.39909e-01,7.06939e-02
diode,dpsm,ff,-40,3.0,PASS,none,1.68618e-15,3.29182e-16,9.65410e-17,2.53176e-17,2.09210e+00,4.44347e-01,2.26949e-01,1.14337e-01
diode,dplg,ff,-40,3.0,PASS,none,1.50529e-13,2.59426e-14,7.26531e-15,1.87373e-15,1.98658e+00,4.00470e-01,2.00878e-01,1.00559e-01
diode,dasm,ff,-40,3.3,PASS,none,1.53376e-15,2.18450e-16,6.90108e-17,1.89465e-17,1.41354e+00,3.56275e-01,2.00627e-01,1.05425e-01
diode,dalg,ff,-40,3.3,PASS,none,1.40260e-13,1.53461e-14,4.15837e-15,1.06852e-15,1.35800e+00,2.79912e-01,1.42915e-01,7.21922e-02
diode,dpsm,ff,-40,3.3,PASS,none,1.66281e-15,3.33872e-16,9.83541e-17,2.58294e-17,2.14188e+00,4.53804e-01,2.31683e-01,1.16711e-01
diode,dplg,ff,-40,3.3,PASS,none,1.48376e-13,2.63890e-14,7.42531e-15,1.91762e-15,2.03496e+00,4.10088e-01,2.05687e-01,1.02965e-01
diode,dasm,ff,27,0.0,PASS,none,1.54631e-15,1.63201e-16,5.30569e-17,1.47231e-17,8.39366e-01,2.54939e-01,1.52387e-01,8.16598e-02
diode,dalg,ff,27,0.0,PASS,none,1.41938e-13,9.53606e-15,2.54273e-15,6.52680e-16,7.81029e-01,1.66053e-01,8.63355e-02,4.39615e-02
diode,dpsm,ff,27,0.0,PASS,none,2.08959e-15,2.24988e-16,6.13191e-17,1.57144e-17,1.20494e+00,2.72505e-01,1.39708e-01,7.03890e-02
diode,dplg,ff,27,0.0,PASS,none,1.85687e-13,1.63506e-14,4.26851e-15,1.07948e-15,1.12547e+00,2.28924e-01,1.14934e-01,5.75423e-02
diode,dasm,ff,27,0.3,PASS,none,1.57441e-15,1.72055e-16,5.55503e-17,1.53830e-17,9.25811e-01,2.70274e-01,1.59816e-01,8.53590e-02
diode,dalg,ff,27,0.3,PASS,none,1.44992e-13,1.04892e-14,2.79723e-15,7.17546e-16,8.70402e-01,1.83696e-01,9.51178e-02,4.83488e-02
diode,dpsm,ff,27,0.3,PASS,none,2.04021e-15,2.44888e-16,6.75129e-17,1.73641e-17,1.34963e+00,3.01311e-01,1.54511e-01,7.78693e-02
diode,dplg,ff,27,0.3,PASS,none,1.81961e-13,1.81231e-14,4.77640e-15,1.21105e-15,1.26623e+00,2.57053e-01,1.29051e-01,6.46116e-02
diode,dasm,ff,27,0.6,PASS,none,1.58650e-15,1.79304e-16,5.75985e-17,1.59237e-17,9.97962e-01,2.83036e-01,1.65943e-01,8.83932e-02
diode,dalg,ff,27,0.6,PASS,none,1.46211e-13,1.12463e-14,3.00172e-15,7.69803e-16,9.42591e-01,1.97945e-01,1.02205e-01,5.18872e-02
diode,dpsm,ff,27,0.6,PASS,none,1.99074e-15,2.59995e-16,7.23356e-17,1.86579e-17,1.46626e+00,3.24133e-01,1.66171e-01,8.37531e-02
diode,dplg,ff,27,0.6,PASS,none,1.77831e-13,1.94937e-14,5.18000e-15,1.31633e-15,1.37949e+00,2.79641e-01,1.40378e-01,7.02824e-02
diode,dasm,ff,27,0.9,PASS,none,1.59002e-15,1.85226e-16,5.92841e-17,1.63690e-17,1.05788e+00,2.93624e-01,1.71005e-01,9.08945e-02
diode,dalg,ff,27,0.9,PASS,none,1.46529e-13,1.18798e-14,3.17466e-15,8.14108e-16,1.00391e+00,2.10047e-01,1.08221e-01,5.48899e-02
diode,dpsm,ff,27,0.9,PASS,none,1.94471e-15,2.72236e-16,7.63359e-17,1.97379e-17,1.56532e+00,3.43332e-01,1.75941e-01,8.86777e-02
diode,dplg,ff,27,0.9,PASS,none,1.73839e-13,2.06167e-14,5.51896e-15,1.40531e-15,1.47560e+00,2.98788e-01,1.49974e-01,7.50858e-02
diode,dasm,ff,27,1.2,PASS,none,1.58911e-15,1.90167e-16,6.07015e-17,1.67439e-17,1.10859e+00,3.02579e-01,1.75278e-01,9.30029e-02
diode,dalg,ff,27,1.2,PASS,none,1.46356e-13,1.24273e-14,3.32562e-15,8.52869e-16,1.05765e+00,2.20651e-01,1.13490e-01,5.75193e-02
diode,dpsm,ff,27,1.2,PASS,none,1.90261e-15,2.82544e-16,7.97790e-17,2.06731e-17,1.65215e+00,3.60062e-01,1.84427e-01,9.29518e-02
diode,dplg,ff,27,1.2,PASS,none,1.70117e-13,2.15699e-14,5.81330e-15,1.48303e-15,1.55982e+00,3.15555e-01,1.58373e-01,7.92896e-02
diode,dasm,ff,27,1.8,PASS,none,1.58172e-15,1.97756e-16,6.29052e-17,1.73289e-17,1.18784e+00,3.16580e-01,1.81955e-01,9.62968e-02
diode,dalg,ff,27,1.8,PASS,none,1.45267e-13,1.33453e-14,3.58207e-15,9.18932e-16,1.14941e+00,2.38758e-01,1.22485e-01,6.20059e-02
diode,dpsm,ff,27,1.8,PASS,none,1.82908e-15,2.99290e-16,8.55420e-17,2.22509e-17,1.80058e+00,3.88510e-01,1.98805e-01,1.00186e-01
diode,dplg,ff,27,1.8,PASS,none,1.63513e-13,2.31311e-14,6.31050e-15,1.61535e-15,1.70377e+00,3.44200e-01,1.72714e-01,8.64666e-02
diode,dasm,ff,27,2.4,PASS,none,1.57347e-15,2.02672e-16,6.43630e-17,1.77194e-17,1.24012e+00,3.25845e-01,1.86402e-01,9.84995e-02
diode,dalg,ff,27,2.4,PASS,none,1.43742e-13,1.41011e-14,3.79677e-15,9.74466e-16,1.22672e+00,2.54012e-01,1.30059e-01,6.57830e-02
diode,dpsm,ff,27,2.4,PASS,none,1.76709e-15,3.12599e-16,9.02980e-17,2.35661e-17,1.92593e+00,4.12429e-01,2.10849e-01,1.06238e-01
diode,dplg,ff,27,2.4,PASS,none,1.57878e-13,2.43817e-14,6.72451e-15,1.72664e-15,1.82539e+00,3.68387e-01,1.84818e-01,9.25229e-02
diode,dasm,ff,27,3.0,PASS,none,1.56891e-15,2.04813e-16,6.50328e-17,1.79047e-17,1.26313e+00,3.29991e-01,1.88470e-01,9.95489e-02
diode,dalg,ff,27,3.0,PASS,none,1.42075e-13,1.47449e-14,3.98243e-15,1.02267e-15,1.29395e+00,2.67276e-01,1.36643e-01,6.90656e-02
diode,dpsm,ff,27,3.0,PASS,none,1.71392e-15,3.23612e-16,9.43732e-17,2.47033e-17,2.03537e+00,4.33264e-01,2.21310e-01,1.11490e-01
diode,dplg,ff,27,3.0,PASS,none,1.53012e-13,2.54226e-14,7.08158e-15,1.82349e-15,1.93164e+00,3.89514e-01,1.95387e-01,9.78102e-02
diode,dasm,ff,27,3.3,PASS,none,1.56895e-15,2.04687e-16,6.50262e-17,1.79086e-17,1.26177e+00,3.29819e-01,1.88469e-01,9.95739e-02
diode,dalg,ff,27,3.3,PASS,none,1.41231e-13,1.50340e-14,4.06670e-15,1.04461e-15,1.32459e+00,2.73321e-01,1.39643e-01,7.05612e-02
diode,dpsm,ff,27,3.3,PASS,none,1.69000e-15,3.28471e-16,9.62166e-17,2.52210e-17,2.08549e+00,4.42796e-01,2.26087e-01,1.13887e-01
diode,dplg,ff,27,3.3,PASS,none,1.50815e-13,2.58835e-14,7.24374e-15,1.86776e-15,1.98034e+00,3.99196e-01,2.00229e-01,1.00232e-01
diode,dasm,ff,125,0.0,PASS,none,1.50975e-15,1.55730e-16,5.09125e-17,1.41463e-17,7.67830e-01,2.42128e-01,1.46002e-01,7.84254e-02
diode,dalg,ff,125,0.0,PASS,none,1.38166e-13,8.78707e-15,2.34422e-15,6.02092e-16,7.11865e-01,1.52390e-01,7.95095e-02,4.05428e-02
diode,dpsm,ff,125,0.0,PASS,none,2.11572e-15,2.07812e-16,5.60395e-17,1.43133e-17,1.09042e+00,2.48523e-01,1.27215e-01,6.40522e-02
diode,dplg,ff,125,0.0,PASS,none,1.86942e-13,1.48870e-14,3.85863e-15,9.73915e-16,1.01377e+00,2.06468e-01,1.03639e-01,5.18823e-02
diode,dasm,ff,125,0.3,PASS,none,1.54631e-15,1.63300e-16,5.31454e-17,1.47572e-17,8.40249e-01,2.55210e-01,1.52680e-01,8.18560e-02
diode,dalg,ff,125,0.3,PASS,none,1.43518e-13,9.95865e-15,2.65514e-15,6.81303e-16,8.20457e-01,1.73837e-01,9.02096e-02,4.58968e-02
diode,dpsm,ff,125,0.3,PASS,none,2.06869e-15,2.34235e-16,6.42073e-17,1.64847e-17,1.26984e+00,2.85782e-01,1.46596e-01,7.38798e-02
diode,dplg,ff,125,0.3,PASS,none,1.84249e-13,1.71570e-14,4.49811e-15,1.13887e-15,1.18865e+00,2.41588e-01,1.21299e-01,6.07312e-02
diode,dasm,ff,125,0.6,PASS,none,1.56972e-15,1.70361e-16,5.51477e-17,1.52900e-17,9.09053e-01,2.67450e-01,1.58653e-01,8.48442e-02
diode,dalg,ff,125,0.6,PASS,none,1.45670e-13,1.08347e-14,2.89029e-15,7.41314e-16,9.03208e-01,1.90172e-01,9.83395e-02,4.99578e-02
diode,dpsm,ff,125,0.6,PASS,none,2.01557e-15,2.52538e-16,7.00099e-17,1.80390e-17,1.40581e+00,3.12889e-01,1.60552e-01,8.09390e-02
diode,dplg,ff,125,0.6,PASS,none,1.80052e-13,1.87921e-14,4.97286e-15,1.26228e-15,1.32076e+00,2.67992e-01,1.34554e-01,6.73700e-02
diode,dasm,ff,125,0.9,PASS,none,1.58056e-15,1.75456e-16,5.66052e-17,1.56789e-17,9.59405e-01,2.76407e-01,1.63019e-01,8.70275e-02
diode,dalg,ff,125,0.9,PASS,none,1.46435e-13,1.15448e-14,3.08306e-15,7.90635e-16,9.71383e-01,2.03628e-01,1.05031e-01,5.32987e-02
diode,dpsm,ff,125,0.9,PASS,none,1.96525e-15,2.66726e-16,7.46184e-17,1.92820e-17,1.51761e+00,3.34796e-01,1.71763e-01,8.66010e-02
diode,dplg,ff,125,0.9,PASS,none,1.75788e-13,2.00828e-14,5.35783e-15,1.36304e-15,1.42923e+00,2.89628e-01,1.45405e-01,7.28035e-02
diode,dasm,ff,125,1.2,PASS,none,1.58543e-15,1.79088e-16,5.76580e-17,1.59614e-17,9.95682e-01,2.82874e-01,1.66187e-01,8.86161e-02
diode,dalg,ff,125,1.2,PASS,none,1.46493e-13,1.21460e-14,3.24794e-15,8.32926e-16,1.02995e+00,2.15186e-01,1.10777e-01,5.61662e-02
diode,dpsm,ff,125,1.2,PASS,none,1.91925e-15,2.78357e-16,7.84841e-17,2.03313e-17,1.61367e+00,3.53438e-01,1.81261e-01,9.13929e-02
diode,dplg,ff,125,1.2,PASS,none,1.71771e-13,2.11529e-14,5.68494e-15,1.44920e-15,1.52235e+00,3.08183e-01,1.54706e-01,7.74596e-02
diode,dasm,ff,125,1.8,PASS,none,1.58793e-15,1.82829e-16,5.87861e-17,1.62714e-17,1.03338e+00,2.89670e-01,1.69610e-01,9.03638e-02
diode,dalg,ff,125,1.8,PASS,none,1.45598e-13,1.31332e-14,3.52252e-15,9.03584e-16,1.12802e+00,2.34538e-01,1.20392e-01,6.09630e-02
diode,dpsm,ff,125,1.8,PASS,none,1.83955e-15,2.96795e-16,8.48068e-17,2.20620e-17,1.77489e+00,3.84476e-01,1.97003e-01,9.93239e-02
diode,dplg,ff,125,1.8,PASS,none,1.64656e-13,2.28676e-14,6.22662e-15,1.59309e-15,1.67858e+00,3.39287e-01,1.70286e-01,8.52579e-02
diode,dasm,ff,125,2.4,PASS,none,1.58709e-15,1.82447e-16,5.87697e-17,1.62842e-17,1.02947e+00,2.89159e-01,1.69613e-01,9.04446e-02
diode,dalg,ff,125,2.4,PASS,none,1.44131e-13,1.39295e-14,3.74784e-15,9.61813e-16,1.20902e+00,2.50522e-01,1.28330e-01,6.49220e-02
diode,dpsm,ff,125,2.4,PASS,none,1.77311e-15,3.11142e-16,8.99245e-17,2.34777e-17,1.90892e+00,4.10123e-01,2.09951e-01,1.05838e-01
diode,dplg,ff,125,2.4,PASS,none,1.58634e-13,2.42151e-14,6.67009e-15,1.71213e-15,1.80850e+00,3.65133e-01,1.83225e-01,9.17327e-02
diode,dasm,ff,125,3.0,PASS,none,1.58249e-15,1.78220e-16,5.76971e-17,1.60246e-17,9.86855e-01,2.81857e-01,1.66461e-01,8.89975e-02
diode,dalg,ff,125,3.0,PASS,none,1.42487e-13,1.45958e-14,3.93932e-15,1.01149e-15,1.27826e+00,2.64183e-01,1.35112e-01,6.83039e-02
diode,dpsm,ff,125,3.0,PASS,none,1.71667e-15,3.22853e-16,9.42570e-17,2.46877e-17,2.02481e+00,4.32226e-01,2.21070e-01,1.11426e-01
diode,dplg,ff,125,3.0,PASS,none,1.53476e-13,2.53225e-14,7.04847e-15,1.81467e-15,1.92089e+00,3.87485e-01,1.94409e-01,9.73288e-02
diode,dasm,ff,125,3.3,PASS,none,1.57673e-15,1.74749e-16,5.67949e-17,1.58009e-17,9.52202e-01,2.75859e-01,1.63798e-01,8.77487e-02
diode,dalg,ff,125,3.3,PASS,none,1.41654e-13,1.48909e-14,4.02505e-15,1.03379e-15,1.30939e+00,2.70324e-01,1.38160e-01,6.98237e-02
diode,dpsm,ff,125,3.3,PASS,none,1.69143e-15,3.27980e-16,9.62039e-17,2.52351e-17,2.07761e+00,4.42280e-01,2.26118e-01,1.13961e-01
diode,dplg,ff,125,3.3,PASS,none,1.51160e-13,2.58093e-14,7.21929e-15,1.86128e-15,1.97213e+00,3.97672e-01,1.99505e-01,9.98784e-02
